company_id,company_name,report_year,source_file,category,keyword,search_variant,page_number,matched_text,context
001,Barclays plc,2025,001_barclays_plc_annual_report_2025.txt,AI and related technologies,artificial intelligence,artificial intelligence,42,artificial intelligence,"class customer experience; and delivering best You can find out more about how the Directors have had regard to the matters set out in Section embracing artificial intelligence (AI) and other new in classservicecustomer 172(1) when discharging their duties, and the technologies in"
001,Barclays plc,2025,001_barclays_plc_annual_report_2025.txt,AI and related technologies,artificial intelligence,artificial intelligence,62,artificial intelligence,"ds (including business or operations; the use of newor current facts. Forward-looking statements emissions accounting methodologies); changes technology, including artificial intelligence; thesometimes use words such as ‘may’, ‘will’, ‘seek’, in tax laws and practice; the outcome of current Group’s ability to access funding; and the success‘"
001,Barclays plc,2025,001_barclays_plc_annual_report_2025.txt,AI and related technologies,artificial intelligence,artificial intelligence,109,artificial intelligence,"ustainability reporting standards (including business or operations; the use of new ‘continue’, ‘aim’, ‘anticipate’, ‘target’, ‘projected’, emissions accounting methodologies); changes technology, including artificial intelligence; the ‘expect’, ‘estimate’, ‘intend’, ‘plan’, ‘goal’, ‘believe’, in tax laws and practice; the outcome of current Group’s ability to access funding; and the success ‘achieve’ or other words of similar meaning."
001,Barclays plc,2025,001_barclays_plc_annual_report_2025.txt,AI and related technologies,artificial intelligence,artificial intelligence,183,Artificial Intelligence,"al Control, and standardisation of cost reporting effectiveness and efficiency activities, with further potential to simplify and automate in the future. • Launched nine Artificial Intelligence and Machine Learning initiatives in the Group Finance function, delivering measurable benefits, with many more use cases in the pipeline. Oversee the effective • Group Fina"
001,Barclays plc,2025,001_barclays_plc_annual_report_2025.txt,AI and related technologies,artificial intelligence,artificial intelligence,232,artificial intelligence,"ordinary shareholders. legacy businesses; and (v) the extent to x) Evolving landscape with respect to Shareholders and creditors should assume which contingent risks arise in the acquired artificial intelligence (including that, in a resolution situation, public business. generative and agentic artificial"
001,Barclays plc,2025,001_barclays_plc_annual_report_2025.txt,AI and related technologies,artificial intelligence,artificial intelligence,233,Artificial Intelligence,"ntravention Order Removing Barriers to American and compliance with existing and futureof agreements with the Group, inputting Leadership in Artificial Intelligence which laws and regulations, and “Cyber attacks”the Group’s confidential or proprietary prioritises deregulation, several state"
001,Barclays plc,2025,001_barclays_plc_annual_report_2025.txt,AI and related technologies,artificial intelligence,artificial intelligence,233,artificial intelligence,"risks relating to AI technologies.development, training or fine-tuning of the enacted regulations concerning the use of tool from unlawful sources or in an artificial intelligence technologies. Material existing and emerging otherwise unlawful manner or These include the California Transparency risks impacting individualimplementing the roll-out of ne"
001,Barclays plc,2025,001_barclays_plc_annual_report_2025.txt,AI and related technologies,artificial intelligence,artificial intelligence,233,Artificial Intelligence,"anner or These include the California Transparency risks impacting individualimplementing the roll-out of new AI tools in Frontier Artificial Intelligence Act, the principal risksor functionalities without the Group’s Utah Artificial Intelligence Consumer i) Climate riskapproval. See “supplier exposure” for more"
001,Barclays plc,2025,001_barclays_plc_annual_report_2025.txt,AI and related technologies,artificial intelligence,artificial intelligence,233,Artificial Intelligence,"-out of new AI tools in Frontier Artificial Intelligence Act, the principal risksor functionalities without the Group’s Utah Artificial Intelligence Consumer i) Climate riskapproval. See “supplier exposure” for more Protection Amendments, the updated Climate risk is the risk of financial lossesinformatio"
001,Barclays plc,2025,001_barclays_plc_annual_report_2025.txt,AI and related technologies,artificial intelligence,artificial intelligence,238,artificial intelligence,"“Evolving landscape with respect to The Group holds and processes largesome other jurisdictions on the need for a artificial intelligence (including generative volumes of data, including personalcertain level of human inventorship. and agentic artificial intelligence) (AI) and information, financial data and oth"
001,Barclays plc,2025,001_barclays_plc_annual_report_2025.txt,AI and related technologies,artificial intelligence,artificial intelligence,238,artificial intelligence,"artificial intelligence (including generative volumes of data, including personalcertain level of human inventorship. and agentic artificial intelligence) (AI) and information, financial data and otherAdditionally, inventions or works of machine learning technologies,” “Model confidential information, and the Group’sauthorsh"
001,Barclays plc,2025,001_barclays_plc_annual_report_2025.txt,AI and related technologies,artificial intelligence,artificial intelligence,239,artificial intelligence,"tigation, intelligence (including generative and process transactions or provide banking regulatory or other government action agentic artificial intelligence) (AI) and and payment services. (including significant regulatory fines) and machine learning technologies” and “New require changes to certain operations or and emergent technology”."
001,Barclays plc,2025,001_barclays_plc_annual_report_2025.txt,AI and related technologies,artificial intelligence,artificial intelligence,240,artificial intelligence,"labour, immigration and related policies in intelligence (including generative and the jurisdictions in which the Group agentic artificial intelligence) (AI) and operates), regulatory factors (including machine learning technologies”, “New and"
001,Barclays plc,2025,001_barclays_plc_annual_report_2025.txt,AI and related technologies,artificial intelligence,artificial intelligence,253,Artificial Intelligence,"local entity Board Risk Committee(s). firm. end management of model risk. In addition, the Model Strategy and Overview The Artificial Intelligence (AI) Policy lays out Oversight (MSO) Team, which is a first line Compliance Risk incorporates wholesale"
001,Barclays plc,2025,001_barclays_plc_annual_report_2025.txt,AI and related technologies,artificial intelligence,artificial intelligence,342,Artificial Intelligence,"work principles and design. financing) - to a principal risk within the plans were assessed and businesses• Introduced Artificial Intelligence(AI) Enterprise Risk Management Framework ensured that driving good outcomes for Standard in support of the AI Policy,"
001,Barclays plc,2025,001_barclays_plc_annual_report_2025.txt,AI and related technologies,artificial intelligence,artificial intelligence,355,Artificial intelligence,uch systems do not undertakings for breaches of consumer discriminate against applicants or Artificial intelligence law. The Advertising Standards Authority is employees on the basis of protected A number of jurisdictions whe
001,Barclays plc,2025,001_barclays_plc_annual_report_2025.txt,AI and related technologies,artificial intelligence,artificial intelligence,355,artificial intelligence,"ng adopting new laws direct marketing in the UK, and has also results. Notably, however, in December regulating artificial intelligence (AI). been focusing on greenwashing, including 2025, President Trump signed an"
001,Barclays plc,2025,001_barclays_plc_annual_report_2025.txt,AI and related technologies,artificial intelligence,artificial intelligence,355,Artificial Intelligence,"uding 2025, President Trump signed an investigating and making rulings againstThe EU’s Artificial Intelligence Act (EU AI executive order outlining various plans to advertisements from financial servicesAct), which entered into force on 1 Augus"
001,Barclays plc,2025,001_barclays_plc_annual_report_2025.txt,AI and related technologies,artificial intelligence,artificial intelligence,382,Artificial Intelligence,al period which requires a tender 31 December 2027and analytics tools across our audit. We continue to expand our use of accredited Tenure of Group engagement partner 4 years Artificial Intelligence based solutions into Average tenure of component engagement partners 3 years our audit process. We have also continued to innovate our audit of the estimation of
001,Barclays plc,2025,001_barclays_plc_annual_report_2025.txt,AI and related technologies,artificial intelligence,artificial intelligence,493,artificial intelligence,"riting, but also may be made verbally by business or operations; the use of new technology, point in time. directors, officers and employees of the Group including artificial intelligence; the Group’s ability to Relevant terms that are used in this document, but (including during management presentations) in access funding; and the success of acquisitions, are not defined under applicable regula"
001,Barclays plc,2025,001_barclays_plc_annual_report_2025.txt,AI and related technologies,AI,AI,6,AI,"rough 2025 with rapid We are guided by our Values, with an abiding Facts and figures this landscape. We continued to help customers advances in AI, technology continues to be a commitment to be a fair and inclusive manage their money and supported businesses major force of change in the global economy, organisa"
001,Barclays plc,2025,001_barclays_plc_annual_report_2025.txt,AI and related technologies,AI,AI,6,AI,"bringing both opportunity and risk. Barclays is change to focus on ‘Inclusion and Opportunity’ small businesses in the UK and supported adopting AI responsibly, harnessing it as a lever in our ongoing effort to promote and embed a 146,000 mortgage completions, including to enhance efficiency in routine ban"
001,Barclays plc,2025,001_barclays_plc_annual_report_2025.txt,AI and related technologies,AI,AI,7,AI,"to deepen our grasp of the opportunities and challenges as we work towards capital markets and digital assets. As part of this sponsorships continue to have a positive and culture of change driving the AI revolution. Such our new targets, continue to adapt to the we must push for alignment and interoperability lasting impact on society. Over 90% of schools engagement continues to prove invaluable to our cha"
001,Barclays plc,2025,001_barclays_plc_annual_report_2025.txt,AI and related technologies,AI,AI,9,AI,"we also announced Across the Group, we are investing in advanced Simpler into the three-highest returning UK businesses our expansion into Saudi Arabia, a fast-growing technology, data analytics and AI, improving since 2024, and keeping RWAs in the Investment market for institutional clients. operational efficiency and customer service. At the Simpler business Bank stable for the four"
001,Barclays plc,2025,001_barclays_plc_annual_report_2025.txt,AI and related technologies,AI,AI,11,AI,Macroeconomic Climate Technology Regulatory • Ongoing geopolitical conflicts • Economic uncertainty and • Energy transition and security • Adoption of AI and increasing • Regulatory divergence subsequent volatility cyber security threats • Rising protectionism and
001,Barclays plc,2025,001_barclays_plc_annual_report_2025.txt,AI and related technologies,AI,AI,12,AI,"£m) Providing support to our communities, Moving and access to social and environmental Our AI-enabled technology and infrastructure capabilities enhance We facilitate transactions and move A Barclays UK 3,413 financing to address societal needs."
001,Barclays plc,2025,001_barclays_plc_annual_report_2025.txt,AI and related technologies,AI,AI,13,AI,"Empowering our colleagues For customers and businesses, our investment Our teams have access to modern tools like translates into real benefits. AI Help Hub Assistant Copilot and the Barclays AI platform to help them AI for colleagues In Barclays UK, our newly introduced AI-"
001,Barclays plc,2025,001_barclays_plc_annual_report_2025.txt,AI and related technologies,AI,AI,13,AI,"vestment Our teams have access to modern tools like translates into real benefits. AI Help Hub Assistant Copilot and the Barclays AI platform to help them AI for colleagues In Barclays UK, our newly introduced AI- make better decisions, collaborate more M365 Copilot i"
001,Barclays plc,2025,001_barclays_plc_annual_report_2025.txt,AI and related technologies,AI,AI,13,AI,"Our teams have access to modern tools like translates into real benefits. AI Help Hub Assistant Copilot and the Barclays AI platform to help them AI for colleagues In Barclays UK, our newly introduced AI- make better decisions, collaborate more M365 Copilot is Microsoft's AI-powered Fr"
001,Barclays plc,2025,001_barclays_plc_annual_report_2025.txt,AI and related technologies,AI,AI,13,AI,"AI Help Hub Assistant Copilot and the Barclays AI platform to help them AI for colleagues In Barclays UK, our newly introduced AI- make better decisions, collaborate more M365 Copilot is Microsoft's AI-powered From more intuitive digital experiences that powered Help Hub Assistant sup"
001,Barclays plc,2025,001_barclays_plc_annual_report_2025.txt,AI and related technologies,AI,AI,13,AI,"elp them AI for colleagues In Barclays UK, our newly introduced AI- make better decisions, collaborate more M365 Copilot is Microsoft's AI-powered From more intuitive digital experiences that powered Help Hub Assistant supports effectively across regions and focus on higher assistant and"
001,Barclays plc,2025,001_barclays_plc_annual_report_2025.txt,AI and related technologies,AI,AI,13,AI,"entation gives colleagues instant access to accurate addition, we’re investing in our Barclays AI accounts safe, and richer market insights to help and collaboration. Through hackathons, demos information as they s"
001,Barclays plc,2025,001_barclays_plc_annual_report_2025.txt,AI and related technologies,AI,AI,13,AI,"services for the responsible development, 20,000 colleagues, empowering them to Technology, including AI, is enabling us to deliver deployment and operation of AI solutions."
001,Barclays plc,2025,001_barclays_plc_annual_report_2025.txt,AI and related technologies,AI,AI,13,AI,"to Technology, including AI, is enabling us to deliver deployment and operation of AI solutions. experiment to deliver scalable solutions that drive seamless, connected services that anticipate"
001,Barclays plc,2025,001_barclays_plc_annual_report_2025.txt,AI and related technologies,AI,AI,13,AI,"We’re working with leading technology partners, our estate by investing in enterprise-wide Hybrid cloud strategy including Amazon Web Services, Microsoft, AI for engineers platforms across infrastructure, data and digital. Our hybrid cloud strategy - where we use GitLab and Databricks, to harness data, digital Through our partnerships we’re embracing"
001,Barclays plc,2025,001_barclays_plc_annual_report_2025.txt,AI and related technologies,AI,AI,13,AI,"we use GitLab and Databricks, to harness data, digital Through our partnerships we’re embracing both internal and external services - helps to and AI. AI across our software development tools to This focus on common platform adoption is build resilience, reliabil"
001,Barclays plc,2025,001_barclays_plc_annual_report_2025.txt,AI and related technologies,AI,AI,13,AI,"ss data, digital Through our partnerships we’re embracing both internal and external services - helps to and AI. AI across our software development tools to This focus on common platform adoption is build resilience, reliability, agility, and"
001,Barclays plc,2025,001_barclays_plc_annual_report_2025.txt,AI and related technologies,AI,AI,13,AI,"enable developers to plan, develop and supported by decommissioning legacy platforms These collaborations also shape thinking on AI, improved operational performance across deploy new technologies at pace and to reduce technology debt, complex"
001,Barclays plc,2025,001_barclays_plc_annual_report_2025.txt,AI and related technologies,AI,AI,13,AI,"5 Barclays was recognised as one of our estate in the cloud. This hybrid multi- developers have access to AI tools, with of the inaugural Frontier Firms – an initiative by"
001,Barclays plc,2025,001_barclays_plc_annual_report_2025.txt,AI and related technologies,AI,AI,13,AI,"productivity gains of c.15%. together organisations putting AI at the heart of growth, underpinning our data, AI and digital-"
001,Barclays plc,2025,001_barclays_plc_annual_report_2025.txt,AI and related technologies,AI,AI,13,AI,"together organisations putting AI at the heart of growth, underpinning our data, AI and digital- their transformation strategy. pl"
001,Barclays plc,2025,001_barclays_plc_annual_report_2025.txt,AI and related technologies,AI,AI,14,AI,Continue to improve performance Capital allocation to our highest a clear plan to achieve these objectives Digital and AI enabling revenue across all our businesses returning businesses and deliver further value for shareholders growth
001,Barclays plc,2025,001_barclays_plc_annual_report_2025.txt,AI and related technologies,AI,AI,18,AI,"highest since we exclusive benefits such as concerts, theatre members to get onto the property ladder beyond AI and innovation will play a key role, helping us began tracking Premier NPS in 2016 and up tickets and family activities to Premier just helping with a deposit – another op"
001,Barclays plc,2025,001_barclays_plc_annual_report_2025.txt,AI and related technologies,AI,AI,21,AI,"geopolitical volatility, and strong tailwinds driven the UK and Crown Dependencies – and PBWM International, by AI – investors looked to take advantage of serving high- and ultra-high-net worth clients in selected volatility spikes while diversifying risk. For PBWM,"
001,Barclays plc,2025,001_barclays_plc_annual_report_2025.txt,AI and related technologies,AI,AI,22,AI,maintained their strong underlying productivity and generative AI (GenAI) capabilities long-term investment performance.
001,Barclays plc,2025,001_barclays_plc_annual_report_2025.txt,AI and related technologies,AI,AI,24,AI,"lso streamlining operations, reducing legacy In Global Markets, we remain focused on raised c.£400m through both the research firm and #3 for developed markets. We systems, and leveraging AI to scale and innovate. executing our key product priorities while issuance of new shares and the sale of continue to expand our Barclays conference and delivering our full suite of products and"
001,Barclays plc,2025,001_barclays_plc_annual_report_2025.txt,AI and related technologies,AI,AI,25,AI,"offers GM customers USD terms income and profit before tax were up brands across the airline, travel, retail and • Investing in digitisation and AI to deliver access to the new GM Rewards™ 14% and 31% respectively, year on year. affinity sect"
001,Barclays plc,2025,001_barclays_plc_annual_report_2025.txt,AI and related technologies,AI,AI,26,AI,"performance remained consistent with 2024, as AI and agile scalable platforms, to drive greater while contact centre performance improved by"
001,Barclays plc,2025,001_barclays_plc_annual_report_2025.txt,AI and related technologies,AI,AI,29,AI,"e year to assess how well we're introducing functionality to give Private launched a dedicated healthcare class experiences. Our contact centre uses AI towe’re meeting client needs, and identify Bank clients a comprehensive digital view of their proposition, largely for dentists, care summarise customer conversati"
001,Barclays plc,2025,001_barclays_plc_annual_report_2025.txt,AI and related technologies,AI,AI,29,AI,"nce 2024 and a 10 We continue to invest in technology to improve percentage point increase since 2023. Our client experience. BARXBot, our newly launched clients continue to value both the expertise of AI-powered assistant, is integrated with internal our colleagues and the strength of our and external applications. It displays real-time relationships with them – citing us as easy to do quotes and pricing i"
001,Barclays plc,2025,001_barclays_plc_annual_report_2025.txt,AI and related technologies,AI,AI,42,AI,"omer experience; and delivering best You can find out more about how the Directors have had regard to the matters set out in Section embracing artificial intelligence (AI) and other new in classservicecustomer 172(1) when discharging their duties, and the technologies in sup"
001,Barclays plc,2025,001_barclays_plc_annual_report_2025.txt,AI and related technologies,AI,AI,43,AI,"Regulation Authority (PRA) and FCA feedback,Understanding how technology can help the Chair of the Board Audit Committee, visited Committee, explored the AI threat landscape. reviewed and approved updates to the overallGroup's customers and clients by making things India to meet with colleagues working on T"
001,Barclays plc,2025,001_barclays_plc_annual_report_2025.txt,AI and related technologies,AI,AI,43,AI,"The Board has continued to critically assess and individual tolerance thresholds for somesimpler and safer, and building and maintaining automation (including the use of AI responsibly) the risks associated with technology and of the Group's important business services fortrust and confidence has also been an area of and digitisation o"
001,Barclays plc,2025,001_barclays_plc_annual_report_2025.txt,AI and related technologies,AI,AI,44,AI,"n relationships, businesses have been at the frontier of resilience, and IT security. In support of the consistent performance, prudent risk while harnessing new technology, including AI, to technological change, to hear about how they expanded remit of the BX Board, the Chair of BX, management and ongoing investment in support improve efficiency and build segment-leading have successfully navi"
001,Barclays plc,2025,001_barclays_plc_annual_report_2025.txt,AI and related technologies,AI,AI,75,AI,"asset class, as part of the investment process, we The continued use of AI for data collection of clients capital impact. 47% T3 assess, among other things, an issuer’s/company’spublic d"
001,Barclays plc,2025,001_barclays_plc_annual_report_2025.txt,AI and related technologies,AI,AI,82,AI,"ated support traditional venture-backed businesses. Barclays running AI workloads on power-intensive as the companies grow and helps them to Climate Ventures aims to help bridge this gap, Our portfolio of investments since 2020 GPUs. Iceotope’s liquid cooling solution"
001,Barclays plc,2025,001_barclays_plc_annual_report_2025.txt,AI and related technologies,AI,AI,83,AI,"economic transition. This initiative will assessIn 2025, Barclays strengthened its work on Fostering innovation Addressing the grid how advanced AI can make this both practical andclimate innovation through strategic commercially attractive for SMEs. in climate AI transmission capacitypartnership"
001,Barclays plc,2025,001_barclays_plc_annual_report_2025.txt,AI and related technologies,AI,AI,83,AI,"how advanced AI can make this both practical andclimate innovation through strategic commercially attractive for SMEs. in climate AI transmission capacitypartnerships, accelerator programmes and mentoring support. These initiatives reflect Barclays’ ongoing work to challenge"
001,Barclays plc,2025,001_barclays_plc_annual_report_2025.txt,AI and related technologies,AI,AI,83,AI,"journey to scale as their company works to Since 2016, through its Unreasonable Impact company that offers businesses an AI-Barclays Eagle Labs. It combined free access to increase the reliability and transmission"
001,Barclays plc,2025,001_barclays_plc_annual_report_2025.txt,AI and related technologies,AI,AI,83,AI,"gues across their operations, products and deployment of clean energy and Tech businesses focused on 'Sustainability and around the world have been involved in coaching supply chains through AI agents and an interconnection of new large loads. AI' and 'Agriculture and Oceans'. This year also the participating entrepreneurs. Through audit-grade enterprise software. marked the third"
001,Barclays plc,2025,001_barclays_plc_annual_report_2025.txt,AI and related technologies,AI,AI,83,AI,loyment of clean energy and Tech businesses focused on 'Sustainability and around the world have been involved in coaching supply chains through AI agents and an interconnection of new large loads. AI' and 'Agriculture and Oceans'. This year also the participating entrepreneurs. Through audit-grade enterprise software. marked the third year of the Carbon 13 Venture regional gatherings and ongoing
001,Barclays plc,2025,001_barclays_plc_annual_report_2025.txt,AI and related technologies,AI,AI,83,AI,"ExpectAI, aimed at helping small and medium- Impact ventures have raised more than $18bn clients and prospects interested in sized businesses grow their profits using AI- Notes: in financing and employ more than 33,0"
001,Barclays plc,2025,001_barclays_plc_annual_report_2025.txt,AI and related technologies,AI,AI,93,AI,"G EPC Rating G 3,269 UK Housing of AI-driven energy demand may impact our Our 2025 financed emissions comprised Our UK Housing portfolio financed emissions E F 2025 total 797,318 Upstream Energy and Power clients'"
001,Barclays plc,2025,001_barclays_plc_annual_report_2025.txt,AI and related technologies,AI,AI,100,AI,"CCS). exchange and support clients across • Grid optimisation and expansion, and investing 2019 Ceres sectors. Through our engagements with in infrastructure to meet demand from AI, data 2020 Partnership for Carbon Accounting Financials (PCAF) industry, we aim to strengthen our centres,"
001,Barclays plc,2025,001_barclays_plc_annual_report_2025.txt,AI and related technologies,AI,AI,123,AI,"tinued importance to delivering the colleague support. simplification and automation (including Group's strategy. using AI responsibly), and digitalising Furthermore, to provide ongoing focus customer journeys to deliver more"
001,Barclays plc,2025,001_barclays_plc_annual_report_2025.txt,AI and related technologies,AI,AI,126,AI,"ed dedicated to continually deepening its own understanding of emerging technologies and its impact on Barclays’ capabilities. As the organisation advanced its digital transformation - enhancing digital, data and AI expertise, and streamlining customer journeys and their related processes - the Board recognised the ongoing need to engage deeply in these rapidly-evolving fields. The Board spent time with the Cha"
001,Barclays plc,2025,001_barclays_plc_annual_report_2025.txt,AI and related technologies,AI,AI,126,AI,"new technologies and responsible capabilities and outcomes of successful members of Group ExCo, visited San deployment of AI. This includes the digital transformation, including digital Francisco to learn about technology Board's continued"
001,Barclays plc,2025,001_barclays_plc_annual_report_2025.txt,AI and related technologies,AI,AI,126,AI,"Board's continued review of the approach engagement with customers, use of data, transformation and to hear from leaders to AI governance (including the internal streamlined and digitised processes, and of world-leading organisations about how policies"
001,Barclays plc,2025,001_barclays_plc_annual_report_2025.txt,AI and related technologies,AI,AI,126,AI,"internal streamlined and digitised processes, and of world-leading organisations about how policies and standards relating to AI) and agile execution of change. their businesses have successfully adoption and the use cases being navigated digital"
001,Barclays plc,2025,001_barclays_plc_annual_report_2025.txt,AI and related technologies,AI,AI,126,AI,"sful adoption of tech You can find out more about the This provided the Board with an innovation in digital, data and AI to Board's oversight of technology opportunity to reflect on how these enhance organisational capabilit"
001,Barclays plc,2025,001_barclays_plc_annual_report_2025.txt,AI and related technologies,AI,AI,126,AI,"mprises a majority of financial services transformation, evolving nature and use of new technology, independent non-executive directors. The operations, technology, cybersecurity and data and AI in the delivery of these services, BX Board is chaired by Brian Shea, who resilience, and innovation. In addition, new and in 2025 considered how to bring greater provides valuable connectivity betwee"
001,Barclays plc,2025,001_barclays_plc_annual_report_2025.txt,AI and related technologies,AI,AI,133,AI,supporting the delivery of the Group’s – deepen the Board's engagement in AI strategy and plans. and technology matters Reflective of the changes to the senior
001,Barclays plc,2025,001_barclays_plc_annual_report_2025.txt,AI and related technologies,AI,AI,143,AI,"evolution of non-financial risks, such as actions to improve the control cyber and AI-related threats. The environment. The Committee has also Committee has sought to understand the"
001,Barclays plc,2025,001_barclays_plc_annual_report_2025.txt,AI and related technologies,AI,AI,143,AI,"maintained focus on emerging threats, impacts on Barclay's business model and such as AI-driven fraud and crypto-related reinforced the need for management to"
001,Barclays plc,2025,001_barclays_plc_annual_report_2025.txt,AI and related technologies,AI,AI,143,AI,"p’s strategic ambitions. we have considered the risks and Robert Berry 14/14 Geopolitical tensions have required opportunities presented by AI, both in Dawn Fitzpatrick2 13/14 enhanced scenario analyses and stress terms of internal adoption and external Sir John Kingman2 13/14 testing to as"
001,Barclays plc,2025,001_barclays_plc_annual_report_2025.txt,AI and related technologies,AI,AI,146,AI,"and regulatory commitments. • The Committee received focused updates on AI that included consideration of AI oversight in Barclays, the"
001,Barclays plc,2025,001_barclays_plc_annual_report_2025.txt,AI and related technologies,AI,AI,146,AI,"• The Committee received focused updates on AI that included consideration of AI oversight in Barclays, the external AI policy and regulatory landscape and AI-driven"
001,Barclays plc,2025,001_barclays_plc_annual_report_2025.txt,AI and related technologies,AI,AI,146,AI,"included consideration of AI oversight in Barclays, the external AI policy and regulatory landscape and AI-driven cybersecurity risks. Climate risk • To consider and assess the"
001,Barclays plc,2025,001_barclays_plc_annual_report_2025.txt,AI and related technologies,AI,AI,146,AI,"included consideration of AI oversight in Barclays, the external AI policy and regulatory landscape and AI-driven cybersecurity risks. Climate risk • To consider and assess the impact of • Through updates"
001,Barclays plc,2025,001_barclays_plc_annual_report_2025.txt,AI and related technologies,AI,AI,146,AI,"Statement 1/23 ""Model risk management principles for model outputs and reports. banks"", and oversight of AI risk management within the Group. • In com"
001,Barclays plc,2025,001_barclays_plc_annual_report_2025.txt,AI and related technologies,AI,AI,147,AI,"• The Committee received a compliance focused update on the financial crime risks presented by AI and the risk of crime, and/or the firm’s products exploitation by criminals. and services are used to facilitate financial"
001,Barclays plc,2025,001_barclays_plc_annual_report_2025.txt,AI and related technologies,AI,AI,181,AI,"ilience while reducing complexity and cost. Almost 90% of our technology estate is now in the cloud. • Introduced new technology, such as the AI-powered Help Hub Assistant in Barclays UK, to support us in delivering seamless, connected services that anticipate customer and client needs and provide faster, more"
001,Barclays plc,2025,001_barclays_plc_annual_report_2025.txt,AI and related technologies,AI,AI,205,AI,"nability Chief Information working-level committees, The Principal Investments Equity Officer (CIO) integrates technology, data, forums and reports Committee (the 'Committee') undertakes AI and change execution expertise in a the senior approval responsibilities relating Operational Sustainability Steering single function."
001,Barclays plc,2025,001_barclays_plc_annual_report_2025.txt,AI and related technologies,AI,AI,227,AI,"outside of sectors such as artificial challenges and is vulnerable to adversei) Business conditions, general economy intelligence (AI) and defence. These geopolitical developments. Keyand geopolitical issues factors could lead to economic difficulties for the EU include heavilyT"
001,Barclays plc,2025,001_barclays_plc_annual_report_2025.txt,AI and related technologies,AI,AI,228,AI,"ii) The impact of interest rate changes has had, and may continue to have, an technological sector, where the on the Group’s profitability adverse impact on both the Group's EU deployment of AI and high expectations The impact from changes to interest rates and UK operations. Efforts to recalibrate of returns have led to historic levels of are potentially significant for the Group, the relations"
001,Barclays plc,2025,001_barclays_plc_annual_report_2025.txt,AI and related technologies,AI,AI,229,AI,"cial services is have an adverse impact on the value of the continued to take steps to expand its conducted. Measures taken include securities held in the Group’s liquid asset investment in and to integrate AI enhanced capital, liquidity and funding portfolio. Consequently, this could create technologies. Such AI technologies and requirements, the structural separation or more volatility than expected throu"
001,Barclays plc,2025,001_barclays_plc_annual_report_2025.txt,AI and related technologies,AI,AI,229,AI,"easures taken include securities held in the Group’s liquid asset investment in and to integrate AI enhanced capital, liquidity and funding portfolio. Consequently, this could create technologies. Such AI technologies and requirements, the structural separation or more volatility than expected through the services are rapidly evolving, and require prohibition of certain activities by banks, Group’s fair val"
001,Barclays plc,2025,001_barclays_plc_annual_report_2025.txt,AI and related technologies,AI,AI,230,AI,"rks, particularly for international bodies, organisations and actions by regulators that are designed the management of climate change and unions on how institutions conduct to support the use of AI in the financial other sustainability-related risks, enhanced business, particularly with regard to the sector; sustainability disclosure and reporting deliver"
001,Barclays plc,2025,001_barclays_plc_annual_report_2025.txt,AI and related technologies,AI,AI,230,AI,"nts, liquidity risk, and • the reform to corporate criminal liability adoption and digital delivery, including credit risk management and continuing in the Economic Crime and Corporate the use of AI, digital assets and digital focus on review and assurance activities, Transparency Act 2023 in the UK, which money (including central bank digital reporting methodology and data quality also in"
001,Barclays plc,2025,001_barclays_plc_annual_report_2025.txt,AI and related technologies,AI,AI,231,AI,nd the use the increasing complexity of the regulatory distributions (such as dividends to ordinary of personal data in AI systems; environment in which the Group operates. shareholders and share buybacks). • continuing regulatory focus on policies
001,Barclays plc,2025,001_barclays_plc_annual_report_2025.txt,AI and related technologies,AI,AI,232,AI,"resolution situation, public business. generative and agentic artificial intelligence) (AI) and machine learning financial support will only be available to a In connection with disposals, the Group technologies relevant entity as a last resort after the may be required to continue to provide"
001,Barclays plc,2025,001_barclays_plc_annual_report_2025.txt,AI and related technologies,AI,AI,232,AI,"ty as a last resort after the may be required to continue to provide The use of rapidly evolving technologies relevant UK resolution authorities have transitional services to the transferred such as AI, by the Group and its third-party assessed and used, to the maximum business for a period of time. service providers, while presentingextent practicable, the available resolution tools, including"
001,Barclays plc,2025,001_barclays_plc_annual_report_2025.txt,AI and related technologies,AI,AI,232,AI,"preferred approach for the not yet completed, it may be necessary to and challenges to the Group’s business. resolution of the Group is a bail-in strategy obtain regulatory and other approvals, or Use of AI (and particularly the growing use with a single point of entry at Barclays PLC). satisfy other conditions, before completion of agentic AI) may expose the Group to The exercise of any of such powers under can occ"
001,Barclays plc,2025,001_barclays_plc_annual_report_2025.txt,AI and related technologies,AI,AI,232,AI,"is a bail-in strategy obtain regulatory and other approvals, or Use of AI (and particularly the growing use with a single point of entry at Barclays PLC). satisfy other conditions, before completion of agentic AI) may expose the Group to The exercise of any of such powers under can occur, and there can be no assurance liability, reputational harm, regulatory the Banking Act or any suggestion of any that such approva"
001,Barclays plc,2025,001_barclays_plc_annual_report_2025.txt,AI and related technologies,AI,AI,233,AI,"ility report Governance review review statements Annual Report 2025 232 Material existing and emerging risks (continued) The use of AI by the Group’s third-party Several jurisdictions around the globe, costly and time-intensive recruitment, service providers in their business including Europe and certain U.S. states, train"
001,Barclays plc,2025,001_barclays_plc_annual_report_2025.txt,AI and related technologies,AI,AI,233,AI,"ing or outsourcing arrangements. activities, whether or not disclosed or have already proposed or enacted laws Moreover, the Group’s failure, or perceived known to the Group, could also expose the governing AI. For example, the EU Artificial failure, to comply fully with developing laws Group to risks. While the Group believes it Intelligence Act (the “EU AI Act”), which and regulations relating to AI or machine"
001,Barclays plc,2025,001_barclays_plc_annual_report_2025.txt,AI and related technologies,AI,AI,233,AI,"ceived known to the Group, could also expose the governing AI. For example, the EU Artificial failure, to comply fully with developing laws Group to risks. While the Group believes it Intelligence Act (the “EU AI Act”), which and regulations relating to AI or machine conducts appropriate diligence prior to came into force on 1 August 2024, will learning technologies, or meet evolving onboarding third-party servic"
001,Barclays plc,2025,001_barclays_plc_annual_report_2025.txt,AI and related technologies,AI,AI,233,AI,"governing AI. For example, the EU Artificial failure, to comply fully with developing laws Group to risks. While the Group believes it Intelligence Act (the “EU AI Act”), which and regulations relating to AI or machine conducts appropriate diligence prior to came into force on 1 August 2024, will learning technologies, or meet evolving onboarding third-party service providers, generally become fully applicabl"
001,Barclays plc,2025,001_barclays_plc_annual_report_2025.txt,AI and related technologies,AI,AI,233,AI,"ld harm the Group’s provider to meet the Group’s expectations obligations taking effect at an earlier or business, reputation, financial condition, may have an adverse effect on the Group’s later time. The EU AI Act introduces and operating results. operations or financial condition, result in various requirements for AI systems and See “Processin"
001,Barclays plc,2025,001_barclays_plc_annual_report_2025.txt,AI and related technologies,AI,AI,233,AI,"reputation, financial condition, may have an adverse effect on the Group’s later time. The EU AI Act introduces and operating results. operations or financial condition, result in various requirements for AI systems and See “Processing errors” and “Model risk”legal or regulatory violations, jeopardise models placed on the market or put into"
001,Barclays plc,2025,001_barclays_plc_annual_report_2025.txt,AI and related technologies,AI,AI,233,AI,"and other requirements for into the Group’s product or servicecontracts or give rise to issues pertaining general purpose AI systems and the offerings, “Data management, informationto data privacy and data protection. This models on which they"
001,Barclays plc,2025,001_barclays_plc_annual_report_2025.txt,AI and related technologies,AI,AI,233,AI,"“Data management, informationto data privacy and data protection. This models on which they are based. In the US, protection and AI” for more informationmay arise as a result of a service provider, while the White House signed an Executive relating"
001,Barclays plc,2025,001_barclays_plc_annual_report_2025.txt,AI and related technologies,AI,AI,233,AI,"provider, while the White House signed an Executive relating to risks relating to data protectionincluding by use of AI tools in contravention Order Removing Barriers to American and compliance with existing and futureof agreements with the Group, inputting Le"
001,Barclays plc,2025,001_barclays_plc_annual_report_2025.txt,AI and related technologies,AI,AI,233,AI,"r proprietary prioritises deregulation, several states are for more information on the cybersecurityinformation into AI tools, sourcing data for considering enacting or have already risks relating to AI technologies.development, traini"
001,Barclays plc,2025,001_barclays_plc_annual_report_2025.txt,AI and related technologies,AI,AI,233,AI,"he cybersecurityinformation into AI tools, sourcing data for considering enacting or have already risks relating to AI technologies.development, training or fine-tuning of the enacted regulations concerning the use of tool from unlawful sources or in an artificial intelligence technologies. Material existing an"
001,Barclays plc,2025,001_barclays_plc_annual_report_2025.txt,AI and related technologies,AI,AI,233,AI,"echnologies. Material existing and emerging otherwise unlawful manner or These include the California Transparency risks impacting individualimplementing the roll-out of new AI tools in Frontier Artificial Intelligence Act, the principal risksor functionalities without the Group’s Utah Artificial Int"
001,Barclays plc,2025,001_barclays_plc_annual_report_2025.txt,AI and related technologies,AI,AI,233,AI,"o effect 1 physical risks and risks associated with In addition, laws and regulations focused January 2026) and the Colorado transitioning to a lower carbon economy. on the use and provision of AI technologies Consumer Protections for Artificial Climate risk is a principal risk under may impose certain obligations on the Intelligence Act (effective 30 June 2026). Barclays’ ERMF. The Climate R"
001,Barclays plc,2025,001_barclays_plc_annual_report_2025.txt,AI and related technologies,AI,AI,233,AI,"Artificial Climate risk is a principal risk under may impose certain obligations on the Intelligence Act (effective 30 June 2026). Barclays’ ERMF. The Climate Risk Policy Group. For example, emerging AI While the UK does not currently have in focuses on managing the impacts of regulations may require the Group to place any general statutory regulation of climate change across the Group's co"
001,Barclays plc,2025,001_barclays_plc_annual_report_2025.txt,AI and related technologies,AI,AI,233,AI,"y have in focuses on managing the impacts of regulations may require the Group to place any general statutory regulation of climate change across the Group's conduct complex impact assessments, risk AI, some form of regulation is anticipated, financial and operational risk categories as evaluations or other compliance reviews although its content and timing is currently defined in the Climate Risk Framework."
001,Barclays plc,2025,001_barclays_plc_annual_report_2025.txt,AI and related technologies,AI,AI,233,AI,"ation is anticipated, financial and operational risk categories as evaluations or other compliance reviews although its content and timing is currently defined in the Climate Risk Framework. prior to deploying AI tools for certain high- uncertain. Climate risk may also drive non-financial risk applications, including automated risks such"
001,Barclays plc,2025,001_barclays_plc_annual_report_2025.txt,AI and related technologies,AI,AI,233,AI,"jurisdictions may make it harder for the floods) and long-term climate patternassessments properly, or at all, could result Group to conduct its business using AI, shifts (e.g. droughts, temperature andin regulatory enforcement action, lead to regulatory fines or penalties, require precipitation levels), can lead to damage tomo"
001,Barclays plc,2025,001_barclays_plc_annual_report_2025.txt,AI and related technologies,AI,AI,233,AI,"quire precipitation levels), can lead to damage tomonetary penalties, mandatory cessation the Group to change its product offerings fixed assets, operational disruptions,of AI system usage, litigation and potential or business practices, or limit the Group’s changes in production outputs andliability, as well as other adverse"
001,Barclays plc,2025,001_barclays_plc_annual_report_2025.txt,AI and related technologies,AI,AI,233,AI,"n and potential or business practices, or limit the Group’s changes in production outputs andliability, as well as other adverse use of AI. If the Group's use of AI is increased costs (among other things).consequences. Furthermore, the restricted, it could lead to business regulatory framework for"
001,Barclays plc,2025,001_barclays_plc_annual_report_2025.txt,AI and related technologies,AI,AI,233,AI,"or business practices, or limit the Group’s changes in production outputs andliability, as well as other adverse use of AI. If the Group's use of AI is increased costs (among other things).consequences. Furthermore, the restricted, it could lead to business regulatory framework for AI continues to"
001,Barclays plc,2025,001_barclays_plc_annual_report_2025.txt,AI and related technologies,AI,AI,233,AI,". If the Group's use of AI is increased costs (among other things).consequences. Furthermore, the restricted, it could lead to business regulatory framework for AI continues to A transition to a low-carbon economy disruption and the Group’s business may evolve and is largely unsettled and fast-"
001,Barclays plc,2025,001_barclays_plc_annual_report_2025.txt,AI and related technologies,AI,AI,233,AI,ncertainty in the legal regulatory regime sentiment. This can lead to transition risks could require substantial capital relating to AI may require significant from increased costs and reduced expenditures or lead to a loss of resources to modify and maintain business
001,Barclays plc,2025,001_barclays_plc_annual_report_2025.txt,AI and related technologies,AI,AI,233,AI,"Additionally, if new regulations substantially The potential impacts of both physical andwhich cannot be determined at this time. restrict the Group's usage of AI to drive transition risks on the economy may business efficiencies, the Group could face include lower GDP growth, higher"
001,Barclays plc,2025,001_barclays_plc_annual_report_2025.txt,AI and related technologies,AI,AI,235,AI,"e to monetise their technology Impact to the creditworthiness of the unable to meet its contractual or offerings, including usage of AI or Group's clients, customers and contingent obligations or that it does not alternatively, may find their offerings co"
001,Barclays plc,2025,001_barclays_plc_annual_report_2025.txt,AI and related technologies,AI,AI,235,AI,"s, make attacks as well as from the malicious use in high carbon sectors), where outcomes repayments of principal or interest as they of AI, all of which could negatively impact of such actions have material financial fall du"
001,Barclays plc,2025,001_barclays_plc_annual_report_2025.txt,AI and related technologies,AI,AI,237,AI,"impact tolerance for a and the autonomous nature of these cybersecurity risk profile due to factors pervasive cyber attack which impacts a systems may enable attackers to conduct such as the onset of AI, which may be used number of applications, data and multi-step attacks that evade traditional to facilitate increasingly sophisticated infrastructure services, or a third party. security controls"
001,Barclays plc,2025,001_barclays_plc_annual_report_2025.txt,AI and related technologies,AI,AI,237,AI,"ta and multi-step attacks that evade traditional to facilitate increasingly sophisticated infrastructure services, or a third party. security controls before detection occurs. attacks including AI-enabled social Failure to build resilience and recovery engineering; ongoing work to address Cyber attacks can originate from a wi"
001,Barclays plc,2025,001_barclays_plc_annual_report_2025.txt,AI and related technologies,AI,AI,237,AI,"cyber attack is also likely to includedifficult. Additionally, the Group's cyber attacks. Furthermore, certain legacy operational consequences (such asdeployment of agentic AI with access to technologies that are at or approaching unavailability of services, networks,systems, data and third-party tools creates"
001,Barclays plc,2025,001_barclays_plc_annual_report_2025.txt,AI and related technologies,AI,AI,238,AI,"ubject to relevant regarding potential intellectual property performance. Pressure to recruit retentions, cover certain types of losses risks. personnel with specific AI-based skill sets related to cybersecurity incidents, such and to upskill existing employees in this In addition, while AI can"
001,Barclays plc,2025,001_barclays_plc_annual_report_2025.txt,AI and related technologies,AI,AI,238,AI,"ific AI-based skill sets related to cybersecurity incidents, such and to upskill existing employees in this In addition, while AI can present significantinsurance coverage may be insufficient to context may give rise to significant costs benefits, it also pr"
001,Barclays plc,2025,001_barclays_plc_annual_report_2025.txt,AI and related technologies,AI,AI,238,AI,"pportunities to target the Group’s to result in increased technology and logs, outputs and intermediate artefacts business activities and exploit changes in compliance costs for the Group. from an AI process in accordance with customer behaviour, product and channel business needs, as set out in the applicable use (such as the increased use of digital For furth"
001,Barclays plc,2025,001_barclays_plc_annual_report_2025.txt,AI and related technologies,AI,AI,238,AI,"the Group’s approach retention schedule, and data protection products and enhanced online services). to cyber attacks, see the operational risk performance section. For further details on laws). AI also poses data sourcing, Fraud attacks vary, can be highly cybersecurity regulation applicable to the technology integration and process issues sophisticated (e.g. leveraging deepfake and"
001,Barclays plc,2025,001_barclays_plc_annual_report_2025.txt,AI and related technologies,AI,AI,238,AI,ation section. algorithms. Any of these risks could impair orchestrated by organised crime groups or the adoption and acceptance of AI and individuals. c) New and emergent technology result in regulatory investigations or Technology is fundamental to the Group’s Bad actors use various techniques t
001,Barclays plc,2025,001_barclays_plc_annual_report_2025.txt,AI and related technologies,AI,AI,238,AI,"p new and (i.e. first party fraud such as, for example, risks may be more significant for certain AI innovative ways of doing business across intentionally providing false information to tools (for example, agentic AI has"
001,Barclays plc,2025,001_barclays_plc_annual_report_2025.txt,AI and related technologies,AI,AI,238,AI,"tain AI innovative ways of doing business across intentionally providing false information to tools (for example, agentic AI has the the Group, with new solutions being Barclays for personal gain). Authorised potential to exacerbate certain risks"
001,Barclays plc,2025,001_barclays_plc_annual_report_2025.txt,AI and related technologies,AI,AI,238,AI,"security, due to its autonomous nature) or to transfer funds from their accounts to The rapid development in AI is an area of if AI is deployed in an uncoordinated but bad actors. Fraud can also be committed technological advancement that the Group widespread way within the Group by one or more employees"
001,Barclays plc,2025,001_barclays_plc_annual_report_2025.txt,AI and related technologies,AI,AI,238,AI,"ecurity, due to its autonomous nature) or to transfer funds from their accounts to The rapid development in AI is an area of if AI is deployed in an uncoordinated but bad actors. Fraud can also be committed technological advancement that the Group widespread way within the Group by one or more employees and workers of is monitoring"
001,Barclays plc,2025,001_barclays_plc_annual_report_2025.txt,AI and related technologies,AI,AI,238,AI,ommitted technological advancement that the Group widespread way within the Group by one or more employees and workers of is monitoring closely. This includes the (particularly relating to the use of AI an entity (i.e. internal fraud) or may identification of potential use cases for agents). manifest as unauthorised trading fraud. responsible adoption of AI in the Group’s
001,Barclays plc,2025,001_barclays_plc_annual_report_2025.txt,AI and related technologies,AI,AI,238,AI,g to the use of AI an entity (i.e. internal fraud) or may identification of potential use cases for agents). manifest as unauthorised trading fraud. responsible adoption of AI in the Group’s If the output from AI in the Group's The impact from fraud can lead to own operations as well as managing the
001,Barclays plc,2025,001_barclays_plc_annual_report_2025.txt,AI and related technologies,AI,AI,238,AI,"agents). manifest as unauthorised trading fraud. responsible adoption of AI in the Group’s If the output from AI in the Group's The impact from fraud can lead to own operations as well as managing the products, systems or solutions is deemed customer harm, financial losses to bo"
001,Barclays plc,2025,001_barclays_plc_annual_report_2025.txt,AI and related technologies,AI,AI,238,AI,"harm, financial losses to both the salient risks and other threats third party to be inaccurate or questionable, or if the Group and its customers, loss of business, usage of AI may pose, including with use of AI does not operate as anticipated missed business opportunities, and respect to intellectual property ownership"
001,Barclays plc,2025,001_barclays_plc_annual_report_2025.txt,AI and related technologies,AI,AI,238,AI,"d party to be inaccurate or questionable, or if the Group and its customers, loss of business, usage of AI may pose, including with use of AI does not operate as anticipated missed business opportunities, and respect to intellectual property ownership or perform as promised (including in reputational damag"
001,Barclays plc,2025,001_barclays_plc_annual_report_2025.txt,AI and related technologies,AI,AI,238,AI,"Group’s business, results of operations, unable to protect certain materials created to additional liability, reputational harm, financial condition, and prospects. using AI technologies with copyrights or potential regulatory enforcement and patents given the position of courts and e) Data manag"
001,Barclays plc,2025,001_barclays_plc_annual_report_2025.txt,AI and related technologies,AI,AI,238,AI,"artificial intelligence (including generative volumes of data, including personalcertain level of human inventorship. and agentic artificial intelligence) (AI) and information, financial data and otherAdditionally, inventions or works of machine learning technologies,” “Model confidential information, and the Group’sauthorship cr"
001,Barclays plc,2025,001_barclays_plc_annual_report_2025.txt,AI and related technologies,AI,AI,238,AI,"nformation, financial data and otherAdditionally, inventions or works of machine learning technologies,” “Model confidential information, and the Group’sauthorship created using AI technologies risk” and “Data management, information businesses are subject to complex andmay be based on, rely on, or contain"
001,Barclays plc,2025,001_barclays_plc_annual_report_2025.txt,AI and related technologies,AI,AI,238,AI,"risk” and “Data management, information businesses are subject to complex andmay be based on, rely on, or contain protection and AI”. evolving laws and regulations governingmaterials that were used in the training of such technologies and which are subject to Alongside those risks associated with the the privacy and pr"
001,Barclays plc,2025,001_barclays_plc_annual_report_2025.txt,AI and related technologies,AI,AI,238,AI,"at were used in the training of such technologies and which are subject to Alongside those risks associated with the the privacy and protection of data, third-party intellectual property rights. deployment of AI, risks could also arise including Regulation (EU) 2016/679 (the This could expose the Group to claims of from decisions not to deploy the General Data Protection Regulation as it intellectual proper"
001,Barclays plc,2025,001_barclays_plc_annual_report_2025.txt,AI and related technologies,AI,AI,238,AI,"2016/679 (the This could expose the Group to claims of from decisions not to deploy the General Data Protection Regulation as it intellectual property infringement or technology. As the adoption of AI quickens, applies in the EU and the UK). misappropriation. Other related risks risks arising from competition with the This data could relate to: (i) the Group’s include exposure to open-source software"
001,Barclays plc,2025,001_barclays_plc_annual_report_2025.txt,AI and related technologies,AI,AI,238,AI,"petition with the This data could relate to: (i) the Group’s include exposure to open-source software Group's peers are intensified. Any failures clients, customers, prospective clients and risks when using AI-based coding tools to adequately leverage AI technologies, or customers and their employees; (ii) clients (that have been developed using vast the adoption of an overly conservative and customers of"
001,Barclays plc,2025,001_barclays_plc_annual_report_2025.txt,AI and related technologies,AI,AI,238,AI,"(i) the Group’s include exposure to open-source software Group's peers are intensified. Any failures clients, customers, prospective clients and risks when using AI-based coding tools to adequately leverage AI technologies, or customers and their employees; (ii) clients (that have been developed using vast the adoption of an overly conservative and customers of the Group’s clients and amounts of open-source soft"
001,Barclays plc,2025,001_barclays_plc_annual_report_2025.txt,AI and related technologies,AI,AI,238,AI,"rs and their employees; (ii) clients (that have been developed using vast the adoption of an overly conservative and customers of the Group’s clients and amounts of open-source software) to approach to AI implementation, could customers and their employees; (iii) the write software. The use of copyrighted cause the Group to miss significant Group’s suppliers, counterparties and materials in AI and mac"
001,Barclays plc,2025,001_barclays_plc_annual_report_2025.txt,AI and related technologies,AI,AI,238,AI,"oach to AI implementation, could customers and their employees; (iii) the write software. The use of copyrighted cause the Group to miss significant Group’s suppliers, counterparties and materials in AI and machine learning business opportunities, fall behind other external parties, and their technology has not been fully interpreted competitors, and adversely affect its"
001,Barclays plc,2025,001_barclays_plc_annual_report_2025.txt,AI and related technologies,AI,AI,239,AI,"or personal information in and frequencies, across numerous and vulnerabilities and non-compliance in its connection with the utilisation of AI diverse markets in many currencies. Given supply chain. technologies, whether through AI model"
001,Barclays plc,2025,001_barclays_plc_annual_report_2025.txt,AI and related technologies,AI,AI,239,AI,"ilisation of AI diverse markets in many currencies. Given supply chain. technologies, whether through AI model the Group’s diverse customer base and errors, data breaches, or otherThe internationa"
001,Barclays plc,2025,001_barclays_plc_annual_report_2025.txt,AI and related technologies,AI,AI,239,AI,"act the Group’s business, even ifinformation originated. Accordingly, the basis to clients, regulators and exchanges), unfounded. AI technologies are highly reliantGroup must ensure that its collection, use, developing, maintaining and upgrading on the collection and ana"
001,Barclays plc,2025,001_barclays_plc_annual_report_2025.txt,AI and related technologies,AI,AI,239,AI,"errors produced through the increase the Group’s compliance and There often exists a lack of transparency integration of AI technologies, in operating costs; (ii) impact the regarding the sources of data (including connection with such transactions d"
001,Barclays plc,2025,001_barclays_plc_annual_report_2025.txt,AI and related technologies,AI,AI,239,AI,"rces of data (including connection with such transactions development of new products or services personal data) used to train or develop AI increases with these developments, as well or the offering of existing products or technologies or how inputs are converted to"
001,Barclays plc,2025,001_barclays_plc_annual_report_2025.txt,AI and related technologies,AI,AI,239,AI,"consequences. As the Group works to elements of the structure of its compounded across many steps, such as in implement AI technologies into the businesses, operations and systems in less agentic AI systems). This could result in Group’s product and service of"
001,Barclays plc,2025,001_barclays_plc_annual_report_2025.txt,AI and related technologies,AI,AI,239,AI,"f its compounded across many steps, such as in implement AI technologies into the businesses, operations and systems in less agentic AI systems). This could result in Group’s product and service offerings, efficient ways. Data, including personal outputs that include o"
001,Barclays plc,2025,001_barclays_plc_annual_report_2025.txt,AI and related technologies,AI,AI,239,AI,"may become more information, is subject to external as well as inaccurate, incomplete or erroneous significant, as AI technologies give rise to internal (whether intentional or accidental) information, or that include AI bias, AI"
001,Barclays plc,2025,001_barclays_plc_annual_report_2025.txt,AI and related technologies,AI,AI,239,AI,"significant, as AI technologies give rise to internal (whether intentional or accidental) information, or that include AI bias, AI risk of bias, errors and hallucinations which security risks. Concerns regarding the hallucinati"
001,Barclays plc,2025,001_barclays_plc_annual_report_2025.txt,AI and related technologies,AI,AI,239,AI,"significant, as AI technologies give rise to internal (whether intentional or accidental) information, or that include AI bias, AI risk of bias, errors and hallucinations which security risks. Concerns regarding the hallucinations, harm"
001,Barclays plc,2025,001_barclays_plc_annual_report_2025.txt,AI and related technologies,AI,AI,239,AI,"or transactions. There can be no assurances information, or even the perception that misappropriation. Additionally, if the AI that AI usage will enhance the Group’s those measures are inadequate, could model in a tool used by the Group has been"
001,Barclays plc,2025,001_barclays_plc_annual_report_2025.txt,AI and related technologies,AI,AI,239,AI,"ansactions. There can be no assurances information, or even the perception that misappropriation. Additionally, if the AI that AI usage will enhance the Group’s those measures are inadequate, could model in a tool used by the Group has been product or services offe"
001,Barclays plc,2025,001_barclays_plc_annual_report_2025.txt,AI and related technologies,AI,AI,239,AI,"ose the Group to the risk of loss or trained by a third party in a manner that is not errors or inaccuracies resulting from AI unavailability of data or data integrity issues compliant with data protection laws, there is usage could result in competitive or and/or caus"
001,Barclays plc,2025,001_barclays_plc_annual_report_2025.txt,AI and related technologies,AI,AI,239,AI,intelligence (including generative and process transactions or provide banking regulatory or other government action agentic artificial intelligence) (AI) and and payment services. (including significant regulatory fines) and machine learning technologies” and “New require changes to certain operations or and emergent technology”.
001,Barclays plc,2025,001_barclays_plc_annual_report_2025.txt,AI and related technologies,AI,AI,240,AI,"ces and the provisions, taxes, fair value of financial the digitalisation of the administration ofdevelopment of technology, including AI instruments, goodwill and intangible tax have the potential to increase thetechnology. Whilst the Group depends on assets,"
001,Barclays plc,2025,001_barclays_plc_annual_report_2025.txt,AI and related technologies,AI,AI,240,AI,"o its customers. In introduced by the Inflation Reduction Act from the Group's regulators, this could addition, the use of third-party AI became effective on 1 January 2023. result in material losses to the Group, technologies, and the use of AI by"
001,Barclays plc,2025,001_barclays_plc_annual_report_2025.txt,AI and related technologies,AI,AI,240,AI,"the use of third-party AI became effective on 1 January 2023. result in material losses to the Group, technologies, and the use of AI by These tax regimes have required system beyond what was anticipated or provided suppliers, may expose the Group to risk, as"
001,Barclays plc,2025,001_barclays_plc_annual_report_2025.txt,AI and related technologies,AI,AI,240,AI,"tal and qualified employees and use of data in developing and training liquidity requirements are not met as a As a regulated financial institution, the AI technologies or the conversion of inputs result of changes in interpretation, Group requires diversified and specialist to outputs. Over-reliance on a small"
001,Barclays plc,2025,001_barclays_plc_annual_report_2025.txt,AI and related technologies,AI,AI,240,AI,"res diversified and specialist to outputs. Over-reliance on a small compliance with the Group's distribution skilled colleagues. The Group’s ability to number of suppliers of AI services may policy could be impacted and/or additional attract, develop and retain a diverse mix of create operational resilience and"
001,Barclays plc,2025,001_barclays_plc_annual_report_2025.txt,AI and related technologies,AI,AI,240,AI,"internal factors, such as the Group's compromise, or model instability. For development of accounting standards reputation, macroeconomic factors further information on AI-related risks, and regulatory interpretations could also (including increased competition for limited including in connection with suppliers,"
001,Barclays plc,2025,001_barclays_plc_annual_report_2025.txt,AI and related technologies,AI,AI,240,AI,"ation and related policies in intelligence (including generative and the jurisdictions in which the Group agentic artificial intelligence) (AI) and operates), regulatory factors (including machine learning technologies”, “New and"
001,Barclays plc,2025,001_barclays_plc_annual_report_2025.txt,AI and related technologies,AI,AI,240,AI,"executives), and operational factors management, information protection and (including adequate processes and AI,” and “Model risk”. Failure to adequately systems to support the hiring and manage supplier risk could have a material"
001,Barclays plc,2025,001_barclays_plc_annual_report_2025.txt,AI and related technologies,AI,AI,241,AI,"Group, with an increased focus (iv) the risk of engaging in insider dealing on governance and rigor, with similar In addition, the rapid development of AI, behaviours or breaching of information requirements also introduced in other especially agentic AI, creates further barriers; and (v) the risk of engaging or jurisdictions globally. Failure"
001,Barclays plc,2025,001_barclays_plc_annual_report_2025.txt,AI and related technologies,AI,AI,241,AI,"f engaging in insider dealing on governance and rigor, with similar In addition, the rapid development of AI, behaviours or breaching of information requirements also introduced in other especially agentic AI, creates further barriers; and (v) the risk of engaging or jurisdictions globally. Failure to meet these challenges due to the unique and attempting to engage in market requireme"
001,Barclays plc,2025,001_barclays_plc_annual_report_2025.txt,AI and related technologies,AI,AI,241,AI,"requirements and expectations may lead heightened risks presented by these manipulation. to regulatory sanctions, both for themodel types. This includes risks arising from AI hallucinating and providing false b) Customer protection risk individuals and the Group. information, the exacerbation of bias and The Group must ensure that its e) Data privacy r"
001,Barclays plc,2025,001_barclays_plc_annual_report_2025.txt,AI and related technologies,AI,AI,241,AI,"ble to make well-informed is handled in a way that meets data privacy of human oversight (particularly relating to decisions on how best to use our financial laws, rules and regulations and the rights agentic AI). This could result in a significant services and understand the protections and expectations of individuals. We do this financial loss, imposition of additional available to them if something goes wrong."
001,Barclays plc,2025,001_barclays_plc_annual_report_2025.txt,AI and related technologies,AI,AI,252,AI,"rational risk Information Security Risk; Operational reports directly to the Group Chief Risk profile consistent with the Group’s Recovery Planning Risk; People Risk; Officer. The Head of AI/ML Risk, reports strategy, the stated risk appetite and Premises Risk; Physical Security Risk; Risk into the Global Head of MRM. stakeholder needs. Reporting Risk; Change Delivery The G"
001,Barclays plc,2025,001_barclays_plc_annual_report_2025.txt,AI and related technologies,AI,AI,252,AI,"risk in Barclays, including key components units where the risk arises. The operational For definitions of the Group’s Operational such as the Model Risk Policy, the AI Policy risk profile and control environment is Risk Categories and connected risks, refer and supporting standards, reporting and"
001,Barclays plc,2025,001_barclays_plc_annual_report_2025.txt,AI and related technologies,AI,AI,253,AI,"statements Annual Report 2025 252 Principal risk management (continued) The Model Risk Policy prescribes the end- Cross functional oversight of AI Risk in the Compliance Risk management to-end requirements for the identification, bank, is provided by the Group AI The risk of poor outcomes for,"
001,Barclays plc,2025,001_barclays_plc_annual_report_2025.txt,AI and related technologies,AI,AI,253,AI,"agement (continued) The Model Risk Policy prescribes the end- Cross functional oversight of AI Risk in the Compliance Risk management to-end requirements for the identification, bank, is provided by the Group AI The risk of poor outcomes for, or harm to, measurement and management of model Governance Council, under the mandate"
001,Barclays plc,2025,001_barclays_plc_annual_report_2025.txt,AI and related technologies,AI,AI,253,AI,"model Governance Council, under the mandate customers, clients and markets, arising risk covering model documentation, of Head of AI/ML Risk. from the delivery of Barclays products and development, monitoring, annual The Head of AI/ML Risk is al"
001,Barclays plc,2025,001_barclays_plc_annual_report_2025.txt,AI and related technologies,AI,AI,253,AI,"of Head of AI/ML Risk. from the delivery of Barclays products and development, monitoring, annual The Head of AI/ML Risk is also responsible services (Conduct Risk), and the risk to assessment and review, independent for establishing the AI Risk Appetite, and Barclays, its clie"
001,Barclays plc,2025,001_barclays_plc_annual_report_2025.txt,AI and related technologies,AI,AI,253,AI,"The Head of AI/ML Risk is also responsible services (Conduct Risk), and the risk to assessment and review, independent for establishing the AI Risk Appetite, and Barclays, its clients, customers or markets validation, approval, and change and enabling reporting of compliance with the from a failure to comply w"
001,Barclays plc,2025,001_barclays_plc_annual_report_2025.txt,AI and related technologies,AI,AI,253,AI,"nd enabling reporting of compliance with the from a failure to comply with the laws, rules reporting processes, and assigns clear AI Policy and AI Standard to the Group and and regulations (LRR) applicable to the roles and responsibilities for the end-to- local entity Board Risk Committee(s)."
001,Barclays plc,2025,001_barclays_plc_annual_report_2025.txt,AI and related technologies,AI,AI,253,AI,"enabling reporting of compliance with the from a failure to comply with the laws, rules reporting processes, and assigns clear AI Policy and AI Standard to the Group and and regulations (LRR) applicable to the roles and responsibilities for the end-to- local entity Board Risk Committee(s). firm. end ma"
001,Barclays plc,2025,001_barclays_plc_annual_report_2025.txt,AI and related technologies,AI,AI,253,AI,"local entity Board Risk Committee(s). firm. end management of model risk. In addition, the Model Strategy and Overview The Artificial Intelligence (AI) Policy lays out Oversight (MSO) Team, which is a first line Compliance Risk incorporates wholesalethe"
001,Barclays plc,2025,001_barclays_plc_annual_report_2025.txt,AI and related technologies,AI,AI,253,AI,"independent team, provides oversight of conduct, customer protection, dataoversight of risks associated with use of AI strategic modelling decisions of material privacy, regulatory compliance, prod"
001,Barclays plc,2025,001_barclays_plc_annual_report_2025.txt,AI and related technologies,AI,AI,253,AI,"strategic modelling decisions of material privacy, regulatory compliance, productand is supported by the AI standard. The models, in particular ensuring compliance design and review, and laws, rules andprim"
001,Barclays plc,2025,001_barclays_plc_annual_report_2025.txt,AI and related technologies,AI,AI,253,AI,"with regulations and relevant technical regulation risks. Barclays has no appetite • Define Ethical AI Principles to enable standards, following a risk-based approach for material breaches of LRR, or ethical, lawful, and appropriate use of AI. focusing on material modelling issues, Compliance Risk is"
001,Barclays plc,2025,001_barclays_plc_annual_report_2025.txt,AI and related technologies,AI,AI,253,AI,"regulation risks. Barclays has no appetite • Define Ethical AI Principles to enable standards, following a risk-based approach for material breaches of LRR, or ethical, lawful, and appropriate use of AI. focusing on material modelling issues, Compliance Risk issues and events that are • Establish an enterprise-wide definition including: material, systemic, not promptly"
001,Barclays plc,2025,001_barclays_plc_annual_report_2025.txt,AI and related technologies,AI,AI,253,AI,"ocusing on material modelling issues, Compliance Risk issues and events that are • Establish an enterprise-wide definition including: material, systemic, not promptly of AI, define risks stemming from use of • Ensures a comprehensive / consistent remediated, not reported to regulators in a AI and define prohibited, high, medium approach taken across the bank to timely"
001,Barclays plc,2025,001_barclays_plc_annual_report_2025.txt,AI and related technologies,AI,AI,253,AI,"including: material, systemic, not promptly of AI, define risks stemming from use of • Ensures a comprehensive / consistent remediated, not reported to regulators in a AI and define prohibited, high, medium approach taken across the bank to timely manner where required, and/or are and low risk uses of AI to enable deliver material models requirements; l"
001,Barclays plc,2025,001_barclays_plc_annual_report_2025.txt,AI and related technologies,AI,AI,253,AI,"ensive / consistent remediated, not reported to regulators in a AI and define prohibited, high, medium approach taken across the bank to timely manner where required, and/or are and low risk uses of AI to enable deliver material models requirements; likely to result in regulatory enforcement. consistent identification of AI Systems, • Provides challenge to modelling Organisation, ro"
001,Barclays plc,2025,001_barclays_plc_annual_report_2025.txt,AI and related technologies,AI,AI,253,AI,"o timely manner where required, and/or are and low risk uses of AI to enable deliver material models requirements; likely to result in regulatory enforcement. consistent identification of AI Systems, • Provides challenge to modelling Organisation, roles and responsibilities and the risks associated with their use. decisions taken by Model Owners an"
001,Barclays plc,2025,001_barclays_plc_annual_report_2025.txt,AI and related technologies,AI,AI,253,AI,Developers; The Compliance Risk Management Framework (CRMF) outlines how the pathways to provide transparency on AI • Participates in the requisite forum (i.e. Barclays Group manages and measures its use and associated risks to Senior Group Model Management Steering
001,Barclays plc,2025,001_barclays_plc_annual_report_2025.txt,AI and related technologies,AI,AI,253,AI,"ment. Committee) to facilitate Senior Compliance Officer is accountable for • Define control objective for AI training Management oversight of the strategic developing, maintaining and overseeing a and literacy."
001,Barclays plc,2025,001_barclays_plc_annual_report_2025.txt,AI and related technologies,AI,AI,342,AI,"gn. financing) - to a principal risk within the plans were assessed and businesses• Introduced Artificial Intelligence(AI) Enterprise Risk Management Framework ensured that driving good outcomes for Standard in support of the AI Policy,"
001,Barclays plc,2025,001_barclays_plc_annual_report_2025.txt,AI and related technologies,AI,AI,342,AI,"rtificial Intelligence(AI) Enterprise Risk Management Framework ensured that driving good outcomes for Standard in support of the AI Policy, (ERMF), reflecting the evolving external customers is at the heart of these plans. further developed of approach to AI"
001,Barclays plc,2025,001_barclays_plc_annual_report_2025.txt,AI and related technologies,AI,AI,342,AI,"of the AI Policy, (ERMF), reflecting the evolving external customers is at the heart of these plans. further developed of approach to AI threat landscape and regulatory validation, including Generative AI, and Throughout 2025, Compliance Risks, expectations. During 2025, the financial desi"
001,Barclays plc,2025,001_barclays_plc_annual_report_2025.txt,AI and related technologies,AI,AI,342,AI,"customers is at the heart of these plans. further developed of approach to AI threat landscape and regulatory validation, including Generative AI, and Throughout 2025, Compliance Risks, expectations. During 2025, the financial design of associated governance including outcomes for our customers, crime principal risk was embedded, with"
001,Barclays plc,2025,001_barclays_plc_annual_report_2025.txt,AI and related technologies,AI,AI,355,AI,"consumer protection laws. These reforms conduct automated scans or manual Consumer Protections In Interactions with included the expansion of the powers held reviews of information systems for AI Systems and the Texas Responsible AI by the Competition and Markets Authority vulnerability management, to implement Governance Act), while other states are (CMA), in relation to digital markets, policies go"
001,Barclays plc,2025,001_barclays_plc_annual_report_2025.txt,AI and related technologies,AI,AI,355,AI,"ese reforms conduct automated scans or manual Consumer Protections In Interactions with included the expansion of the powers held reviews of information systems for AI Systems and the Texas Responsible AI by the Competition and Markets Authority vulnerability management, to implement Governance Act), while other states are (CMA), in relation to digital markets, policies governing access privileges and to f"
001,Barclays plc,2025,001_barclays_plc_annual_report_2025.txt,AI and related technologies,AI,AI,355,AI,"trol and antitrust rules, as well implement certain controls for monitoring higher-risk (such as laws regulating the use as consumer law. and responding to threats (such as of automated decision tools and AI in As a result of these reforms, the CMA iscontrols designed to protect against recruitment, hiring, promotion, and other"
001,Barclays plc,2025,001_barclays_plc_annual_report_2025.txt,AI and related technologies,AI,AI,355,AI,gations of consumer protection law. As one of themulti-factor authentication and to on developers and deployers of high-risk AI regulators entrusted with consumerimplement policies and procedures for the systems (which include tools that make
001,Barclays plc,2025,001_barclays_plc_annual_report_2025.txt,AI and related technologies,AI,AI,355,AI,"direct marketing in the UK, and has also results. Notably, however, in December regulating artificial intelligence (AI). been focusing on greenwashing, including 2025, President Trump signed an"
001,Barclays plc,2025,001_barclays_plc_annual_report_2025.txt,AI and related technologies,AI,AI,355,AI,"2025, President Trump signed an investigating and making rulings againstThe EU’s Artificial Intelligence Act (EU AI executive order outlining various plans to advertisements from financial servicesAct), which entered into force on 1 August attempt"
001,Barclays plc,2025,001_barclays_plc_annual_report_2025.txt,AI and related technologies,AI,AI,355,AI,"t to restrict certain U.S. states from firms due to greenwashing.2024, provides rights and duties designed enforcing their own AI laws, in favour of a to ensure the safe and ethical deployment “single national framework”. The Group is In its election manifesto, the Government of AI. The EU AI Act requires organisations continuing to mon"
001,Barclays plc,2025,001_barclays_plc_annual_report_2025.txt,AI and related technologies,AI,AI,355,AI,"provides rights and duties designed enforcing their own AI laws, in favour of a to ensure the safe and ethical deployment “single national framework”. The Group is In its election manifesto, the Government of AI. The EU AI Act requires organisations continuing to monitor these developments stated that it would mandate UK regulated to ensure suitable levels of AI literacy within and the applicability of state laws regulati"
001,Barclays plc,2025,001_barclays_plc_annual_report_2025.txt,AI and related technologies,AI,AI,355,AI,"ghts and duties designed enforcing their own AI laws, in favour of a to ensure the safe and ethical deployment “single national framework”. The Group is In its election manifesto, the Government of AI. The EU AI Act requires organisations continuing to monitor these developments stated that it would mandate UK regulated to ensure suitable levels of AI literacy within and the applicability of state laws regulating financ"
001,Barclays plc,2025,001_barclays_plc_annual_report_2025.txt,AI and related technologies,AI,AI,355,AI,"he Group is In its election manifesto, the Government of AI. The EU AI Act requires organisations continuing to monitor these developments stated that it would mandate UK regulated to ensure suitable levels of AI literacy within and the applicability of state laws regulating financial institutions and FTSE 100 their workforce (albeit this obligation may AI. companies to develop and imple"
001,Barclays plc,2025,001_barclays_plc_annual_report_2025.txt,AI and related technologies,AI,AI,355,AI,d that it would mandate UK regulated to ensure suitable levels of AI literacy within and the applicability of state laws regulating financial institutions and FTSE 100 their workforce (albeit this obligation may AI. companies to develop and implement be removed as a result of the EU’s Digital credible transition plans that align with the
001,Barclays plc,2025,001_barclays_plc_annual_report_2025.txt,AI and related technologies,AI,AI,355,AI,"forward in 1.5°C goal of the Paris Agreement. Regulatory initiatives on sustainability in the November 2025) and categorises AI UK Consequently, it consulted on how best to systems based on their level of risk. It has a In the UK, the FCA published final rules on take th"
001,Barclays plc,2025,001_barclays_plc_annual_report_2025.txt,AI and related technologies,AI,AI,355,AI,"ure September 2025 but has yet to publish the literacy obligations and the first set of Requirements regime in November 2023 outcome. The UK’s Transition Plan requirements prohibiting certain uses of AI which set out new requirements to prepare Taskforce (TPT) concluded its work on a having applied from 2 February 2025, and sustainability-related product and entity disclosure framework for transition plans"
001,Barclays plc,2025,001_barclays_plc_annual_report_2025.txt,AI and related technologies,AI,AI,355,AI,"ents to prepare Taskforce (TPT) concluded its work on a having applied from 2 February 2025, and sustainability-related product and entity disclosure framework for transition plans in rules on general purpose AI models having level disclosures for certain firms, as well as October 2024, with the International applied from 2 August 2025. It also a new sustainable investment labelling Financial Reporting Stan"
001,Barclays plc,2025,001_barclays_plc_annual_report_2025.txt,AI and related technologies,AI,AI,355,AI,"ew sustainable investment labelling Financial Reporting Standards (IFRS) establishes a rigorous compliance regime regime and anti-greenwashing rule Foundation now assuming responsibility for high-risk AI applications (which applicable to all authorised firms. The new for the TPT’s disclosure materials. In June provisions apply from 2 August 2027, anti-greenwashing rule (and associated 2025, th"
001,Barclays plc,2025,001_barclays_plc_annual_report_2025.txt,AI and related technologies,AI,AI,355,AI,"31 May 2024 guidance document about transition plans, Digital Omnibus proposals). The and the labelling regime was made available building on the material developed by the extraterritorial effect of the EU AI Act from 31 July 2024, whilst the disclosure TPT. If the Government and UK regulators means entities established outside the EU regime continues to be implemented on a do mandate transition plan disclosu"
001,Barclays plc,2025,001_barclays_plc_annual_report_2025.txt,AI and related technologies,AI,AI,355,AI,", whilst the disclosure TPT. If the Government and UK regulators means entities established outside the EU regime continues to be implemented on a do mandate transition plan disclosures, it is fall with the EU AI Act’s ambit if they phased basis from late 2024 until the end widely expected that the work of the TPT provide or deploy AI in the EU or the output of 2026. In April 2025, the FCA confirmed will like"
001,Barclays plc,2025,001_barclays_plc_annual_report_2025.txt,AI and related technologies,AI,AI,355,AI,"e implemented on a do mandate transition plan disclosures, it is fall with the EU AI Act’s ambit if they phased basis from late 2024 until the end widely expected that the work of the TPT provide or deploy AI in the EU or the output of 2026. In April 2025, the FCA confirmed will likely form the basis of these of their AI is used in the EU. that it had paused plans to extend the SDR requirements."
001,Barclays plc,2025,001_barclays_plc_annual_report_2025.txt,AI and related technologies,AI,AI,355,AI,"basis from late 2024 until the end widely expected that the work of the TPT provide or deploy AI in the EU or the output of 2026. In April 2025, the FCA confirmed will likely form the basis of these of their AI is used in the EU. that it had paused plans to extend the SDR requirements. and investment labels regime to portfolio manageme"
001,Barclays plc,2025,001_barclays_plc_annual_report_2025.txt,AI and related technologies,machine learning,machine learning,183,Machine Learning,"ion of cost reporting effectiveness and efficiency activities, with further potential to simplify and automate in the future. • Launched nine Artificial Intelligence and Machine Learning initiatives in the Group Finance function, delivering measurable benefits, with many more use cases in the pipeline. Oversee the effective • Group Finance continued to enha"
001,Barclays plc,2025,001_barclays_plc_annual_report_2025.txt,AI and related technologies,machine learning,machine learning,211,machine learning,"ry Digital services and workplace tools must Office and LINK through our new Joint month, our fraud detection systems and be designed and developed to be easy to Venture Cash Access UK Ltd, extending machine learning models help detect in less see, hear, understand and use for all our network of Banking Hubs and shared than a second if it is likely to be a fraudster customers and colleagues, including cash deposit solutions"
001,Barclays plc,2025,001_barclays_plc_annual_report_2025.txt,AI and related technologies,machine learning,machine learning,232,machine learning,"on situation, public business. generative and agentic artificial intelligence) (AI) and machine learning financial support will only be available to a In connection with disposals, the Group technologies relevant entity as a last resort after the may be required to continue to provide The use of rapidly e"
001,Barclays plc,2025,001_barclays_plc_annual_report_2025.txt,AI and related technologies,machine learning,machine learning,238,machine learning,"of human inventorship. and agentic artificial intelligence) (AI) and information, financial data and otherAdditionally, inventions or works of machine learning technologies,” “Model confidential information, and the Group’sauthorship created using AI technologies risk” and “Data management, information businesses ar"
001,Barclays plc,2025,001_barclays_plc_annual_report_2025.txt,AI and related technologies,machine learning,machine learning,238,machine learning,"AI implementation, could customers and their employees; (iii) the write software. The use of copyrighted cause the Group to miss significant Group’s suppliers, counterparties and materials in AI and machine learning business opportunities, fall behind other external parties, and their technology has not been fully interpreted competitors, and adversely affect its"
001,Barclays plc,2025,001_barclays_plc_annual_report_2025.txt,AI and related technologies,machine learning,machine learning,239,machine learning,process transactions or provide banking regulatory or other government action agentic artificial intelligence) (AI) and and payment services. (including significant regulatory fines) and machine learning technologies” and “New require changes to certain operations or and emergent technology”. Processing errors could result in the practices which could also inhibit the
001,Barclays plc,2025,001_barclays_plc_annual_report_2025.txt,AI and related technologies,machine learning,machine learning,240,machine learning,"the jurisdictions in which the Group agentic artificial intelligence) (AI) and operates), regulatory factors (including machine learning technologies”, “New and compensation restrictions for senior emergent technology”, “Data"
001,Barclays plc,2025,001_barclays_plc_annual_report_2025.txt,AI and related technologies,automation,automation,22,automation,"control resilience, including by increasing our automation levels. and service this year, supporting clients across"
001,Barclays plc,2025,001_barclays_plc_annual_report_2025.txt,AI and related technologies,automation,automation,43,automation,"ith colleagues working on The Board has continued to critically assess and individual tolerance thresholds for somesimpler and safer, and building and maintaining automation (including the use of AI responsibly) the risks associated with technology and of the Group's important business services fortrust and confidence has also been an area of"
001,Barclays plc,2025,001_barclays_plc_annual_report_2025.txt,AI and related technologies,automation,automation,123,automation,"mme and discussed its the operating environment and continued including how they are enabling process continued importance to delivering the colleague support. simplification and automation (including Group's strategy. using AI responsibly), and digitalising Furthermore, to provide ongoing focus"
001,Barclays plc,2025,001_barclays_plc_annual_report_2025.txt,AI and related technologies,automation,automation,183,automation,"omate processes, and strengthen and automate Group Finance controls, which is expected to drive significant efficiency enhancements over the coming years. processes to improve • Delivered material automation in Product Control and Financial Control, and standardisation of cost reporting effectiveness and efficiency activities, with further potential to simplify and automate in the future."
001,Barclays plc,2025,001_barclays_plc_annual_report_2025.txt,AI and related technologies,automation,automation,238,automation,"rity regulation applicable to the technology integration and process issues sophisticated (e.g. leveraging deepfake and Group, refer to the Supervision and and programme bias in decision-making automation capabilities), and be regulation section. algorithms. Any of these risks could impair orchestrated by organised crime groups or"
001,Barclays plc,2025,001_barclays_plc_annual_report_2025.txt,AI and related technologies,automation,automation,241,automation,"false b) Customer protection risk individuals and the Group. information, the exacerbation of bias and The Group must ensure that its e) Data privacy risk fairness risk due to the automation of customers, particularly those that are The Group must ensure that personal data outcomes and the absence or insufficiency vulnerable, are able to make well-informed is handled in a way that meets da"
001,Barclays plc,2025,001_barclays_plc_annual_report_2025.txt,AI and related technologies,automation,automation,341,automation,"be designed, embedded, potential impacts to the Group and its becomes more challenging. The Group tested and sustained across our important clients and customers. The Group’s continues to focus on automation and business services, if we are to avoid cybersecurity incidents did not materially simplification programmes to improve the intolerable harm. The Group remains impact the Group's business strateg"
001,Barclays plc,2025,001_barclays_plc_annual_report_2025.txt,AI and related technologies,generative AI,generative AI,22,generative AI,"folios, and maintained their strong underlying productivity and generative AI (GenAI) capabilities long-term investment performance."
001,Barclays plc,2025,001_barclays_plc_annual_report_2025.txt,AI and related technologies,generative AI,generative AI,342,Generative AI,"customers is at the heart of these plans. further developed of approach to AI threat landscape and regulatory validation, including Generative AI, and Throughout 2025, Compliance Risks, expectations. During 2025, the financial design of associated governance including outcomes for our customers, crime principal risk was embedded, with"
001,Barclays plc,2025,001_barclays_plc_annual_report_2025.txt,Governance and accountability,responsible AI,responsible AI,355,Responsible AI,"ion laws. These reforms conduct automated scans or manual Consumer Protections In Interactions with included the expansion of the powers held reviews of information systems for AI Systems and the Texas Responsible AI by the Competition and Markets Authority vulnerability management, to implement Governance Act), while other states are (CMA), in relation to digital markets, policies governing access privileges and to f"
001,Barclays plc,2025,001_barclays_plc_annual_report_2025.txt,Governance and accountability,ethical AI,ethical AI,253,Ethical AI,"with regulations and relevant technical regulation risks. Barclays has no appetite • Define Ethical AI Principles to enable standards, following a risk-based approach for material breaches of LRR, or ethical, lawful, and appropriate use of AI. focusing on material modelling issues, Compliance Risk is"
001,Barclays plc,2025,001_barclays_plc_annual_report_2025.txt,Human oversight,human oversight,human oversight,241,human oversight,"tomers, particularly those that are The Group must ensure that personal data outcomes and the absence or insufficiency vulnerable, are able to make well-informed is handled in a way that meets data privacy of human oversight (particularly relating to decisions on how best to use our financial laws, rules and regulations and the rights agentic AI). This could result in a significant services and understand the protections and ex"
001,Barclays plc,2025,001_barclays_plc_annual_report_2025.txt,"Fairness, bias and ethics",bias,bias,170,bias,"an employee, which includes any issues relating to pay We will continue to conduct our assurance activities to ensure that performance ratings and pay outcomes remain fair and free from bias"
001,Barclays plc,2025,001_barclays_plc_annual_report_2025.txt,"Fairness, bias and ethics",bias,bias,238,bias,"an be highly cybersecurity regulation applicable to the technology integration and process issues sophisticated (e.g. leveraging deepfake and Group, refer to the Supervision and and programme bias in decision-making automation capabilities), and be regulation section. algorithms. Any of these risks could impair orchestrated by organised crime groups or"
001,Barclays plc,2025,001_barclays_plc_annual_report_2025.txt,"Fairness, bias and ethics",bias,bias,239,bias,"significant, as AI technologies give rise to internal (whether intentional or accidental) information, or that include AI bias, AI risk of bias, errors and hallucinations which security risks. Concerns regarding the hallucinations,"
001,Barclays plc,2025,001_barclays_plc_annual_report_2025.txt,"Fairness, bias and ethics",bias,bias,239,bias,"ies give rise to internal (whether intentional or accidental) information, or that include AI bias, AI risk of bias, errors and hallucinations which security risks. Concerns regarding the hallucinations, harmful content, may impact the Group’s ability to effective"
001,Barclays plc,2025,001_barclays_plc_annual_report_2025.txt,"Fairness, bias and ethics",bias,bias,241,bias,"ry sanctions, both for themodel types. This includes risks arising from AI hallucinating and providing false b) Customer protection risk individuals and the Group. information, the exacerbation of bias and The Group must ensure that its e) Data privacy risk fairness risk due to the automation of customers, particularly those that are The Group must ensure that personal data outcomes and th"
001,Barclays plc,2025,001_barclays_plc_annual_report_2025.txt,"Fairness, bias and ethics",bias,bias,355,bias,"s of potential California and Illinois, require employers to DMCCA also simplifies and enhances thedisruption. Such measures are resulting in conduct bias audits, provide transparency process by which the regulators mayincreased technology and compliance through notice to candidates and"
001,Barclays plc,2025,001_barclays_plc_annual_report_2025.txt,"Fairness, bias and ethics",bias,bias,391,bias,"e impact of the pressure management may be in a position to make to meet targets set out in the strategic inappropriate accounting entries and the plan. FY25 marked the second year of risk of management bias in accounting execution against the three-year estimates and judgements. strategic plan announced by Barclays In this audit, we have not identified a PLC Group in their February 2024 signi"
001,Barclays plc,2025,001_barclays_plc_annual_report_2025.txt,"Fairness, bias and ethics",bias,bias,391,bias,"about where fraud risks may effectiveness of relevant internal controls, arise. The discussions also involved our assessing significant accounting estimates forensic specialists to assist us in for bias, as well as substantive procedures identifying fraud risk factors based on to address the fraud risks. discussions of the circumstances of the Group and Parent Company, including consideration of fraudulent"
001,Barclays plc,2025,001_barclays_plc_annual_report_2025.txt,"Fairness, bias and ethics",fairness,fairness,2,fairness,"d opportunity in courage, transparency and humility, putting the what we do, championing leaving things better than our business, trust those we and fairness in all we do people and businesses innovation and using we found them work with, and value we serve at the centre of"
001,Barclays plc,2025,001_barclays_plc_annual_report_2025.txt,"Fairness, bias and ethics",fairness,fairness,111,fairness,"le what we do, and are passionate inclusion in our transparency and businesses championing about leaving business, trust those and fairness we serve at innovation and using things better than we work with, and in all we do the centre our energy, expertise we found them value"
001,Barclays plc,2025,001_barclays_plc_annual_report_2025.txt,"Fairness, bias and ethics",fairness,fairness,165,fairness,", simple and transparent for all our as possible stakeholders. All employees and stakeholders should understand how we reward our employees, and fairness should be a lens through which we make remuneration decisions. Role of the Remuneration Committee in wider workforce remuneration The Committee considers the overarching obj"
001,Barclays plc,2025,001_barclays_plc_annual_report_2025.txt,"Fairness, bias and ethics",fairness,fairness,170,fairness,'s role and contribution We have robust processes to review and challenge performance and pay decisions We work closely with Unite the union to review the fairness of performance management and pay distribution for the employees they cover in the UK We are actively making our approach to fair pay more transparent for employees Emplo
001,Barclays plc,2025,001_barclays_plc_annual_report_2025.txt,"Fairness, bias and ethics",fairness,fairness,213,fairness,"business practices and processes tothere is no undue pressure on colleagues buying their first home. This year saw us ensure fairness. We also believe ourto sell products, which can result in mis- launch 95% Loan-to-Value lending outside commitment to fair lending and fairsellin"
001,Barclays plc,2025,001_barclays_plc_annual_report_2025.txt,"Fairness, bias and ethics",fairness,fairness,238,fairness,"p's business, such as those related tofinancial harm. risks from competitors. algorithmic fairness, data life-cycle A successful cyber attack may result in management, data ethics, data privacy and d) Fraud significant fines and penalties to the Group. security and records management (e.g. the The nature of"
001,Barclays plc,2025,001_barclays_plc_annual_report_2025.txt,"Fairness, bias and ethics",fairness,fairness,241,fairness,"lucinating and providing false b) Customer protection risk individuals and the Group. information, the exacerbation of bias and The Group must ensure that its e) Data privacy risk fairness risk due to the automation of customers, particularly those that are The Group must ensure that personal data outcomes and the absence or insufficiency vulnerable, are able to make well-informed is han"
002,HSBC Holdings plc,2025,002_hsbc_holdings_plc_annual_report_2025.txt,AI and related technologies,artificial intelligence,artificial intelligence,13,artificial intelligence,"source of funding for us, and forms the Hongkong and Shanghai Banking Corporation foundation of our financial stability. Limited, HSBC UK and HSBC Bank plc. Improving operational excellence through artificial intelligence In 2025, we accelerated the adoption of tool, HSBC Productivity Suite, which helps colleagues, and drive performance. Through Generative AI (‘GenAI’) across HSBC, moving them to analyse and translate"
002,HSBC Holdings plc,2025,002_hsbc_holdings_plc_annual_report_2025.txt,AI and related technologies,artificial intelligence,artificial intelligence,61,Artificial Intelligence,"e human rights audits of suppliers HSBC’s Principles for the Ethical Use of Data 4,100 (a more than 15% increase since last and closed out findings from the 2024 audits. and Artificial Intelligence include how we seek year) survivors of modern slavery and human to respect the right to privacy while making trafficking in the UK.We use independent negative"
002,HSBC Holdings plc,2025,002_hsbc_holdings_plc_annual_report_2025.txt,AI and related technologies,artificial intelligence,artificial intelligence,191,artificial intelligence,businesses on digital transformation. developers and independent software – Independent non-executive vendors and artificial intelligence Director of Forrit Holdings Limited solutions. – Member of Advisory Board of
002,HSBC Holdings plc,2025,002_hsbc_holdings_plc_annual_report_2025.txt,AI and related technologies,artificial intelligence,artificial intelligence,365,artificial intelligence,"esult in our failure to achieve any of the expected outcomes of our strategic priorities and may result in reputational risks; evolving regulatory requirements and the development of new technologies, including artificial intelligence, affecting how we manage risk, including model risk; model limitations or failure, including, without limitation, the impact that high inflationary pressures and interest rates have had on the performance a"
002,HSBC Holdings plc,2025,002_hsbc_holdings_plc_annual_report_2025.txt,AI and related technologies,artificial intelligence,artificial intelligence,368,Artificial intelligence,"ange in expected credit losses and other AGM Annual General Meeting credit impairment charges. In the balance sheet, ECL is AI Artificial intelligence recorded as an allowance for financial instruments to which o"
002,HSBC Holdings plc,2025,002_hsbc_holdings_plc_annual_report_2025.txt,AI and related technologies,AI,AI,7,AI,"offset by the significant momentum generated by AI capital expenditure and trade growth, and by the support provided by the ever-"
002,HSBC Holdings plc,2025,002_hsbc_holdings_plc_annual_report_2025.txt,AI and related technologies,AI,AI,8,AI,"Board at our 2026 AGM. I want to thank Ann growth, reaping the benefits of sizeable for her considerable contributions to the HSBC investments in AI, tax cuts and incentives, as Board. well as substantial deregulation. Against this backdrop, we believe that the"
002,HSBC Holdings plc,2025,002_hsbc_holdings_plc_annual_report_2025.txt,AI and related technologies,AI,AI,8,AI,"global trade is also set to grow, supported by the expansion of new trade corridors and the In November 2025, we published our updated boom in AI hardware demand. Inflation should Brendan Nelson Net Zero Transition Plan, setting out our continue drifting downward, although with"
002,HSBC Holdings plc,2025,002_hsbc_holdings_plc_annual_report_2025.txt,AI and related technologies,AI,AI,10,AI,"addition to the two transactions we focusing on resilience and risk management. announced in 2024. We are modernising the bank through AI and a simple, more agile, automation to enhance customer experience, Taken together, the"
002,HSBC Holdings plc,2025,002_hsbc_holdings_plc_annual_report_2025.txt,AI and related technologies,AI,AI,10,AI,"technologies. More than 31,000 of our engineers now use an AI-enabled coding Following the privatisation of Hang Seng Bank, assistant"
002,HSBC Holdings plc,2025,002_hsbc_holdings_plc_annual_report_2025.txt,AI and related technologies,AI,AI,13,AI,"Improving operational excellence through artificial intelligence In 2025, we accelerated the adoption of tool, HSBC Productivity Suite, which helps colleagues, and drive performance. Through Generative AI (‘GenAI’) across HSBC, moving them to analyse and translate documents, 2026, we intend to expand enterprise-wide from experimentation to scaled delivery. summarise information and generate insights. adopt"
002,HSBC Holdings plc,2025,002_hsbc_holdings_plc_annual_report_2025.txt,AI and related technologies,AI,AI,13,AI,"I’) across HSBC, moving them to analyse and translate documents, 2026, we intend to expand enterprise-wide from experimentation to scaled delivery. summarise information and generate insights. adoption of AI tools and strive to embed AI Today, we have over 100 GenAI solutions in deeper into our core processes. While the progress this ye"
002,HSBC Holdings plc,2025,002_hsbc_holdings_plc_annual_report_2025.txt,AI and related technologies,AI,AI,13,AI,"m to analyse and translate documents, 2026, we intend to expand enterprise-wide from experimentation to scaled delivery. summarise information and generate insights. adoption of AI tools and strive to embed AI Today, we have over 100 GenAI solutions in deeper into our core processes. While the progress this year has beenuse and a strong p"
002,HSBC Holdings plc,2025,002_hsbc_holdings_plc_annual_report_2025.txt,AI and related technologies,AI,AI,13,AI,"While the progress this year has beenuse and a strong pipeline of use cases in significant, the opportunity ahead is fardevelopment. Our adoption of AI is greater. Our strategic partnership with Mistralunderpinned by our people, and we continue strengthens our commitment to s"
002,HSBC Holdings plc,2025,002_hsbc_holdings_plc_annual_report_2025.txt,AI and related technologies,AI,AI,30,AI,"t with key suppliers to facilitate exploratory conversations, including – Direct supplier engagement provided the opportunity to discuss matters of discussions on how technology solutions may be enhanced through AI and data and strategic relevance; to better understand our suppliers’ challenges and opportunities for innovation, particularly in the areas of improving customer where there are opportunities for co"
002,HSBC Holdings plc,2025,002_hsbc_holdings_plc_annual_report_2025.txt,AI and related technologies,AI,AI,32,AI,"appetite.customers who operate in some of the most and tensions could impact the Group’s affected markets. operations and risk profile. We continue to HSBC is committed to using AI responsibly. We monitor the Russia-Ukraine war, developments are working to balance the opportunity AIFinancial markets have witnessed significant"
002,HSBC Holdings plc,2025,002_hsbc_holdings_plc_annual_report_2025.txt,AI and related technologies,AI,AI,32,AI,"f our strategyvaluation gains, including in the artificial wider implications as a result of the US military with the need for appropriate controls to helpintelligence (‘AI’) and technology sectors. The action in Venezuela, as well as any indication of mitigate the associated risks. To help meet theinvestment in these sectors may deli"
002,HSBC Holdings plc,2025,002_hsbc_holdings_plc_annual_report_2025.txt,AI and related technologies,AI,AI,32,AI,"action or conflicts Group’s needs and regulatory expectations forto productivity, but current high valuations also elsewhere. These conflicts remain key sources AI, whether developed internally or facilitatedraise the risk of a material fall in the markets if of uncertainty, and may impact HSBC and our through third parties,"
002,HSBC Holdings plc,2025,002_hsbc_holdings_plc_annual_report_2025.txt,AI and related technologies,AI,AI,32,AI,"act HSBC and our through third parties, we continue to enhancethe expected gains to productivity fail to customers, including through increased market our Group-wide AI oversight, governance,materialise. A disruptive market correction volatility and supply chain disruptions. lifecycle management and risk fr"
002,HSBC Holdings plc,2025,002_hsbc_holdings_plc_annual_report_2025.txt,AI and related technologies,AI,AI,32,AI,"ghtened strategic competition between the HSBC’s Principles for the Ethical Use of Datamay in turn have an adverse effect on HSBC’s US and China, including cross-border and AI are available at www.hsbc.com/ai.risk profile and earnings by increasing the investment restrictions, is also affecting thefinancial vulnerability of customers and"
002,HSBC Holdings plc,2025,002_hsbc_holdings_plc_annual_report_2025.txt,AI and related technologies,AI,AI,32,ai,"ween the HSBC’s Principles for the Ethical Use of Datamay in turn have an adverse effect on HSBC’s US and China, including cross-border and AI are available at www.hsbc.com/ai.risk profile and earnings by increasing the investment restrictions, is also affecting thefinancial vulnerability of customers and We conti"
002,HSBC Holdings plc,2025,002_hsbc_holdings_plc_annual_report_2025.txt,AI and related technologies,AI,AI,33,AI,"financial reporting and data, ESG, conduct, as well as sound risk and financial crime risk management practices. The approach to regulation is increasingly fragmented, including in relation to AI and digital assets, and a trend towards deregulation has emerged in some jurisdictions, concurrently with regulatory actions to support business growth. Intern"
002,HSBC Holdings plc,2025,002_hsbc_holdings_plc_annual_report_2025.txt,AI and related technologies,AI,AI,33,AI,"continue to drive changes to the way model risk is managed across the banking industry, with a particular focus on capital and credit loss models. New technologies, including AI, are driving a need for enhanced model risk controls. Strategic execution Successful execution of our strategy enables us to help address the swiftly changing needs of our customers and risk ~ stakeho"
002,HSBC Holdings plc,2025,002_hsbc_holdings_plc_annual_report_2025.txt,AI and related technologies,AI,AI,37,AI,"analytics capability, working to deliver trusted capture climate impacts in our financialour strategic planning cycle. For climate data assets, dashboards, AI, and advanced statements for the year ended 31 Decemberreporting, we define short-term as time analytics solutions that help support initiatives 2025. The eff"
002,HSBC Holdings plc,2025,002_hsbc_holdings_plc_annual_report_2025.txt,AI and related technologies,AI,AI,39,AI,"AUD16bn in green and sustainability- electrification of transport, and data centres Understanding customer transition linked loans during 2025, and HSBC and AI. These ecosystems represent a priorities played key roles across various significant volume of the transition capex We take a holistic approach to understanding t"
002,HSBC Holdings plc,2025,002_hsbc_holdings_plc_annual_report_2025.txt,AI and related technologies,AI,AI,39,AI,"corporate customers sustainability-linked loans embed key electrification will be an important step to to help tailor our solutions to the diverse performance indicators across renewable minimise AI’s operational footprint while realities they face around the globe, and the energy adoption and energy and water maximising the technology’s potential1. different stages of their transition journ"
002,HSBC Holdings plc,2025,002_hsbc_holdings_plc_annual_report_2025.txt,AI and related technologies,AI,AI,58,AI,"uip them Academy has evolved to focus on specialised with the skills they need today while also technical pathways tailored to employee roles preparing them to meet future challenges. and their level of AI involvement. It provides comprehensive training on AI literacy, Establishing our leadership framework responsible AI, and AI ethics, with To support our refreshed strateg"
002,HSBC Holdings plc,2025,002_hsbc_holdings_plc_annual_report_2025.txt,AI and related technologies,AI,AI,58,AI,"lso technical pathways tailored to employee roles preparing them to meet future challenges. and their level of AI involvement. It provides comprehensive training on AI literacy, Establishing our leadership framework responsible AI, and AI ethics, with To support our refreshed strategy and participants earning badges to recognise their ambition, a cross-section of bu"
002,HSBC Holdings plc,2025,002_hsbc_holdings_plc_annual_report_2025.txt,AI and related technologies,AI,AI,58,AI,"em to meet future challenges. and their level of AI involvement. It provides comprehensive training on AI literacy, Establishing our leadership framework responsible AI, and AI ethics, with To support our refreshed strategy and participants earning badges to recognise their ambition, a cross-section of business leaders achievements. In 2025, we piloted the AI developed"
002,HSBC Holdings plc,2025,002_hsbc_holdings_plc_annual_report_2025.txt,AI and related technologies,AI,AI,58,AI,"et future challenges. and their level of AI involvement. It provides comprehensive training on AI literacy, Establishing our leadership framework responsible AI, and AI ethics, with To support our refreshed strategy and participants earning badges to recognise their ambition, a cross-section of business leaders achievements. In 2025, we piloted the AI developed and laun"
002,HSBC Holdings plc,2025,002_hsbc_holdings_plc_annual_report_2025.txt,AI and related technologies,AI,AI,58,AI,"esponsible AI, and AI ethics, with To support our refreshed strategy and participants earning badges to recognise their ambition, a cross-section of business leaders achievements. In 2025, we piloted the AI developed and launched a set of leadership Ambassador mentorship programme to principles and a new Group-wide leadership empower a future-ready workforce. This framework called How We Lead. This is in"
002,HSBC Holdings plc,2025,002_hsbc_holdings_plc_annual_report_2025.txt,AI and related technologies,AI,AI,58,AI,"tools and consistent leadership language for all dynamic peer-to-peer mentorship and people leaders across HSBC. meaningful connections. Supporting future skills Engagement with the AI Academy remained We have evolved our platforms to offer skills, strong throughout 2025, with 26,000 Energising our colleaguesopportunities and"
002,HSBC Holdings plc,2025,002_hsbc_holdings_plc_annual_report_2025.txt,AI and related technologies,AI,AI,58,AI,".supporting our colleagues to grow, perform and adapt in a changing environment. In 2025, Hong Kong has progressed AI capability- This year, we made significant upskillingwe: building with its ‘Skills Galaxy’ and ‘Skills efforts to fast track our digital, – incr"
002,HSBC Holdings plc,2025,002_hsbc_holdings_plc_annual_report_2025.txt,AI and related technologies,AI,AI,58,AI,"orts to fast track our digital, – increased the number of active users and Master’ initiatives. These programmes focus sustainability and growth ambitions: participation in learning programmes. To on AI, data and leadership. The Skills Galaxy bridge skill gaps we offered access to carnival attracted over 1,400 colleagues, – Since its inception in 2024, our Digital learning content, fostering kno"
002,HSBC Holdings plc,2025,002_hsbc_holdings_plc_annual_report_2025.txt,AI and related technologies,AI,AI,58,AI,"masters. This strategic recognise skill-building achievements, with colleagues in themed semesters to promote investment in professional 46 new badges launched and more than continuous learning in AI and data. development empowers our teams to build superior products and deliver 42,000 crede"
002,HSBC Holdings plc,2025,002_hsbc_holdings_plc_annual_report_2025.txt,AI and related technologies,AI,AI,58,AI,"5. ongoing improvement for colleagues. well-being areas. To date, over 4,500 senior (2024: 29.6 hours) leaders globally have attended leadership Fostering AI adoption events held at the China campus. Our AI Academy continues to drive innovation and improvement, equipping colleagues with the skills to use AI technologies effectively"
002,HSBC Holdings plc,2025,002_hsbc_holdings_plc_annual_report_2025.txt,AI and related technologies,AI,AI,58,AI,"o date, over 4,500 senior (2024: 29.6 hours) leaders globally have attended leadership Fostering AI adoption events held at the China campus. Our AI Academy continues to drive innovation and improvement, equipping colleagues with the skills to use AI technologies effectively HSBC Holdings plc Annual Report and Accounts 2025"
002,HSBC Holdings plc,2025,002_hsbc_holdings_plc_annual_report_2025.txt,AI and related technologies,AI,AI,58,AI,"ers globally have attended leadership Fostering AI adoption events held at the China campus. Our AI Academy continues to drive innovation and improvement, equipping colleagues with the skills to use AI technologies effectively HSBC Holdings plc Annual Report and Accounts 2025 56"
002,HSBC Holdings plc,2025,002_hsbc_holdings_plc_annual_report_2025.txt,AI and related technologies,AI,AI,61,AI,"espondents highlighted business customers. Multinational Enterprises on Responsible several developing issues, including the Business Conduct. potential social impacts of AI on communities. Our salient human rights issues Our salient human rights issues We continue to develop our understanding of our salient human rights issues. These are the Illu"
002,HSBC Holdings plc,2025,002_hsbc_holdings_plc_annual_report_2025.txt,AI and related technologies,AI,AI,61,ai,"technologies.help identify controversies related to our Our personal customers (IWPB) team corporate customers, including on human Ñ For further details see www.hsbc.com/ai-principles. continues to deliver training to raise rights, which may lead to further review and awareness of modern slavery, which seeks to"
002,HSBC Holdings plc,2025,002_hsbc_holdings_plc_annual_report_2025.txt,AI and related technologies,AI,AI,65,AI,"further integrate sustainability into sourcing refreshed the Code to include principles on responsible use of AI. We continue to strategy and decision making, including new Sustainable procurement formalise adhere"
002,HSBC Holdings plc,2025,002_hsbc_holdings_plc_annual_report_2025.txt,AI and related technologies,AI,AI,66,AI,"protocols. Key remains a concern for the Group and the preparedness for emerging technology risks, risk indicators, significant cyber incidents and broader financial sector. As cyber threats such as AI and quantum computing. other matters related to cybersecurity are continue to evolve, failure to protect our presented on a regular basis to various risk"
002,HSBC Holdings plc,2025,002_hsbc_holdings_plc_annual_report_2025.txt,AI and related technologies,AI,AI,102,AI,", including number of climate models and have sought to enhance our internal growing adoption of digital assets and currencies, as well as the climate scenario analysis capabilities. evolving use of AI through reviewing and enhancing controls across – We deployed advanced technology and analytics capabilities into risk areas to help us and our customers safely benefit from new markets to improve our a"
002,HSBC Holdings plc,2025,002_hsbc_holdings_plc_annual_report_2025.txt,AI and related technologies,AI,AI,102,AI,"g concern over fiscal also rose on account of strong corporate earnings and investor sustainability and an increasingly complex fiscal and monetary policy enthusiasm for technology stocks and investment in AI. environment. A key source of ongoing uncertainty is the volatility of US trade and Equity markets rose strongly during 2025, led by significant gains for tariff policies. Changes to tariff rates"
002,HSBC Holdings plc,2025,002_hsbc_holdings_plc_annual_report_2025.txt,AI and related technologies,AI,AI,102,AI,"is the volatility of US trade and Equity markets rose strongly during 2025, led by significant gains for tariff policies. Changes to tariff rates, including sector-specific levies, the technology sector and AI company valuations in particular. While may deter capital investment and consumer spending, disrupt supply high asset prices may create a tailwind from positive wealth effects, chains and reduce global trade growth"
002,HSBC Holdings plc,2025,002_hsbc_holdings_plc_annual_report_2025.txt,AI and related technologies,AI,AI,102,AI,"fs begin to increase more potential impact on economic growth of an abrupt revaluation of asset significantly, employment growth continues to be constrained by prices. uncertainty, or if investment in AI starts to yield productivity gains that reduce demand for labour. Fiscal policy and high levels of government debt are monitored closely."
002,HSBC Holdings plc,2025,002_hsbc_holdings_plc_annual_report_2025.txt,AI and related technologies,AI,AI,103,AI,"financial markets globally. Risks arise where, for example, technology – Ñ For further details of market conditions, see page 144. including rapidly advancing AI – is not understood, maintained or developed appropriately. We also continue to operate in an increasingly Sanctions and restrictions on trade and investm"
002,HSBC Holdings plc,2025,002_hsbc_holdings_plc_annual_report_2025.txt,AI and related technologies,AI,AI,104,AI,"nce of nature-related risks, as well as the fraud and protecting customers. The accessibility and increasing complex interactions and compounding effects of climate and nature- sophistication of Generative AI (‘GenAI’) can create additional financial related risk drivers. Nature-related risks may emerge when crime risks. While there is potential for the technology to support dependencies on natural capital – su"
002,HSBC Holdings plc,2025,002_hsbc_holdings_plc_annual_report_2025.txt,AI and related technologies,AI,AI,105,AI,"regulations to support our customers and strategic objectives. – We continue to develop our fraud controls and invest in capabilities to fight financial crime through the application of advanced analytics and AI, while monitoring technological developments and engaging Internally driven with third parties. – We continue to assess the impact of a rapidly changing payments Data risk"
002,HSBC Holdings plc,2025,002_hsbc_holdings_plc_annual_report_2025.txt,AI and related technologies,AI,AI,105,AI,"tructure Mitigating actions through investments in cloud technology, data visualisation, machine learning and AI. – We continue to monitor this emerging risk and advances in – We provide regular mandatory training globally to educate our technology, as well as cha"
002,HSBC Holdings plc,2025,002_hsbc_holdings_plc_annual_report_2025.txt,AI and related technologies,AI,AI,105,AI,"ansparency and wider payment infrastructure. from third parties – We conduct risk assessments and have governance in place (for We use third parties to provide a range of goods and services. It is example on AI and digital assets and currencies) to help enable critical that we seek to have appropriate risk management policies, Group-wide cross-risk focus on areas of emerging technology. processes and prac"
002,HSBC Holdings plc,2025,002_hsbc_holdings_plc_annual_report_2025.txt,AI and related technologies,AI,AI,105,AI,"supply chain, particularly for key activities that technology innovation, for example publishing HSBC’s Principles for could affect our operational resilience. Any deficiency in the the Ethical Use of Data and AI. management of risks associated with our third parties could affect our ability to support our cu"
002,HSBC Holdings plc,2025,002_hsbc_holdings_plc_annual_report_2025.txt,AI and related technologies,AI,AI,105,AI,"equivalent control requirements as we apply to external third-party required to operate in these markets. The approach to regulation is arrangements; increasingly fragmented, including in relation to AI and digital assets, – strengthen our due diligence and monitoring capabilities in respect and a trend towards deregulation has emerged in some jurisdictions, of the financial stability of our third parti"
002,HSBC Holdings plc,2025,002_hsbc_holdings_plc_annual_report_2025.txt,AI and related technologies,AI,AI,106,AI,"ion risk for transformative initiatives. Additionally, the HSBC Holdings Board provides enhanced oversight over the simplification Focus remains on AI and machine learning models given the rapid pace programme, directly supervising its mobilisation and delivery. of technological advances, including the dev"
002,HSBC Holdings plc,2025,002_hsbc_holdings_plc_annual_report_2025.txt,AI and related technologies,AI,AI,106,AI,"d delivery. of technological advances, including the development of GenAI and – We have updated our strategic execution risk metrics and reportingagentic AI (autonomous systems powered by AI agents). AI is driving to help support improved monitoring and oversight of performance.significant changes"
002,HSBC Holdings plc,2025,002_hsbc_holdings_plc_annual_report_2025.txt,AI and related technologies,AI,AI,106,AI,"ces, including the development of GenAI and – We have updated our strategic execution risk metrics and reportingagentic AI (autonomous systems powered by AI agents). AI is driving to help support improved monitoring and oversight of performance.significant changes in modelling techniques, and regu"
002,HSBC Holdings plc,2025,002_hsbc_holdings_plc_annual_report_2025.txt,AI and related technologies,AI,AI,106,AI,"ng the development of GenAI and – We have updated our strategic execution risk metrics and reportingagentic AI (autonomous systems powered by AI agents). AI is driving to help support improved monitoring and oversight of performance.significant changes in modelling techniques, and regulators acros"
002,HSBC Holdings plc,2025,002_hsbc_holdings_plc_annual_report_2025.txt,AI and related technologies,AI,AI,106,AI,"levels, with an empathetic mindset and approach, while ensuring with model risk policy and if model risk procedures are adequate. the whole proposition of working at HSBC is well understood. – Models using AI or GenAI techniques are reviewed by the relevant – Our Future Skills curriculum aims to provide skills that enable risk teams and monitored by the business to help ensure that employees and HSBC to b"
002,HSBC Holdings plc,2025,002_hsbc_holdings_plc_annual_report_2025.txt,AI and related technologies,AI,AI,106,AI,"esigned to shape the way we operate. This initiative – We have enhanced our inventory control to apply heightened brings with it a new set of Leadership Principles, and we expect it to scrutiny of agentic AI use cases before deployment. drive meaningful changes in our ways of working across the organisation."
002,HSBC Holdings plc,2025,002_hsbc_holdings_plc_annual_report_2025.txt,AI and related technologies,AI,AI,183,AI,"ping a governance framework to manage the range of risks for managing model risk is delegated from the Board to the Group Chief these AI techniques, including machine learning and agentic AI Risk and Compliance Officer, who authorises the Group Model Risk (autonomous systems powere"
002,HSBC Holdings plc,2025,002_hsbc_holdings_plc_annual_report_2025.txt,AI and related technologies,AI,AI,183,AI,"ks for managing model risk is delegated from the Board to the Group Chief these AI techniques, including machine learning and agentic AI Risk and Compliance Officer, who authorises the Group Model Risk (autonomous systems powered by AI agents), can introduce."
002,HSBC Holdings plc,2025,002_hsbc_holdings_plc_annual_report_2025.txt,AI and related technologies,AI,AI,183,AI,"niques, including machine learning and agentic AI Risk and Compliance Officer, who authorises the Group Model Risk (autonomous systems powered by AI agents), can introduce. Committee. This committee regularly reviews our model risk management po"
002,HSBC Holdings plc,2025,002_hsbc_holdings_plc_annual_report_2025.txt,AI and related technologies,AI,AI,199,AI,their experiences with HSBC. Group OpCo and the Chairman’s Forum to share key insights and – Met with a small group of AI Ambassadors to discuss the education issues raised during employee engagements. This enabled open opportunities in technology across the business. dialogue with senior executives and other Group subsidi
002,HSBC Holdings plc,2025,002_hsbc_holdings_plc_annual_report_2025.txt,AI and related technologies,AI,AI,200,AI,"l resilience,The induction process is often initiated before appointment to allow health and safety, well-being, cyber-security, financial crime, AI andeach new Board member to contribute meaningfully from appointment. data protection.The structure of the induction supports good information flows"
002,HSBC Holdings plc,2025,002_hsbc_holdings_plc_annual_report_2025.txt,AI and related technologies,AI,AI,201,AI,"nce and participation at these meetings supports – Board reporting: the Group Company Secretary has been tasked subsidiary directors’ understanding of the challenges facing the Group with exploring the use of AI tools to help with report preparation, as and helps to identify common challenges and facilitate the sharing of well as to enable Directors to review and analyse information within lessons learned. meeting p"
002,HSBC Holdings plc,2025,002_hsbc_holdings_plc_annual_report_2025.txt,AI and related technologies,AI,AI,201,AI,"overnance, culture, – ensuring a consistent and proportionate approach to corporate customers, building a future-focused board, climate, transformation, AI governance arrangements; and and geopolitics. – ensuring a shared and consistent understanding of the Group’s strategic objectives, culture and values."
002,HSBC Holdings plc,2025,002_hsbc_holdings_plc_annual_report_2025.txt,AI and related technologies,AI,AI,211,AI,"ations Committee ('GTO'), weappointment of Wei Sun Christianson in January 2026. The Committee have explored the exciting developments in our ventures into AI and havewas pleased to support the appointment of Richard Blackburn as expanded our risk appetite for digital assets and currencies to respond toGroup Chief"
002,HSBC Holdings plc,2025,002_hsbc_holdings_plc_annual_report_2025.txt,AI and related technologies,AI,AI,214,AI,– The GRC will continue to work with the GTO to consider the risks and opportunities in the use of AI (generative and advanced) and digital assets and currencies in 2026. Wholesale/ HSBC faces risk from the possibility of losses – The GRC received regular updates on the macroeconomic and policy landscape r
002,HSBC Holdings plc,2025,002_hsbc_holdings_plc_annual_report_2025.txt,AI and related technologies,AI,AI,214,AI,"the inherent risks associated with growth, and the potential for insiders to use new tools, such as AI, to attack the bank. HSBC Holdings plc Annual Report and Accounts 2025 212"
002,HSBC Holdings plc,2025,002_hsbc_holdings_plc_annual_report_2025.txt,AI and related technologies,AI,AI,215,AI,"he Global Service Centre. This enabled in-person interactions with several teams across We considered the ambitions and strategic plans relating to AI and technology and operations, and enhanced our understanding of key digital assets and currencies, with particular focus on understanding areas of focus and progress in the region. areas of opportunity, p"
002,HSBC Holdings plc,2025,002_hsbc_holdings_plc_annual_report_2025.txt,AI and related technologies,AI,AI,217,AI,"Group Technology & Operations Committee Principal activities and significant issues considered during 2025 (continued) Area of focus Key issues Conclusions and actions Generative AI While GenAI will provide operational – The GTO reviewed and challenged strategies to leverage the opportunities presented by innovation and strategy efficiency, none of the use cases in new technolo"
002,HSBC Holdings plc,2025,002_hsbc_holdings_plc_annual_report_2025.txt,AI and related technologies,AI,AI,217,AI,ng model and required to drive long term sustainable reviewed detailed business cases relating to data as well as key milestones and accountable executives. benefits and enable AI at scale. – A newly-defined suite of metrics will be used to demonstrate progress and business outcomes. – Activities to implement improvements to data risks
002,HSBC Holdings plc,2025,002_hsbc_holdings_plc_annual_report_2025.txt,AI and related technologies,AI,AI,217,AI,"processes; and sophistication of threats; – embedding of operational resilience across the organisation,– priority innovation initiatives, including AI and digital assets, given including further automation of manual controls. the rapidly evolving market; – execution of the holistic data"
002,HSBC Holdings plc,2025,002_hsbc_holdings_plc_annual_report_2025.txt,AI and related technologies,AI,AI,217,AI,"including further automation of manual controls. the rapidly evolving market; – execution of the holistic data strategy with a focus on future opportunities, including those enabled by AI; HSBC Holdings plc Annual Report and Accounts 2025 215"
002,HSBC Holdings plc,2025,002_hsbc_holdings_plc_annual_report_2025.txt,AI and related technologies,AI,AI,250,AI,"gers, providing a variety of learning opportunities Employees through our Enterprise Skills Academies. We have launched our new AI Academy to support advanced skillsAt 31 December 2025, HSBC had a total workforce equivalent to development aligned with HSBC’s AI strategy, expanded our ’D"
002,HSBC Holdings plc,2025,002_hsbc_holdings_plc_annual_report_2025.txt,AI and related technologies,AI,AI,250,AI,"We have launched our new AI Academy to support advanced skillsAt 31 December 2025, HSBC had a total workforce equivalent to development aligned with HSBC’s AI strategy, expanded our ’Doing209,000 full-time employees compared with 211,000 at the end of Business in India and China’ programmes to include Saudi Ara"
002,HSBC Holdings plc,2025,002_hsbc_holdings_plc_annual_report_2025.txt,AI and related technologies,AI,AI,350,AI,"by the Group where Subsidiaries this varies) Footnotes Subsidiaries this varies) Footnotes AI Nominees (UK) One Limited 100.00 11 Guangzhou HSBC Real Estate Company Ltd N/A 1, 10, 37 AI Nominees (UK) Two Limited 100.00"
002,HSBC Holdings plc,2025,002_hsbc_holdings_plc_annual_report_2025.txt,AI and related technologies,AI,AI,350,AI,"this varies) Footnotes AI Nominees (UK) One Limited 100.00 11 Guangzhou HSBC Real Estate Company Ltd N/A 1, 10, 37 AI Nominees (UK) Two Limited 100.00 11 Hang Seng (Nominee) Limited 100.00 (63.43) 38 Almacenadora Banpacifico S.A. (In N/A"
002,HSBC Holdings plc,2025,002_hsbc_holdings_plc_annual_report_2025.txt,AI and related technologies,AI,AI,368,AI,"recorded as a change in expected credit losses and other AGM Annual General Meeting credit impairment charges. In the balance sheet, ECL is AI Artificial intelligence recorded as an allowance for financial instruments to which"
002,HSBC Holdings plc,2025,002_hsbc_holdings_plc_annual_report_2025.txt,AI and related technologies,AI,AI,368,AI,GDP Gross domestic product BVI British Virgin Islands GenAI Generative AI C GHG Greenhouse Gas CAPM Capital asset pricing model GPS Global Payments
002,HSBC Holdings plc,2025,002_hsbc_holdings_plc_annual_report_2025.txt,AI and related technologies,machine learning,machine learning,105,machine learning,"and analytics infrastructure Mitigating actions through investments in cloud technology, data visualisation, machine learning and AI. – We continue to monitor this emerging risk and advances in – We provide regular mandatory training globally to educate our technology, as well"
002,HSBC Holdings plc,2025,002_hsbc_holdings_plc_annual_report_2025.txt,AI and related technologies,machine learning,machine learning,106,machine learning,"k for transformative initiatives. Additionally, the HSBC Holdings Board provides enhanced oversight over the simplification Focus remains on AI and machine learning models given the rapid pace programme, directly supervising its mobilisation and delivery. of technological advances, including the development of GenAI and"
002,HSBC Holdings plc,2025,002_hsbc_holdings_plc_annual_report_2025.txt,AI and related technologies,machine learning,machine learning,183,machine learning,"nued enhancements to our framework for the independent We use a variety of modelling approaches, including regression, validation of models, including new GenAI techniques that are simulation, sampling, machine learning and judgemental scorecards for a becoming more widely used; and range of business applications. These activities include customer"
002,HSBC Holdings plc,2025,002_hsbc_holdings_plc_annual_report_2025.txt,AI and related technologies,machine learning,machine learning,183,machine learning,"rk to manage the range of risks for managing model risk is delegated from the Board to the Group Chief these AI techniques, including machine learning and agentic AI Risk and Compliance Officer, who authorises the Group Model Risk (autonomous systems powered by AI agents), can introduce."
002,HSBC Holdings plc,2025,002_hsbc_holdings_plc_annual_report_2025.txt,AI and related technologies,automation,automation,10,automation,"announced in 2024. We are modernising the bank through AI and a simple, more agile, automation to enhance customer experience, Taken together, the completed and announced focused bank built for increase productivity"
002,HSBC Holdings plc,2025,002_hsbc_holdings_plc_annual_report_2025.txt,AI and related technologies,automation,automation,216,automation,"– The GTO reviewed plans to further embed the operational resilience framework, implementation of strategic tooling, automation of manual controls and meeting regulatory requirements. – The GTO discussed challenges being encountered by the principal subsidiaries to meet market-"
002,HSBC Holdings plc,2025,002_hsbc_holdings_plc_annual_report_2025.txt,AI and related technologies,automation,automation,217,automation,"operational resilience across the organisation,– priority innovation initiatives, including AI and digital assets, given including further automation of manual controls. the rapidly evolving market; – execution of the holistic data strategy with a focus on future opportunities, including those enabled by AI; HSBC Holding"
002,HSBC Holdings plc,2025,002_hsbc_holdings_plc_annual_report_2025.txt,AI and related technologies,automation,automation,330,automation,"internal planning horizon. Key assumptions underlying cash flow projections reflect management’s outlook on interest rates and inflation, as well as business strategy, including the scale of investment in technology and automation. Our cash flow projections include known and observable climate-related opportunities and costs associated with our sustainable products and operating model. As required by IFRS Accounting Standards, estimates of future"
002,HSBC Holdings plc,2025,002_hsbc_holdings_plc_annual_report_2025.txt,AI and related technologies,generative AI,generative AI,13,Generative AI,"Bank plc. Improving operational excellence through artificial intelligence In 2025, we accelerated the adoption of tool, HSBC Productivity Suite, which helps colleagues, and drive performance. Through Generative AI (‘GenAI’) across HSBC, moving them to analyse and translate documents, 2026, we intend to expand enterprise-wide from experimentation to scaled delivery. summarise information and generate insights. adopt"
002,HSBC Holdings plc,2025,002_hsbc_holdings_plc_annual_report_2025.txt,AI and related technologies,generative AI,generative AI,104,Generative AI,"the importance of nature-related risks, as well as the fraud and protecting customers. The accessibility and increasing complex interactions and compounding effects of climate and nature- sophistication of Generative AI (‘GenAI’) can create additional financial related risk drivers. Nature-related risks may emerge when crime risks. While there is potential for the technology to support dependencies on natural capital – su"
002,HSBC Holdings plc,2025,002_hsbc_holdings_plc_annual_report_2025.txt,AI and related technologies,generative AI,generative AI,217,Generative AI,"Group Technology & Operations Committee Principal activities and significant issues considered during 2025 (continued) Area of focus Key issues Conclusions and actions Generative AI While GenAI will provide operational – The GTO reviewed and challenged strategies to leverage the opportunities presented by innovation and strategy efficiency, none of the use cases in new technolo"
002,HSBC Holdings plc,2025,002_hsbc_holdings_plc_annual_report_2025.txt,AI and related technologies,generative AI,generative AI,368,Generative AI,GDP Gross domestic product BVI British Virgin Islands GenAI Generative AI C GHG Greenhouse Gas CAPM Capital asset pricing model GPS Global Payments
002,HSBC Holdings plc,2025,002_hsbc_holdings_plc_annual_report_2025.txt,AI and related technologies,large language model,large language model,13,large language model,"inue to prioritisestaff in their roles. Around the globe, around areas that matter most to our customers and GenAI solutions in use85% of our colleagues have access to our large language model-based productivity Our ambitions Revenue growth rising to 5% YoY Capital generation Our targets for 2026-2028 We are focused on growth opportunities Our business model is designed t"
002,HSBC Holdings plc,2025,002_hsbc_holdings_plc_annual_report_2025.txt,Governance and accountability,responsible AI,responsible AI,58,responsible AI,"preparing them to meet future challenges. and their level of AI involvement. It provides comprehensive training on AI literacy, Establishing our leadership framework responsible AI, and AI ethics, with To support our refreshed strategy and participants earning badges to recognise their ambition, a cross-section of business leaders achievements. In 2025, we piloted the AI developed"
002,HSBC Holdings plc,2025,002_hsbc_holdings_plc_annual_report_2025.txt,Governance and accountability,AI ethics,AI ethics,58,AI ethics,"et future challenges. and their level of AI involvement. It provides comprehensive training on AI literacy, Establishing our leadership framework responsible AI, and AI ethics, with To support our refreshed strategy and participants earning badges to recognise their ambition, a cross-section of business leaders achievements. In 2025, we piloted the AI developed and launched a"
002,HSBC Holdings plc,2025,002_hsbc_holdings_plc_annual_report_2025.txt,"Fairness, bias and ethics",bias,bias,55,bias,"ce in average pay ethnicity pay gap was 9.8% (2024: 7.7%). have processes to review that remuneration is between these groups of people and the free from bias. We review our pay practices These gaps are primarily driven by workforce wider workforce, regardless of their role or r"
002,HSBC Holdings plc,2025,002_hsbc_holdings_plc_annual_report_2025.txt,"Fairness, bias and ethics",bias,bias,258,bias,"these methodologies when forecasting the extent and timing of future significant assumptions would give rise to indicators of possible customer defaults or when responding to emerging risks, such as management bias. climate risk. The focus of our assessment of the impact of climate risk In respect of the Hong Kong commercial real estate portfolio, we had on ECL was to evaluate management’s risk assessment process for ove"
002,HSBC Holdings plc,2025,002_hsbc_holdings_plc_annual_report_2025.txt,"Fairness, bias and ethics",bias,bias,259,bias,"significant assumptions would give rise to indicators of possible – the discount rate; management bias; – short-to-medium term assumptions for operating income growth – attending certain meetings alongside management and BoCom rate, loans and advances"
002,HSBC Holdings plc,2025,002_hsbc_holdings_plc_annual_report_2025.txt,"Fairness, bias and ethics",bias,bias,261,bias,"that the principal risks were related to posting inappropriate journal entries in relation to costs and income, and management bias in Based on our understanding of the Group and industry, we identified accounting estimates, particularly those related to the valuation of that the pr"
002,HSBC Holdings plc,2025,002_hsbc_holdings_plc_annual_report_2025.txt,"Fairness, bias and ethics",fairness,fairness,35,fairness,"57 Building customer inclusion and resilience 57 Engaging with our communities Governance 58 Setting high standards of governance 59 Human rights 60 Customer experience 62 Integrity, conduct and fairness 64 Safeguarding data HSBC Holdings plc Annual Report and Accounts 2025 33 2"
002,HSBC Holdings plc,2025,002_hsbc_holdings_plc_annual_report_2025.txt,"Fairness, bias and ethics",fairness,fairness,64,fairness,"Additional Governance Report statements information Governance Integrity, conduct and fairness Safeguarding the financial system We have continued our efforts to combat Our anti-bribery and corruption policy financial crime and reduce its impact on our We are required to comply with all applicable organis"
002,HSBC Holdings plc,2025,002_hsbc_holdings_plc_annual_report_2025.txt,"Fairness, bias and ethics",fairness,fairness,211,fairness,"election and and exit management process. This work has ensured that the policies, – overseeing the Group’s approach to conduct, fairness and the controls and procedures relating to anti-money laundering, sanctions, prevention of financial crime."
003,Lloyds Banking Group plc,2025,003_lloyds_banking_group_plc_annual_report_2025.txt,AI and related technologies,artificial intelligence,artificial intelligence,14,artificial intelligence,"verview Competition remains intense with high street banks and Rapidly evolving technology landscape, accelerated building societies maintaining their focus on share growth, by developments in artificial intelligence and digital and building scale by consolidating smaller players. Alongside, transformation. These shifts are enabling new engagement neobanks and fintechs continue to gain momentum by models, in"
003,Lloyds Banking Group plc,2025,003_lloyds_banking_group_plc_annual_report_2025.txt,AI and related technologies,artificial intelligence,artificial intelligence,26,artificial intelligence,"• The RMF provides tools for colleagues to make the capabilities and ensure the safe, responsible use of models and tools right decisions, balancing stakeholder needs, risks and such as artificial intelligence. trade-offs and encouraging a culture of intellectual curiosity, innovatio"
003,Lloyds Banking Group plc,2025,003_lloyds_banking_group_plc_annual_report_2025.txt,AI and related technologies,artificial intelligence,artificial intelligence,40,Artificial intelligence,help them fulfil their ambitions delivering Our assessment has identified the following material topics: products in a responsible manner. Our operations are built around this management of capital for our • Artificial intelligence • Financial crime stakeholders requiring safeguarding of our customers’ money and • Biodiversity and nature • Financial inclusion data. We know our colleagues are the key ingredient
003,Lloyds Banking Group plc,2025,003_lloyds_banking_group_plc_annual_report_2025.txt,AI and related technologies,artificial intelligence,artificial intelligence,42,Artificial intelligence,"lower engagement with financial products and Conduct Social Medium Business Committee. See page 97 and resilience lower level of financial resilience Artificial intelligence impacting customer Conduct Social Short, Qualitative updates given to Board Risk Committee Financial inclusion serv"
003,Lloyds Banking Group plc,2025,003_lloyds_banking_group_plc_annual_report_2025.txt,AI and related technologies,artificial intelligence,artificial intelligence,43,artificial intelligence,"e Rights 1 products to serve our customers page 28 of our sustainability report Digital and artificial intelligence tools to Conduct, Short, Qualitative updates given to Responsible Business Artificial Intelligence, support, empowering customers financial Operational Medium Committe"
003,Lloyds Banking Group plc,2025,003_lloyds_banking_group_plc_annual_report_2025.txt,AI and related technologies,artificial intelligence,artificial intelligence,43,Artificial Intelligence,"page 28 of our sustainability report Digital and artificial intelligence tools to Conduct, Short, Qualitative updates given to Responsible Business Artificial Intelligence, support, empowering customers financial Operational Medium Committee see page 81 Financial inclusion resilience and to identify customer"
003,Lloyds Banking Group plc,2025,003_lloyds_banking_group_plc_annual_report_2025.txt,AI and related technologies,artificial intelligence,artificial intelligence,85,artificial intelligence,"the strategy economic implications and data, digital assets, technology and use of artificial intelligence • The Board regularly received updates on customer"
003,Lloyds Banking Group plc,2025,003_lloyds_banking_group_plc_annual_report_2025.txt,AI and related technologies,artificial intelligence,artificial intelligence,94,artificial intelligence,"k Officer providing perspectives on the • Continued oversight and challenge on model and data risk, overall credit environment. Oversight of model risk included a deep ensuring effective risk management of artificial intelligence dive on generative and agentic AI together with implementation of • Considered management of climate risk, particularly the associated assurance framework. greenwashing controls and scenario mode"
003,Lloyds Banking Group plc,2025,003_lloyds_banking_group_plc_annual_report_2025.txt,AI and related technologies,artificial intelligence,artificial intelligence,326,artificial intelligence,"ective’, ‘deliver’, ‘endeavour’, failure of third party suppliers; conduct risk; risks related to new and ‘prospects’, ‘optimistic’ and similar expressions or variations on emerging technologies, including artificial intelligence; technological these expressions are intended to identify forward-looking changes and risks to the security of IT and operational statements. These statements concern or may affect future infrastruc"
003,Lloyds Banking Group plc,2025,003_lloyds_banking_group_plc_annual_report_2025.txt,AI and related technologies,AI,AI,2,AI,"people, technology and data ...reinforcing competitive advantage... Market leader Cost and capital leader Digital and AI leader #1 in key markets, Efficient scale model, Largest UK digital enhancing growth building operating bank, leading across as an integrated leverage. De-risked emerging technologi"
003,Lloyds Banking Group plc,2025,003_lloyds_banking_group_plc_annual_report_2025.txt,AI and related technologies,AI,AI,4,AI,"for 2025 for growth. At the heart of our transformation is digital innovation, bringing together transformative technologies and skilled people to Directors meet customer needs effectively. We are a digital and AI leader We regularly review the Board’s composition and diversity to ensure with distinct competitive advantages and have taken action to we maintain the right balance of skills, experience and perspectives enhan"
003,Lloyds Banking Group plc,2025,003_lloyds_banking_group_plc_annual_report_2025.txt,AI and related technologies,AI,AI,6,AI,"bank, we continued to accelerate the shift Leveraging our enablers to drive long-term competitive strength to mobile-first. We now have c.21.5 million customers using our app, As highlighted in our recent Digital and AI seminar, our investment an increase of c.45% since 2021. Alongside, we recently announced in technology, data and people underpins our ambitions to grow the the acquisition of Curve (subject to regulatory approval)"
003,Lloyds Banking Group plc,2025,003_lloyds_banking_group_plc_annual_report_2025.txt,AI and related technologies,AI,AI,6,AI,"position as the UK’s only scale integrated financial services provider, extending our leadership across new and emerging technologies, we continue to embed IP&I products across banking journeys. The including Gen AI and digital assets, and are well-placed to succeed protection take-up rate for mortgage customers is now at 20% in in a period of potentially transformational change for the industry. 2025, up from 15% in 2024. Alo"
003,Lloyds Banking Group plc,2025,003_lloyds_banking_group_plc_annual_report_2025.txt,AI and related technologies,AI,AI,6,AI,"ke-up rate for mortgage customers is now at 20% in in a period of potentially transformational change for the industry. 2025, up from 15% in 2024. Alongside, the recent full acquisition of Our c.50 major live Gen AI use cases delivered c.£50 million of value Schroders Personal Wealth accelerates delivery of our Wealth in 2025, as we built the foundations of our capabilities. We are now strategy and will deepen relationship"
003,Lloyds Banking Group plc,2025,003_lloyds_banking_group_plc_annual_report_2025.txt,AI and related technologies,AI,AI,6,AI,"ealth in 2025, as we built the foundations of our capabilities. We are now strategy and will deepen relationships in a high value segment. targeting over £100 million of incremental P&L benefit from Gen AI in 2026, as we start to scale the foundations. In Commercial Banking, we are building a digitally-led relationship bank and driving income dive"
003,Lloyds Banking Group plc,2025,003_lloyds_banking_group_plc_annual_report_2025.txt,AI and related technologies,AI,AI,6,AI,"rget cost:income ratio of less than 50% in deposit and lending growth capabilities through enhanced digital 2026. As we enter the final year of our current strategy, we remain propositions. This includes our new Gen AI powered application confident in our 2026 ambitions to generate higher, more which simplifies the Commercial Real Estate lending journey by sustainable returns for our shareholders. Beyond 2026, we are expe"
003,Lloyds Banking Group plc,2025,003_lloyds_banking_group_plc_annual_report_2025.txt,AI and related technologies,AI,AI,6,AI,"s the nation’s largest digital bank, we use our unique data and expertise to deliver powerful insights through this report. Our 2025 findings reveal a major shift, with more than 28 million adults now using AI tools to manage their money, from everyday budgeting and savings goals to financial education. Further information can be found on page 33 of our sustainability report . We’re committed to ensuring every"
003,Lloyds Banking Group plc,2025,003_lloyds_banking_group_plc_annual_report_2025.txt,AI and related technologies,AI,AI,7,AI,"mmitted in new customer facing donated to our UK pension funds finance to support colleagues actively Charitable Foundations, hold Group shares, companies investing using AI to enhance and more than benefitting UK and operating in customer experiences £800 million donated pensioners the UK during 2026 over the last 40 years"
003,Lloyds Banking Group plc,2025,003_lloyds_banking_group_plc_annual_report_2025.txt,AI and related technologies,AI,AI,13,AI,"solutions with frictionless journeys, to proactively manage their • Our transformation allied to our strong customer franchise finances. AI is accelerating this shift by enabling customers captures opportunity by effectively meeting evolving to rapidly evaluate the market and seek advice on"
003,Lloyds Banking Group plc,2025,003_lloyds_banking_group_plc_annual_report_2025.txt,AI and related technologies,AI,AI,13,AI,"‘trend’ rate through the year of the market is currently financed on higher rates • Some uncertainties are expected to reduce now that the scale • With one in three customers now using AI weekly to manage and impact of US tariffs has become clearer, notwithstanding their finances (UK Consumer Digital Index 2025, based on survey likely readjustment in response to legal challenges"
003,Lloyds Banking Group plc,2025,003_lloyds_banking_group_plc_annual_report_2025.txt,AI and related technologies,AI,AI,13,AI,"England’s Monetary Policy Committee had cited as a key reason journeys, empowering customers to achieve financial goals for reticence to cut rates more swiftly through 2025. We expect • Integration of AI into servicing journeys, such as underwriting CPI inflation to decline to 2.6% in 2026 from 3.4% in 2025, and for SME CRE lending, driving better and faster decisioning assume two further Bank Rate cuts to 3"
003,Lloyds Banking Group plc,2025,003_lloyds_banking_group_plc_annual_report_2025.txt,AI and related technologies,AI,AI,13,AI,"s journey to mean that pay growth falls by more than the reduction in inflation during 2026 2026 outlook • Households are therefore likely to maintain a cautious approach • Launch of AI financial assistant bringing personalised, towards spending. Alongside, we expect house prices to rise by round-the-clock financial guidance to mobile app customers only 2%, close to the average of the past"
003,Lloyds Banking Group plc,2025,003_lloyds_banking_group_plc_annual_report_2025.txt,AI and related technologies,AI,AI,14,AI,"new engagement neobanks and fintechs continue to gain momentum by models, innovative propositions and greater cost efficiency. leveraging their strong digital experiences and broadening their Gen AI is enhancing customer interactions through more customer offering across Retail and Commercial segments. personalised engagement, with digital asset innovation"
003,Lloyds Banking Group plc,2025,003_lloyds_banking_group_plc_annual_report_2025.txt,AI and related technologies,AI,AI,14,AI,"Link to strategy Market context Market context • Ongoing new business margin pressure across deposit and • Digital banking with AI-powered functionality continues to lower mortgage markets, driven by intense competition cost to serve, whilst increasing innovation and speed to market, • Continued disruption to the single-provi"
003,Lloyds Banking Group plc,2025,003_lloyds_banking_group_plc_annual_report_2025.txt,AI and related technologies,AI,AI,14,AI,"• Extending our capabilities in new and emerging technologies • Focus on high value areas, including our Home ecosystem which through investment in Gen AI and digital assets, with 50 live Gen is increasing engagement and helping retain customer balances AI use cases in 2025 generating c.£50 million incremental value • Successful pilot of embedded finance offer"
003,Lloyds Banking Group plc,2025,003_lloyds_banking_group_plc_annual_report_2025.txt,AI and related technologies,AI,AI,14,AI,"chnologies • Focus on high value areas, including our Home ecosystem which through investment in Gen AI and digital assets, with 50 live Gen is increasing engagement and helping retain customer balances AI use cases in 2025 generating c.£50 million incremental value • Successful pilot of embedded finance offering through • UK first digital assets use-case with Aberdeen Investments BlackHorse Flexpay"
003,Lloyds Banking Group plc,2025,003_lloyds_banking_group_plc_annual_report_2025.txt,AI and related technologies,AI,AI,14,AI,"and Archax, using tokenised units as collateral for FX trades 2026 outlook 2026 outlook • Enhance access to relevant and tailored propositions across • Actively scaling Gen AI deployment, targeting over £100 million customer life stages, leveraging our proposition breadth in incremental P&L benefit in 2026 as we build seamless digital • Integrate Schroders Personal Wealth,"
003,Lloyds Banking Group plc,2025,003_lloyds_banking_group_plc_annual_report_2025.txt,AI and related technologies,AI,AI,14,AI,"nal Wealth, to be rebranded as Lloyds journeys and personalised customer interactions Wealth, combining expert face to face advice with powerful • Building capability to be at the forefront of agentic AI, digital tools to deepen our relationships in high value segments bridging the advice gap through in-app agents • Leverage technology and data to deliver more compelling, • Position as the UK lea"
003,Lloyds Banking Group plc,2025,003_lloyds_banking_group_plc_annual_report_2025.txt,AI and related technologies,AI,AI,19,AI,"strong employee growth and change delivery • Continue to scale enterprise of people, • Deployed Gen AI colleague tools Gen AI support tools to enhance engagement index (versus 2024)"
003,Lloyds Banking Group plc,2025,003_lloyds_banking_group_plc_annual_report_2025.txt,AI and related technologies,AI,AI,19,AI,"strong employee growth and change delivery • Continue to scale enterprise of people, • Deployed Gen AI colleague tools Gen AI support tools to enhance engagement index (versus 2024)"
003,Lloyds Banking Group plc,2025,003_lloyds_banking_group_plc_annual_report_2025.txt,AI and related technologies,AI,AI,19,AI,"digital journey investment, cloud migration applications on enabling more than 95% of • Actively scale Gen AI in use modern technology Retail sales via digital channels cases to support customers"
003,Lloyds Banking Group plc,2025,003_lloyds_banking_group_plc_annual_report_2025.txt,AI and related technologies,AI,AI,19,AI,"tion in run and deployment of the UK’s first change tech costs since 2021 large-scale, multi-feature 35% • Developed Gen AI foundations agentic AI powered gross reduction in run and financial assistant change technology costs"
003,Lloyds Banking Group plc,2025,003_lloyds_banking_group_plc_annual_report_2025.txt,AI and related technologies,AI,AI,19,AI,"t of the UK’s first change tech costs since 2021 large-scale, multi-feature 35% • Developed Gen AI foundations agentic AI powered gross reduction in run and financial assistant change technology costs"
003,Lloyds Banking Group plc,2025,003_lloyds_banking_group_plc_annual_report_2025.txt,AI and related technologies,AI,AI,29,AI,"principles into our day-to-day risk management, including proactive • Establishment of a governance framework for the management engagement with regulators. of AI model risks across principal risk categories • Introduction of a wider range of model status categories to provide Th"
003,Lloyds Banking Group plc,2025,003_lloyds_banking_group_plc_annual_report_2025.txt,AI and related technologies,AI,AI,29,AI,"ced, more transparent and informative reporting of model riskmeeting both internal and regulatory requirements to support the safe and strategic development of AI and machine learning applications within the Group. Investment in model risk management remains a priority for the Trend Group"
003,Lloyds Banking Group plc,2025,003_lloyds_banking_group_plc_annual_report_2025.txt,AI and related technologies,AI,AI,30,AI,"mis-selling, data ethics and product suitability. Evolution of The accelerating pace of technological innovation, spanning AI, blockchain, cloud computing and digital currencies, is reshaping the financial landscape. While these technology, developments off"
003,Lloyds Banking Group plc,2025,003_lloyds_banking_group_plc_annual_report_2025.txt,AI and related technologies,AI,AI,30,AI,"and digital currencies, is reshaping the financial landscape. While these technology, developments offer significant opportunities to enhance customer experiences AI and and operational efficiency, they also introduce new risks. Balancing the adoption cybercrime ofagainstemergingevolvingtechnologiescybercrimewithandtheupholdneed todatamaint"
003,Lloyds Banking Group plc,2025,003_lloyds_banking_group_plc_annual_report_2025.txt,AI and related technologies,AI,AI,30,AI,"increasingly complex. At the same time, cloud vulnerabilities and the rapid evolution of AI and tokenisation challenge traditional business models, requiring firms to remain agile, transparent and resilient in the face of disruption."
003,Lloyds Banking Group plc,2025,003_lloyds_banking_group_plc_annual_report_2025.txt,AI and related technologies,AI,AI,31,AI,"• Blockchain and tokenisation • Regular updates on data and technology strategy, and deep • Cloud vulnerabilities dives completed on generative AI, cyber risk, technology risk technology, AI • Digital currencies and payments and economic crime prevention at relevant committees and cybercrime • Digital sovereignty •"
003,Lloyds Banking Group plc,2025,003_lloyds_banking_group_plc_annual_report_2025.txt,AI and related technologies,AI,AI,31,AI,"• Regular updates on data and technology strategy, and deep • Cloud vulnerabilities dives completed on generative AI, cyber risk, technology risk technology, AI • Digital currencies and payments and economic crime prevention at relevant committees and cybercrime • Digital sovereignty • Partnership with Cambridge Spark to deliver"
003,Lloyds Banking Group plc,2025,003_lloyds_banking_group_plc_annual_report_2025.txt,AI and related technologies,AI,AI,31,AI,ttees and cybercrime • Digital sovereignty • Partnership with Cambridge Spark to deliver ‘Leading with • Emerging technologies AI’ programme to over 200 senior leaders • Evolution and scaling of AI • Implemented a data ethics framework and Ethical AI • E
003,Lloyds Banking Group plc,2025,003_lloyds_banking_group_plc_annual_report_2025.txt,AI and related technologies,AI,AI,31,AI,ark to deliver ‘Leading with • Emerging technologies AI’ programme to over 200 senior leaders • Evolution and scaling of AI • Implemented a data ethics framework and Ethical AI • Evolution of cybercrime framework within our Group data and model risk policies
003,Lloyds Banking Group plc,2025,003_lloyds_banking_group_plc_annual_report_2025.txt,AI and related technologies,AI,AI,31,AI,• Emerging technologies AI’ programme to over 200 senior leaders • Evolution and scaling of AI • Implemented a data ethics framework and Ethical AI • Evolution of cybercrime framework within our Group data and model risk policies
003,Lloyds Banking Group plc,2025,003_lloyds_banking_group_plc_annual_report_2025.txt,AI and related technologies,AI,AI,64,AI,"on in sustainable finance to SME customers and provided targeted support to over 9,000 under-represented business owner groups, while launching innovative propositions with industry partners • Launched the first Gen AI powered application in Business and Commercial Banking, making the Commercial Real Estate lending journey easier by simplifying and expediting the tenancy schedule process • Awarded landmark UK Government banking se"
003,Lloyds Banking Group plc,2025,003_lloyds_banking_group_plc_annual_report_2025.txt,AI and related technologies,AI,AI,65,AI,"s to £81.3 billion, with the original target met at the end of 20241 • Industry leading Trustpilot scores of 4.5 stars for Scottish Widows and 4.7 for Lloyds Insurance, driven by increased investment in automation, AI adoption and training, following the completion of the migration of 4 million policies to modern infrastructure • More than 1.75 million digitally registered Scottish Widows customers, with the core app for workplace p"
003,Lloyds Banking Group plc,2025,003_lloyds_banking_group_plc_annual_report_2025.txt,AI and related technologies,AI,AI,71,AI,"Skills, experience and contribution: Innovation Officer at BT and spent seven years as Independent • Over 25 years’ experience leading digital, AI- Global Chief Information Officer and Head of Cyber non-executive driven, complex transformation Security and Cloud Business at Bharti Airtel, lea"
003,Lloyds Banking Group plc,2025,003_lloyds_banking_group_plc_annual_report_2025.txt,AI and related technologies,AI,AI,77,AI,for assessing customer experience outcomes • An update on workforce engagement activities during • An update on generative AI initiatives the year • A briefing on the proposed acquisition of Curve Key decisions/outcomes includ
003,Lloyds Banking Group plc,2025,003_lloyds_banking_group_plc_annual_report_2025.txt,AI and related technologies,AI,AI,80,AI,"since the offsite discussion in June, with a particular focus on the pace of development and impact of generative AI. June Topics discussed at the June offsite session included the complex external environment, its potential evolution beyond 2026 and key considerations for the Group. The Board also discussed the development of the Gro"
003,Lloyds Banking Group plc,2025,003_lloyds_banking_group_plc_annual_report_2025.txt,AI and related technologies,AI,AI,81,AI,"es focus areas such as simplification colleague views on crucial topics such as the Group’s approach • Feedback from focus groups whereby colleagues shared to risk, collaboration between teams, use of AI and simplification. views on our ways of working, inclusion, decision making This feedback enabled the Board to input into the iteration of and AI and technology key"
003,Lloyds Banking Group plc,2025,003_lloyds_banking_group_plc_annual_report_2025.txt,AI and related technologies,AI,AI,81,AI,"ed to risk, collaboration between teams, use of AI and simplification. views on our ways of working, inclusion, decision making This feedback enabled the Board to input into the iteration of and AI and technology key transformation and culture programmes, for example helping • Branch visits and colleague breakfasts attended by shape the Group’s programme of work"
003,Lloyds Banking Group plc,2025,003_lloyds_banking_group_plc_annual_report_2025.txt,AI and related technologies,AI,AI,83,AI,"economic and social misalignment in material sectors such as homes and agriculture • Wider sustainability topics included: the Group’s treatment of vulnerable customers, generative AI deep dive which outlined the Group’s AI ethics principles and how use cases are overseen via the Data and AI Ethics Committee, economic crime deep dive and ke"
003,Lloyds Banking Group plc,2025,003_lloyds_banking_group_plc_annual_report_2025.txt,AI and related technologies,AI,AI,83,AI,"agriculture • Wider sustainability topics included: the Group’s treatment of vulnerable customers, generative AI deep dive which outlined the Group’s AI ethics principles and how use cases are overseen via the Data and AI Ethics Committee, economic crime deep dive and key drivers of people risk and mitigating action Audit"
003,Lloyds Banking Group plc,2025,003_lloyds_banking_group_plc_annual_report_2025.txt,AI and related technologies,AI,AI,83,AI,"ility topics included: the Group’s treatment of vulnerable customers, generative AI deep dive which outlined the Group’s AI ethics principles and how use cases are overseen via the Data and AI Ethics Committee, economic crime deep dive and key drivers of people risk and mitigating action Audit • Review of developments with regulations including UK Sust"
003,Lloyds Banking Group plc,2025,003_lloyds_banking_group_plc_annual_report_2025.txt,AI and related technologies,AI,AI,86,AI,"ical and economic environments and future implications Committee and Group Risk Committee. On an annual basis, a point- for the Group in-time assessment is made for control effectiveness against each risk • AI: use and opportunities across Audit, Risk and Finance category and across the sub-groups. The Operational Risk System, and views of associated risks Key Risk Insights or EWRM are the sources used for this point-i"
003,Lloyds Banking Group plc,2025,003_lloyds_banking_group_plc_annual_report_2025.txt,AI and related technologies,AI,AI,89,AI,"55% female representation on their Boards, higher than the FTSEQ1 2025 Women Leaders recommendation of 40%, while recognising the • Generative AI: maximising opportunities limited numbers involved. The representation of women on the while navigating the complexities around Board is currently 50%. On ethnicity, the Boa"
003,Lloyds Banking Group plc,2025,003_lloyds_banking_group_plc_annual_report_2025.txt,AI and related technologies,AI,AI,93,AI,"en to meet the continuous investment in the Group's financial data, will boost requirements of this Standard. planning and commercial insights. Further investment in the control infrastructure and use of emerging AI technology will enhance the colleague experience and provide commercial benefits. Lloyds Banking Group plc Annual Report and Accounts 2025"
003,Lloyds Banking Group plc,2025,003_lloyds_banking_group_plc_annual_report_2025.txt,AI and related technologies,AI,AI,94,AI,"ght and challenge on model and data risk, overall credit environment. Oversight of model risk included a deep ensuring effective risk management of artificial intelligence dive on generative and agentic AI together with implementation of • Considered management of climate risk, particularly the associated assurance framework. greenwashing controls and scenario modelling capabilities"
003,Lloyds Banking Group plc,2025,003_lloyds_banking_group_plc_annual_report_2025.txt,AI and related technologies,AI,AI,97,AI,"ceived updates on the that the Group is progressing towards a mature data management data management risk profile and data state with issues prioritised by impact, supported by AI-driven data privacy breaches quality monitoring • Al"
003,Lloyds Banking Group plc,2025,003_lloyds_banking_group_plc_annual_report_2025.txt,AI and related technologies,AI,AI,98,AI,models and embedding and proposed improvements of the PRA’s Supervisory Statement 1/23 principles on Model • The validation process for AI models also Risk Management remained an area of importance in 2025 • November’s update included an assessment of the effectiveness
003,Lloyds Banking Group plc,2025,003_lloyds_banking_group_plc_annual_report_2025.txt,AI and related technologies,AI,AI,98,AI,"of the model risk framework with details of future enhancements • A deep dive on generative and agentic AI took place in July, which outlined the development and implementation of an"
003,Lloyds Banking Group plc,2025,003_lloyds_banking_group_plc_annual_report_2025.txt,AI and related technologies,AI,AI,98,AI,"took place in July, which outlined the development and implementation of an AI assurance framework Climate risk • The Committee oversaw the impact of • A deep dive on climate risk was discussed in May. The Committee climate risk on the Group’s a"
003,Lloyds Banking Group plc,2025,003_lloyds_banking_group_plc_annual_report_2025.txt,AI and related technologies,AI,AI,103,AI,"will include, for example, colleague upskilling and the adoption ofthe GCE and 450% of salary for the Group CFO. AI, a first we believe amongst our peers. Shareholding requirement To recognise the importance of our customers and to ensure To further strengthen the alignment between executive directors’ ex"
003,Lloyds Banking Group plc,2025,003_lloyds_banking_group_plc_annual_report_2025.txt,AI and related technologies,AI,AI,123,AI,"rds as a percentage of maximum will directly relate to by the Board. These will include, for example, colleague upskilling and the overall Group balanced scorecard performance assessment the adoption of AI, a first we believe amongst our peers. outcome in the first instance. Targets and methodology The Group’s policy is to apply deferral to variable rewar"
003,Lloyds Banking Group plc,2025,003_lloyds_banking_group_plc_annual_report_2025.txt,AI and related technologies,AI,AI,196,AI,"not adequately reflected in models. There must be effectiveness of the model risk control framework and model use. a clear rationale for use. Identification and assessment The evolution of AI systems will support the Group in increasing The Group uses models to support a broad range of activity, productivity and reimagining the customer experience through including:"
003,Lloyds Banking Group plc,2025,003_lloyds_banking_group_plc_annual_report_2025.txt,AI and related technologies,AI,AI,196,AI,nal controls are • Formulating business strategies being developed to support the safe and controlled use of the • Informing business decisions Group’s AI aspirations. • Identifying and measuring risks Monitoring • Credit decisioning Ongoing performance monitoring is undertaken to asse
003,Lloyds Banking Group plc,2025,003_lloyds_banking_group_plc_annual_report_2025.txt,AI and related technologies,AI,AI,198,AI,"ata risk exposure, by: maintaining control improvement programmes. • Delivering a strategy focused on data management and culture, Internal and external supplier data-driven insights, platforms, tooling and AI-enablement The threat landscape associated with third party suppliers and the • Enhancing data quality and capability, such as standardised"
003,Lloyds Banking Group plc,2025,003_lloyds_banking_group_plc_annual_report_2025.txt,AI and related technologies,AI,AI,326,AI,"ct to such securities or financial insurance business and defined benefit pension schemes; changes in instruments. laws, regulations, practices and accounting standards or taxation; Cover image: Image created using AI software. This report is printed on Amadeus Silk paper and board, Forest Stewardship Council® (FSC®) certified and sourced from well managed forests and other controlled sources. The paper is Elemental Chlorine Fre"
003,Lloyds Banking Group plc,2025,003_lloyds_banking_group_plc_annual_report_2025.txt,AI and related technologies,machine learning,machine learning,29,machine learning,more transparent and informative reporting of model riskmeeting both internal and regulatory requirements to support the safe and strategic development of AI and machine learning applications within the Group. Investment in model risk management remains a priority for the Trend Group to further improve r
003,Lloyds Banking Group plc,2025,003_lloyds_banking_group_plc_annual_report_2025.txt,AI and related technologies,automation,automation,65,automation,"l investments to £81.3 billion, with the original target met at the end of 20241 • Industry leading Trustpilot scores of 4.5 stars for Scottish Widows and 4.7 for Lloyds Insurance, driven by increased investment in automation, AI adoption and training, following the completion of the migration of 4 million policies to modern infrastructure • More than 1.75 million digitally registered Scottish Widows customers, with the core app for workpla"
003,Lloyds Banking Group plc,2025,003_lloyds_banking_group_plc_annual_report_2025.txt,AI and related technologies,automation,automation,97,automation,"ear • supportingThe Committeestrategicrecognisedgrowththeplansprogress made on health, safety risks and premises risk, noting improved automation of controls and data insights. Further focus is required given increasing levels of verbal"
003,Lloyds Banking Group plc,2025,003_lloyds_banking_group_plc_annual_report_2025.txt,AI and related technologies,automation,automation,207,automation,"s to develop in line In a limited number of areas, we adopted a non-controls reliance with the business strategy, such as the increase in the use approach and we therefore performed additional substantive of automation across the Group and increasing reliance on procedures. third parties; and • Importance of the IT controls in maintaining an effective control environment. A key interdependency exists between the ability to"
003,Lloyds Banking Group plc,2025,003_lloyds_banking_group_plc_annual_report_2025.txt,AI and related technologies,generative AI,generative AI,31,generative AI,"• Blockchain and tokenisation • Regular updates on data and technology strategy, and deep • Cloud vulnerabilities dives completed on generative AI, cyber risk, technology risk technology, AI • Digital currencies and payments and economic crime prevention at relevant committees and cybercrime • Digital sovereignty •"
003,Lloyds Banking Group plc,2025,003_lloyds_banking_group_plc_annual_report_2025.txt,AI and related technologies,generative AI,generative AI,77,generative AI,y updates for assessing customer experience outcomes • An update on workforce engagement activities during • An update on generative AI initiatives the year • A briefing on the proposed acquisition of Curve Key decisions/outcomes includ
003,Lloyds Banking Group plc,2025,003_lloyds_banking_group_plc_annual_report_2025.txt,AI and related technologies,generative AI,generative AI,80,generative AI,"since the offsite discussion in June, with a particular focus on the pace of development and impact of generative AI. June Topics discussed at the June offsite session included the complex external environment, its potential evolution beyond 2026 and key considerations for the Group. The Board also discussed the development of the Gro"
003,Lloyds Banking Group plc,2025,003_lloyds_banking_group_plc_annual_report_2025.txt,AI and related technologies,generative AI,generative AI,83,generative AI,"economic and social misalignment in material sectors such as homes and agriculture • Wider sustainability topics included: the Group’s treatment of vulnerable customers, generative AI deep dive which outlined the Group’s AI ethics principles and how use cases are overseen via the Data and AI Ethics Committee, economic crime deep dive and ke"
003,Lloyds Banking Group plc,2025,003_lloyds_banking_group_plc_annual_report_2025.txt,AI and related technologies,generative AI,generative AI,89,Generative AI,"ain 45 to 55% female representation on their Boards, higher than the FTSEQ1 2025 Women Leaders recommendation of 40%, while recognising the • Generative AI: maximising opportunities limited numbers involved. The representation of women on the while navigating the complexities around Board is currently 50%. On ethnicity, the Boa"
003,Lloyds Banking Group plc,2025,003_lloyds_banking_group_plc_annual_report_2025.txt,Governance and accountability,ethical AI,ethical AI,31,Ethical AI,• Emerging technologies AI’ programme to over 200 senior leaders • Evolution and scaling of AI • Implemented a data ethics framework and Ethical AI • Evolution of cybercrime framework within our Group data and model risk policies
003,Lloyds Banking Group plc,2025,003_lloyds_banking_group_plc_annual_report_2025.txt,Governance and accountability,AI ethics,AI ethics,83,AI ethics,"agriculture • Wider sustainability topics included: the Group’s treatment of vulnerable customers, generative AI deep dive which outlined the Group’s AI ethics principles and how use cases are overseen via the Data and AI Ethics Committee, economic crime deep dive and key drivers of people risk and mitigating action Audit"
003,Lloyds Banking Group plc,2025,003_lloyds_banking_group_plc_annual_report_2025.txt,"Fairness, bias and ethics",bias,bias,211,bias,"aud through management override of controls, testing the appropriateness of journal entries and other adjustments; • assessing whether the judgements made in making accounting estimates are indicative of a potential bias; and • evaluating the business rationale of any significant transactions that are unusual or outside the normal course of business. We also communicated relevant identified laws and regulations and potential fraud risk"
004,NatWest Group plc,2025,004_natwest_group_plc_annual_report_2025.txt,AI and related technologies,artificial intelligence,artificial intelligence,59,artificial intelligence,"for example, privacy training to our data customers and suppliers. and artificial intelligence colleagues. Regular risk assessments: Risk assessments During 2025, there were a small number are condu"
004,NatWest Group plc,2025,004_natwest_group_plc_annual_report_2025.txt,AI and related technologies,artificial intelligence,artificial intelligence,80,Artificial intelligence,"merging risks scenarios that follow are shown in alphabetical order. Top risk scenarios in focus in 2025 Description Risk management actions Artificial intelligence Innovations in artificial intelligence (AI), including generative AI, may rapidly • NatWest Group closely monitors developments in disruptive technologies, including AI."
004,NatWest Group plc,2025,004_natwest_group_plc_annual_report_2025.txt,AI and related technologies,artificial intelligence,artificial intelligence,80,artificial intelligence,"betical order. Top risk scenarios in focus in 2025 Description Risk management actions Artificial intelligence Innovations in artificial intelligence (AI), including generative AI, may rapidly • NatWest Group closely monitors developments in disruptive technologies, including AI. transform and disrupt customer i"
004,NatWest Group plc,2025,004_natwest_group_plc_annual_report_2025.txt,AI and related technologies,artificial intelligence,artificial intelligence,118,artificial intelligence,"behavioural the refresh of our purpose, strategy, ambition and performance culture, the new artificial intelligence (AI), and how cultural The Board also sets NatWest Group’s framework framework consolidated previous colleague frameworks into a single set of"
004,NatWest Group plc,2025,004_natwest_group_plc_annual_report_2025.txt,AI and related technologies,artificial intelligence,artificial intelligence,270,Artificial Intelligence,"esponses to manage any associated and to help with horizon scanning. risks. Artificial Intelligence, Quantum Risk management framework section.• Compliance with UK and EU operational By me"
004,NatWest Group plc,2025,004_natwest_group_plc_annual_report_2025.txt,AI and related technologies,artificial intelligence,artificial intelligence,406,artificial intelligence,"on loans, customer exchange rates. Nevertheless, changes in stakeholders regarding how NatWest Group artificial intelligence in NatWest Group’s behaviour (which may adversely impact the currency exchange rates, particularly in the addresses environ"
004,NatWest Group plc,2025,004_natwest_group_plc_annual_report_2025.txt,AI and related technologies,artificial intelligence,artificial intelligence,408,artificial intelligence,"segments. Moreover, innovations in attractive and/or better value range of invests in new technologies and participates technology conglomerates and new market biometrics, artificial intelligence, automation, products and services and geographic in industry and research-led technology entrants leveraging technology and/or other cloud services, blockchain, cryptocurrencies diversit"
004,NatWest Group plc,2025,004_natwest_group_plc_annual_report_2025.txt,AI and related technologies,artificial intelligence,artificial intelligence,408,artificial intelligence,"anks”) and digitalisation, automation, and the use offintechs are aiming to compete to serve artificial intelligence while needing to continue Failure to offer competitive, attractive, Any of the above may have a materialcustomers that increasingly use a complying with applic"
004,NatWest Group plc,2025,004_natwest_group_plc_annual_report_2025.txt,AI and related technologies,artificial intelligence,artificial intelligence,408,artificial intelligence,". NatWest customer-facing businesses, including customers, certain assets, liabilities, technological changes (including digital Group’s innovation strategy, which includes through artificial intelligence. There can be no transactions and activities of NatWest Group currencies, stablecoins and the growth of investing in its IT capability to address certainty that such initiatives will allow"
004,NatWest Group plc,2025,004_natwest_group_plc_annual_report_2025.txt,AI and related technologies,artificial intelligence,artificial intelligence,413,artificial intelligence,"ding to invest in building new capabilities that requires management to make judgements, Accounting policies deemed critical to position, cost of funding and could limit the employ new artificial intelligence technologies, estimates and assumptions that affect the NatWest Group’s results and financial range of counterparties willing to enter into such as generative artificial intelligence, and it reported"
004,NatWest Group plc,2025,004_natwest_group_plc_annual_report_2025.txt,AI and related technologies,artificial intelligence,artificial intelligence,413,artificial intelligence,"the employ new artificial intelligence technologies, estimates and assumptions that affect the NatWest Group’s results and financial range of counterparties willing to enter into such as generative artificial intelligence, and it reported amounts of assets, liabilities, position, based upon materiality and transactions with NatWest Group on expects its use of these technologies to income, expenses,"
004,NatWest Group plc,2025,004_natwest_group_plc_annual_report_2025.txt,AI and related technologies,artificial intelligence,artificial intelligence,413,artificial intelligence,"sophisticated modelling approaches, including other factors (including market practice and these include loan impairments, fair value, artificial intelligence, and no assurance can expectations of future events that are and deferred tax. These are set out in Any of the above may have a material be provided that NatWest Group’s use of believe"
004,NatWest Group plc,2025,004_natwest_group_plc_annual_report_2025.txt,AI and related technologies,artificial intelligence,artificial intelligence,413,artificial intelligence,"a material be provided that NatWest Group’s use of believed to be reasonable under the ‘Critical accounting policies and sources of adverse effect on NatWest Group’s future artificial intelligence in its models will enhance circumstances), actual results may differ due estimation uncertainty’. results, financial condition, prospects, and/or its business or produce only intended or to t"
004,NatWest Group plc,2025,004_natwest_group_plc_annual_report_2025.txt,AI and related technologies,artificial intelligence,artificial intelligence,415,artificial intelligence,"thorities continued digitalisation and the integration of inadvertently facilitating financial crime which shares of the relevant entity to a private may adversely affect holders of NatWest artificial intelligence in the business; may result in regulatory investigation, sector purchaser; (ii) transfer of all or part of Group plc’s ordinary shares or other NatWest acquisition, divestments and other"
004,NatWest Group plc,2025,004_natwest_group_plc_annual_report_2025.txt,AI and related technologies,artificial intelligence,artificial intelligence,415,artificial intelligence,"mobile banking. Financial crime assessment,entities within NatWest Group, and the Operational risk is the risk of loss or services and artificial intelligence) and systems and controls, internal stress testsAuthorities have the power to modify or disruption resulting from inadeq"
004,NatWest Group plc,2025,004_natwest_group_plc_annual_report_2025.txt,AI and related technologies,artificial intelligence,artificial intelligence,416,artificial intelligence,"s, third-party certain solutions and customer interactions, compliance with cybersecurity and data evolving cybersecurity capabilities and providers or other users with access to including through artificial intelligence. Such protection regulations is becoming controls that are designed to mitigate the NatWest Group’s systems to wrongfully initiatives may result in operational, increasingly compl"
004,NatWest Group plc,2025,004_natwest_group_plc_annual_report_2025.txt,AI and related technologies,artificial intelligence,artificial intelligence,416,artificial intelligence,"mation (including defective, inadequate or resources and planning devoted to mitigate are increasing in terms of frequency, and cybersecurity policies, procedures or inappropriately used artificial intelligence operational risk, such measures may not be sophistication, impact and severity. The controls, may result in significant financial based solutions). effective in controlling each of the operation"
004,NatWest Group plc,2025,004_natwest_group_plc_annual_report_2025.txt,AI and related technologies,artificial intelligence,artificial intelligence,417,artificial intelligence,"f transactions efficiently and interacts. As NatWest Group develops new regulatory focus. accurately while complying with applicable NatWest Group uses IT systems that enable artificial intelligence-based products, laws and regulations. The proper functioning remote working interface with third-party proprietary, sensitive, or confidential"
004,NatWest Group plc,2025,004_natwest_group_plc_annual_report_2025.txt,AI and related technologies,artificial intelligence,artificial intelligence,417,artificial intelligence,"d result in including if such information is used to train the inability to deliver products and services. systems, including cloud services providers business and customer interruption and third-party artificial intelligence models. This This could also place NatWest Group at a (some of which are owned and operated by related reputational damage, significant may increase the risk of data leakage, data competitive di"
004,NatWest Group plc,2025,004_natwest_group_plc_annual_report_2025.txt,AI and related technologies,artificial intelligence,artificial intelligence,417,artificial intelligence,"se consequences due to upgrade and improve its IT and technology or artificial intelligence based solutions), lossNatWest Group’s operations and strategy inappropriate models, systems, processes, capabilities (including migration of certain"
004,NatWest Group plc,2025,004_natwest_group_plc_annual_report_2025.txt,AI and related technologies,artificial intelligence,artificial intelligence,417,artificial intelligence,"could result in reputational damage, operations, innovate its products offering, and artificial intelligence based solutions in its significant compensation costs and regulatory meet its regulatory obligations, and"
004,NatWest Group plc,2025,004_natwest_group_plc_annual_report_2025.txt,AI and related technologies,artificial intelligence,artificial intelligence,418,artificial intelligence,"substantial regulation and oversight, which financial condition, strategic delivery, or result technology, artificial intelligence and data), in (including any outsourced functions); ensure are constantly evolving and may adversely"
004,NatWest Group plc,2025,004_natwest_group_plc_annual_report_2025.txt,AI and related technologies,artificial intelligence,artificial intelligence,420,artificial intelligence,"• any regulatory requirements relating to regulations, may adversely affect NatWest and resilience of, and competition and • increased innovation in private digital the use of artificial intelligence and large Group’s business, results of operations and innovation in, digital and other markets, asset propositions, such as stablecoin or language models across the financial outlo"
004,NatWest Group plc,2025,004_natwest_group_plc_annual_report_2025.txt,AI and related technologies,artificial intelligence,artificial intelligence,420,Artificial Intelligence,hich may challenge services industry (such as the European insufficient international regulatory development of the government’s traditional payment methods and have Union Artificial Intelligence Act). coordination as enhanced supervisory National Payments Vision and Strategy) other potential adverse effects on UK standards are d
004,NatWest Group plc,2025,004_natwest_group_plc_annual_report_2025.txt,AI and related technologies,artificial intelligence,artificial intelligence,423,artificial intelligence,"Moreover, the rising energy demand impacts, risks and opportunities, including the zero across its financed emissions, assets associated with artificial intelligence effective measurement, governance and under management and operational value NatWest Group’s ability to achieve its workloads, whether generated internally or reporting of progre"
004,NatWest Group plc,2025,004_natwest_group_plc_annual_report_2025.txt,AI and related technologies,artificial intelligence,artificial intelligence,423,artificial intelligence,"n many factors to assess the potential impacts of increased the availability of accurate, reliable, verifiable, activity-based targets. and uncertainties beyond NatWest Group’s artificial intelligence usage, its full effects on auditable, consistent and comparable internal control. These include (but are not limited to): NatWest Group’s own operational"
004,NatWest Group plc,2025,004_natwest_group_plc_annual_report_2025.txt,AI and related technologies,artificial intelligence,artificial intelligence,431,artificial intelligence,"ty suppliers); cyberattacks; the accuracy with a consistent basis for comparing business related forward-looking statements, including, without limitation those referred to below). and effective use of data; artificial intelligence; performance between financial periods and but not limited to, NatWest Group’s ambition"
004,NatWest Group plc,2025,004_natwest_group_plc_annual_report_2025.txt,AI and related technologies,AI,AI,11,AI,"ivity. In addition, our newly established can be unlocked through an internationallyfirms to grow with access to our innovative AI Research Office is at the forefront of As we look ahead to 2026, further regulatory"
004,NatWest Group plc,2025,004_natwest_group_plc_annual_report_2025.txt,AI and related technologies,AI,AI,11,AI,"cutting-edge research, leading responsible review could unlock additional customer 50% of the completed IP-backed loans were innovation and building further AI capabilities Strong economies need strong banks. But our benefits and UK growth opportunities; for with customers new to NatWest Group, for the bank. Our investment in our FinTech role goe"
004,NatWest Group plc,2025,004_natwest_group_plc_annual_report_2025.txt,AI and related technologies,AI,AI,11,AI,"and communities across the UK. For example, greater capital capacity for the banking By providing all colleagues with AI tools to start-ups participating in our free Accelerator sector to support growth."
004,NatWest Group plc,2025,004_natwest_group_plc_annual_report_2025.txt,AI and related technologies,AI,AI,12,AI,"While we have momentum across NatWest • Customer assets and liabilities(3) toconnected to our customers in their communities. and AI can be a game-changing accelerant, Group, there is no room for complacency. grow at a compound annual rate ofThese st"
004,NatWest Group plc,2025,004_natwest_group_plc_annual_report_2025.txt,AI and related technologies,AI,AI,12,AI,"the full strength of NatWest Group – using thewealth; and backing high-growth businesses, in the responsible and ethical use of data and AI. expertise and connections across our threewhether they are start-ups or those with"
004,NatWest Group plc,2025,004_natwest_group_plc_annual_report_2025.txt,AI and related technologies,AI,AI,22,AI,"Share of AUMA in total Private Banking coders have access Loan impairment rate – below the & Wealth Management CAL to AI coding assistants 2025 guidance of 20 basis points Read more: Chief Executive Officer’s review on pages 8 to 10, Business performance review on pages 25 to 32 and Financial review on"
004,NatWest Group plc,2025,004_natwest_group_plc_annual_report_2025.txt,AI and related technologies,AI,AI,24,AI,"to keep customers safe UK inflation rose to 3.8% in 2025, In April 2025, we introduced Family-Backed Protecting our customers remains a • Through NatWest Group’s AI Centre before falling towards the end of the year. Mortgages – allowing eligible customers to top priority against the backdrop of a of Excellence, we continued to develop Unemployment"
004,NatWest Group plc,2025,004_natwest_group_plc_annual_report_2025.txt,AI and related technologies,AI,AI,24,AI,"a of Excellence, we continued to develop Unemployment increased steadily, reaching apply for a joint mortgage with a family threat landscape which is being shaped by the use of AI technologies to enhance 5.1% in November 2025. Wage growth member or friend – to help more first-time geopolitical tensions, ransomware attacks, our defensive capabilities against the sl"
004,NatWest Group plc,2025,004_natwest_group_plc_annual_report_2025.txt,AI and related technologies,AI,AI,24,AI,"our defensive capabilities against the slowed, but at 4.7% in November 2025, buyers own their own home. In November and increasingly sophisticated adversaries. threat of bad actors using AI and remained higher than inflation. The Bank 2025, we launched Shared Ownership Regulatory expectations are also rising, with machine learning for deep fakes of England cut the base rate"
004,NatWest Group plc,2025,004_natwest_group_plc_annual_report_2025.txt,AI and related technologies,AI,AI,25,AI,"transformation, driven by accelerated advancements needed to deliver the UK Government’s plans for value chain by 2050. This is aligned with the UK’s legal in generative AI, digital technology and data capabilities. economic growth. We remain involved in work to shape obligation to be net zero by 2050. We continue to focus These changes are reshaping business mode"
004,NatWest Group plc,2025,004_natwest_group_plc_annual_report_2025.txt,AI and related technologies,AI,AI,25,AI,"appropriate government policy, NatWest Group is aiming to be a trusted leader in Our response technology developments, and on suppliers, customers AI-enabled financial services, investing in AI at scale We constantly monitor regulatory change and work with and society supporting the transition. and modernising our digital services:"
004,NatWest Group plc,2025,004_natwest_group_plc_annual_report_2025.txt,AI and related technologies,AI,AI,25,AI,"NatWest Group is aiming to be a trusted leader in Our response technology developments, and on suppliers, customers AI-enabled financial services, investing in AI at scale We constantly monitor regulatory change and work with and society supporting the transition. and modernising our digital services: regulators to help shape developments th"
004,NatWest Group plc,2025,004_natwest_group_plc_annual_report_2025.txt,AI and related technologies,AI,AI,25,AI,"tors to discuss their help them reduce emissions, build resilience and access AI-powered data platform, empowering colleagues, priorities. Focus areas in 2025 included: sustainable finance opportunities. Our ambition is to be"
004,NatWest Group plc,2025,004_natwest_group_plc_annual_report_2025.txt,AI and related technologies,AI,AI,25,AI,", assets under • Capital and liquidity management, including the • We’ve embedded AI in our customer journeys to management and operational value chain by 2050. UK’s approach to the implementation of Basel 3.1."
004,NatWest Group plc,2025,004_natwest_group_plc_annual_report_2025.txt,AI and related technologies,AI,AI,25,AI,"management and operational value chain by 2050. UK’s approach to the implementation of Basel 3.1. improve the customer experience. AI tools, such This is aligned with the UK’s legal obligation to be • Working with the FCA to define a new targeted"
004,NatWest Group plc,2025,004_natwest_group_plc_annual_report_2025.txt,AI and related technologies,AI,AI,25,AI,"timeliness and quality of responses to customers, generic guidance and affordable financial advice. Our climate transition plan is embedded within our and AI has reduced complaints handling time by • Supporting the regulator’s plans to modernise the financial planning process, ensuring climate-related c.19 minutes per case, saving t"
004,NatWest Group plc,2025,004_natwest_group_plc_annual_report_2025.txt,AI and related technologies,AI,AI,25,AI,"decisions. of over 22,000 hours in 2025. Ombudsman Service in customer disputes. In July 2025, we set a new target to provide £200 billion • We use AI to aid in the detection and prevention • Influencing the strategic direction of the UK in climate and transition finance between 1 July 2025 of fraud and financial cri"
004,NatWest Group plc,2025,004_natwest_group_plc_annual_report_2025.txt,AI and related technologies,AI,AI,25,AI,"customer protection. funding and financing framework which underpinned our • We’ve set ourselves standards for responsible AI with previous £100 billion target, which was exceeded in Q1 2025. our AI and Data Ethics Code of Conduct. In 2025,"
004,NatWest Group plc,2025,004_natwest_group_plc_annual_report_2025.txt,AI and related technologies,AI,AI,25,AI,"• We’ve set ourselves standards for responsible AI with previous £100 billion target, which was exceeded in Q1 2025. our AI and Data Ethics Code of Conduct. In 2025, we rolled out AI tools including GitLab Duo and"
004,NatWest Group plc,2025,004_natwest_group_plc_annual_report_2025.txt,AI and related technologies,AI,AI,25,AI,"0 billion target, which was exceeded in Q1 2025. our AI and Data Ethics Code of Conduct. In 2025, we rolled out AI tools including GitLab Duo and Microsoft Copilot to colleagues"
004,NatWest Group plc,2025,004_natwest_group_plc_annual_report_2025.txt,AI and related technologies,AI,AI,28,AI,"spending and security. To support first-time buyers in entering the property at pace and we are using AI to create a more insights were delivered to our customers. market sooner, NatWest Group launched the Family-Backed"
004,NatWest Group plc,2025,004_natwest_group_plc_annual_report_2025.txt,AI and related technologies,AI,AI,28,AI,"to 1.3 million whenever they needed it. We are also with a family member or friend while retaining sole ownership new savings accounts being opened in 2025. leveraging AI to remove complexity for of the home. Known as a Joint Borrower Sole Proprietor (JBSP) Our investment proposition also expanded, colleagues, saving over 70,000 hours t"
004,NatWest Group plc,2025,004_natwest_group_plc_annual_report_2025.txt,AI and related technologies,AI,AI,28,AI,"leagues to contribute a deposit or hold any ownership rights. We supported more people on their journey completed over 20,000 hours of AI learning to owning a new home in 2025. We helped We believe this is another innovative way in which we have"
004,NatWest Group plc,2025,004_natwest_group_plc_annual_report_2025.txt,AI and related technologies,AI,AI,28,AI,"property responded to the needs of our customers, creating new pathways bankwide now have access to AI coding ladder, with our new Family-Backed Mortgage to home ownership and supporting a 1.9 percentage-point"
004,NatWest Group plc,2025,004_natwest_group_plc_annual_report_2025.txt,AI and related technologies,AI,AI,31,AI,"ancial statements Additional information NatWest Group plc 2025 Annual Report and Accounts 29 Business performance review continued Additionally, the implementation of AI tools strategic priorities, as we focus on delivering has delivered notable efficiencies. For example, disciplined growth across NatWest Group, Spotlight by reducing call su"
004,NatWest Group plc,2025,004_natwest_group_plc_annual_report_2025.txt,AI and related technologies,AI,AI,34,AI,"their to provide £100 billion of climate and sustainable support where customers most value it. We also funding and financing between 1 July 2021 and Group partners with Prommt deployed new generative AI technology, for the end of 2025. Commercial & Institutional the benefit of our customers and colleagues. delivered £95 billion against this target. Looking For example, all complaint calls are now"
004,NatWest Group plc,2025,004_natwest_group_plc_annual_report_2025.txt,AI and related technologies,AI,AI,34,AI,"ial & Institutional will continue Many businesses still depend on manual bank transfers or card summarised and transcribed by AI, this means to play a critical role for NatWest Group to payments that can come with high fees, fraud risks"
004,NatWest Group plc,2025,004_natwest_group_plc_annual_report_2025.txt,AI and related technologies,AI,AI,34,AI,"icity in faster and improve services. In Business Banking, 1 July 2025 and the end of 2030. managing payments.AI summarisation is helping more than 200 colleagues save time and increase capacity Our efforts supporting customers earned two Prommt is a leading pay-by-link platform that combines our for"
004,NatWest Group plc,2025,004_natwest_group_plc_annual_report_2025.txt,AI and related technologies,AI,AI,34,AI,"to make banking simpler and strengthen more than one million times in 2025. customer relationships. This includes equipping For our corporate clients, we were recognised relationship managers with AI-enabled tools, as the ‘UK’s Best FX Bank for Corporates’ and enhancing Bankline as a leading digital platform, ‘UK’s Best FX Prime Brokerage’ in the 2025 and expanding more digital journeys with Euromoney Fore"
004,NatWest Group plc,2025,004_natwest_group_plc_annual_report_2025.txt,AI and related technologies,AI,AI,35,AI,"ure (+1), and ways. This included ongoing consideration of investors’ RRM customers can now self-serve 24/7, receive Becoming a Simpler Bank (+2) – have all improved. increasing use of AI search. personalised quotes in under three minutes, and However, we acknowledge we still have work to do"
004,NatWest Group plc,2025,004_natwest_group_plc_annual_report_2025.txt,AI and related technologies,AI,AI,36,AI,"engaged How we engaged • We established and built relationships, with direct • We worked closely with policymakers to support the • We introduced a new AI-powered sustainability risk community investment of £11.0 million in 2025. UK Government’s drive for economic growth, which tool that enables NatWest Group to proactively assess Acr"
004,NatWest Group plc,2025,004_natwest_group_plc_annual_report_2025.txt,AI and related technologies,AI,AI,42,AI,nd accessibility of our integrity and responsible in our products experienceresilient businesses.and help them build more • digitalEmbeddingchannels:AI in pagesour customer46 to 47journeys: page 47 risk management and services •
004,NatWest Group plc,2025,004_natwest_group_plc_annual_report_2025.txt,AI and related technologies,AI,AI,45,AI,"laboration with in spring 2025, to harness academiccontext of our strategy and decided to no Google supports responsible AI adoption, expertise and regional strengths aslonger separately measure, track, and boosting digital capabil"
004,NatWest Group plc,2025,004_natwest_group_plc_annual_report_2025.txt,AI and related technologies,AI,AI,48,AI,"accessibility, stability, and responsible use Promoter Score® of +54. of data and AI, is essential. We also upgraded Bankline, the digital channel"
004,NatWest Group plc,2025,004_natwest_group_plc_annual_report_2025.txt,AI and related technologies,AI,AI,49,AI,"NatWest Group plc 2025 Annual Report and Accounts 47 Sustainability review continued | Innovation in our products and services continued Improving digital accessibility Embedding AI in our customer journeys Our aim is to provide a consistent and accessible We want our customers to find banking with Spotlight experience for all our customers, which includes us easier, and AI is a capab"
004,NatWest Group plc,2025,004_natwest_group_plc_annual_report_2025.txt,AI and related technologies,AI,AI,49,AI,"Embedding AI in our customer journeys Our aim is to provide a consistent and accessible We want our customers to find banking with Spotlight experience for all our customers, which includes us easier, and AI is a capability that we believe engaging disabled and neurodivergent people in can help us become a simpler organisation for Using AI responsibly the design of our digital platforms. We recognise our customers"
004,NatWest Group plc,2025,004_natwest_group_plc_annual_report_2025.txt,AI and related technologies,AI,AI,49,AI,"Spotlight experience for all our customers, which includes us easier, and AI is a capability that we believe engaging disabled and neurodivergent people in can help us become a simpler organisation for Using AI responsibly the design of our digital platforms. We recognise our customers to engage with. As we develop there is still scope to develop this further, and our AI capability across our operations, it continues"
004,NatWest Group plc,2025,004_natwest_group_plc_annual_report_2025.txt,AI and related technologies,AI,AI,49,AI,"lp us become a simpler organisation for Using AI responsibly the design of our digital platforms. We recognise our customers to engage with. As we develop there is still scope to develop this further, and our AI capability across our operations, it continues to guide our work. products, and services, we are starting In 2025, we focused on strengthening our allows us to assess ethical r"
004,NatWest Group plc,2025,004_natwest_group_plc_annual_report_2025.txt,AI and related technologies,AI,AI,49,AI,"we focused on strengthening our allows us to assess ethical risks to see the value it can add. internal capabilities to safely embed AI and proportionately across use cases andWe aim to conform to the World Wide Web Consortium’s (W3C) Web Content Accessibility Cora, our digital assistant, deals with over 100 data ethics across our organi"
004,NatWest Group plc,2025,004_natwest_group_plc_annual_report_2025.txt,AI and related technologies,AI,AI,49,AI,"and telephony customer journeys. We continued to embed compliance with our AIDE Code of Conduct. in our NatWest Digital Accessibility Standards. banking. In 2025, Cora handled 12.9 million AI and data ethics into our AI development, It also streamlines our governance These standards also reference the British conversations, with 50% of these interactions procurement, deployment and u"
004,NatWest Group plc,2025,004_natwest_group_plc_annual_report_2025.txt,AI and related technologies,AI,AI,49,AI,"tomer journeys. We continued to embed compliance with our AIDE Code of Conduct. in our NatWest Digital Accessibility Standards. banking. In 2025, Cora handled 12.9 million AI and data ethics into our AI development, It also streamlines our governance These standards also reference the British conversations, with 50% of these interactions procurement, deployment and use across processes by"
004,NatWest Group plc,2025,004_natwest_group_plc_annual_report_2025.txt,AI and related technologies,AI,AI,49,AI,"tervention from our teams, the bank, and we also grew our Responsible More broadly, we are enhancing our risk PAS 901 and act as a guide for our approach. so we can serve the customers who do need AI Team to support with this. framework and controls with the aim to personal support more quickly. Through 2025, Through a partnership with the Univers"
004,NatWest Group plc,2025,004_natwest_group_plc_annual_report_2025.txt,AI and related technologies,AI,AI,49,AI,"h this. framework and controls with the aim to personal support more quickly. Through 2025, Through a partnership with the University ensure our AI systems are robust, secureIn 2025, we commissioned research on font we’ve made significant investment in bringing of Edinburgh, we are upskilling team and pr"
004,NatWest Group plc,2025,004_natwest_group_plc_annual_report_2025.txt,AI and related technologies,AI,AI,49,AI,"nvestment in bringing of Edinburgh, we are upskilling team and properly governed. NatWest Group’sscaling and target touch size and will use the Generative AI (GenAI) into the customer members in responsible AI. A second Enterprise-Wide Risk Managementfindings to inform our design system. We also experience"
004,NatWest Group plc,2025,004_natwest_group_plc_annual_report_2025.txt,AI and related technologies,AI,AI,49,AI,team and properly governed. NatWest Group’sscaling and target touch size and will use the Generative AI (GenAI) into the customer members in responsible AI. A second Enterprise-Wide Risk Managementfindings to inform our design system. We also experience. This enabled us to introduce cohort of 32 colle
004,NatWest Group plc,2025,004_natwest_group_plc_annual_report_2025.txt,AI and related technologies,AI,AI,49,AI,"ed on appropriate guardrails to ensure thebest practice with an expectation that suppliers (now 21, as at 31 December 2025). As a result, the University’s Data and AI Ethics masters safe and secure deployment of AI.(1)conform to the most recent version of the we have seen around a 20-percentage-point course, with more cohorts planned fo"
004,NatWest Group plc,2025,004_natwest_group_plc_annual_report_2025.txt,AI and related technologies,AI,AI,49,AI,"st practice with an expectation that suppliers (now 21, as at 31 December 2025). As a result, the University’s Data and AI Ethics masters safe and secure deployment of AI.(1)conform to the most recent version of the we have seen around a 20-percentage-point course, with more cohorts planned for 2026.international accessibility standards, WCAG"
004,NatWest Group plc,2025,004_natwest_group_plc_annual_report_2025.txt,AI and related technologies,AI,AI,49,AI,"lity standards, WCAG increase in queries resolved without any v2.2 AA. human intervention, compared to the We published our AI and Data Ethics equivalent non-Gen AI supported Cora journey. (AIDE) Code of Conduct to be transparent"
004,NatWest Group plc,2025,004_natwest_group_plc_annual_report_2025.txt,AI and related technologies,AI,AI,49,AI,"s resolved without any v2.2 AA. human intervention, compared to the We published our AI and Data Ethics equivalent non-Gen AI supported Cora journey. (AIDE) Code of Conduct to be transparent about our approach to the development, In 2025,"
004,NatWest Group plc,2025,004_natwest_group_plc_annual_report_2025.txt,AI and related technologies,AI,AI,49,AI,"about our approach to the development, In 2025, approximately We also introduced a new AI-based identification procurement, deployment and use of AI. 21,500 process for approximately one million 58,000 colleagues completed the di"
004,NatWest Group plc,2025,004_natwest_group_plc_annual_report_2025.txt,AI and related technologies,AI,AI,49,AI,"about our approach to the development, In 2025, approximately We also introduced a new AI-based identification procurement, deployment and use of AI. 21,500 process for approximately one million 58,000 colleagues completed the digital Commercial & Institutional customers. It offers"
004,NatWest Group plc,2025,004_natwest_group_plc_annual_report_2025.txt,AI and related technologies,AI,AI,49,AI,"rocess for approximately one million 58,000 colleagues completed the digital Commercial & Institutional customers. It offers In addition, the Responsible AI Team accessibility learning module in 2025. a secure way to provide identity documents to refined the AIDE process to include colleagues completed internally"
004,NatWest Group plc,2025,004_natwest_group_plc_annual_report_2025.txt,AI and related technologies,AI,AI,49,AI,"ty documents to refined the AIDE process to include colleagues completed internally NatWest digitally, reducing completion time from a triage for all AI use cases. This system developed AI and data ethics training. days to minutes. This removes the need for We continue to strengthen our role-based document certif"
004,NatWest Group plc,2025,004_natwest_group_plc_annual_report_2025.txt,AI and related technologies,AI,AI,49,AI,"ocess to include colleagues completed internally NatWest digitally, reducing completion time from a triage for all AI use cases. This system developed AI and data ethics training. days to minutes. This removes the need for We continue to strengthen our role-based document certification, which often incurs a cost training"
004,NatWest Group plc,2025,004_natwest_group_plc_annual_report_2025.txt,AI and related technologies,AI,AI,49,AI,"ays to minutes. This removes the need for We continue to strengthen our role-based document certification, which often incurs a cost training pathways to increase understanding for customers. For security, AI-based analytics Leveraging innovation to enhance There was one Criticality 1 incident Notecomparedof the importance of accessibility. Our Digital detect potential alterations or manipulation, and Accessibili"
004,NatWest Group plc,2025,004_natwest_group_plc_annual_report_2025.txt,AI and related technologies,AI,AI,49,AI,"odule including Retail Banking, working to improve our digital stability for our Through strong control frameworks, AI summaries to help triage customer needs. InPrivate Banking & Wealth Management, customers and tackle fraud. we remain focused on our operational"
004,NatWest Group plc,2025,004_natwest_group_plc_annual_report_2025.txt,AI and related technologies,AI,AI,49,AI,"detrimental impact on our customers’ for any technology or IT system disruptions. advance industry-wide digital accessibility For further information on our AI approach refer ability to access and manage their money. These include recovery procedures and maturity. In addition, we facilitated the to page 78 in Risk overview."
004,NatWest Group plc,2025,004_natwest_group_plc_annual_report_2025.txt,AI and related technologies,AI,AI,49,AI,"This includes Model Risk requirements regarding use of modelled outputs, Conduct Risk and customer outcomes, and information integrity with regard to Operational Risk. Recognising the increasing complexity and volume of AI deployment, work is underway to identify and drive forward enhancements as required across the EWRMF to ensure the continued safe deployment of AI use cases. (2) Availability of our key systems is currently calcula"
004,NatWest Group plc,2025,004_natwest_group_plc_annual_report_2025.txt,AI and related technologies,AI,AI,49,AI,"perational Risk. Recognising the increasing complexity and volume of AI deployment, work is underway to identify and drive forward enhancements as required across the EWRMF to ensure the continued safe deployment of AI use cases. (2) Availability of our key systems is currently calculated against our Important Business Services – those defined as the most critical. By way of illustration, a Criticality 1 incident could be a loss of k"
004,NatWest Group plc,2025,004_natwest_group_plc_annual_report_2025.txt,AI and related technologies,AI,AI,57,AI,operational set science-based targets and to adopt emissionswhich uses AI-driven analytics to optimise transparent transition plans up to 2030 energy performance. Since its launch in and beyond. November 2
004,NatWest Group plc,2025,004_natwest_group_plc_annual_report_2025.txt,AI and related technologies,AI,AI,57,AI,"tors. Rising energy demand Easier to influence Partially influenceable Harder to influenceUK data centres, improvements such as from AI workloads, both in-house and through Business travel 0.03 Purchased goods 0.28 Downstream 0.05advanced air-cooling systems, LED upgrades"
004,NatWest Group plc,2025,004_natwest_group_plc_annual_report_2025.txt,AI and related technologies,AI,AI,61,AI,"In March 2025, we launched the Power Up including data, AI and deep technical expertise, workforce planning to ensure we have the Your Career pilot to empower colleagues to to support progression and enable high"
004,NatWest Group plc,2025,004_natwest_group_plc_annual_report_2025.txt,AI and related technologies,AI,AI,61,AI,"approximately 165,000 EnablingTo adapt andskillsmeetandcustomers’career developmentchanging needs, ExpandingWe are investingfuturein AIskillsskills developmentand AI capabilityfor learning hours have been completed. we foster continuous learning, offering all every colleague to support the bank-wide roll"
004,NatWest Group plc,2025,004_natwest_group_plc_annual_report_2025.txt,AI and related technologies,AI,AI,61,AI,"ll every colleague to support the bank-wide roll colleagues two dedicated learning days annually. out of AI tools (Co-Pilot and Aiden, our internally They can also access a comprehensive suite developed generative AI tool). In 2025, almos"
004,NatWest Group plc,2025,004_natwest_group_plc_annual_report_2025.txt,AI and related technologies,AI,AI,61,AI,"s annually. out of AI tools (Co-Pilot and Aiden, our internally They can also access a comprehensive suite developed generative AI tool). In 2025, almost of learning opportunities to enable skills and 63,000 colleagues completed found"
004,NatWest Group plc,2025,004_natwest_group_plc_annual_report_2025.txt,AI and related technologies,AI,AI,61,AI,"arning opportunities to enable skills and 63,000 colleagues completed foundational c.11,000 professional development at every stage of AI learning, while around 11,000 colleagues colleagues enrolled in AI Power Sprints. their career. enrolled in AI Power S"
004,NatWest Group plc,2025,004_natwest_group_plc_annual_report_2025.txt,AI and related technologies,AI,AI,61,AI,"undational c.11,000 professional development at every stage of AI learning, while around 11,000 colleagues colleagues enrolled in AI Power Sprints. their career. enrolled in AI Power Sprints, guided, practical,"
004,NatWest Group plc,2025,004_natwest_group_plc_annual_report_2025.txt,AI and related technologies,AI,AI,61,AI,"AI learning, while around 11,000 colleagues colleagues enrolled in AI Power Sprints. their career. enrolled in AI Power Sprints, guided, practical, social lear"
004,NatWest Group plc,2025,004_natwest_group_plc_annual_report_2025.txt,AI and related technologies,AI,AI,61,AI,"Our learning programme to support our Strong Our View Inclusion score of knowledge and confidence. AI skills dominate performance philosophy, Beyond, has"
004,NatWest Group plc,2025,004_natwest_group_plc_annual_report_2025.txt,AI and related technologies,AI,AI,61,AI,"supported almost 62,000 colleagues in courses completed being AI-related. We have building skills for performance and culture 89%"
004,NatWest Group plc,2025,004_natwest_group_plc_annual_report_2025.txt,AI and related technologies,AI,AI,61,AI,"and +7 completed since launch in January 2024. our AI capabilities and adoption. vs the Global Financial Services Norm. (1) Colleagues means all permanent employees and, in some instances, members of the wider workforce e.g. temporary employees and agency wor"
004,NatWest Group plc,2025,004_natwest_group_plc_annual_report_2025.txt,AI and related technologies,AI,AI,80,AI,"scenarios in focus in 2025 Description Risk management actions Artificial intelligence Innovations in artificial intelligence (AI), including generative AI, may rapidly • NatWest Group closely monitors developments in disruptive technologies, including AI. transform and disrupt customer inter"
004,NatWest Group plc,2025,004_natwest_group_plc_annual_report_2025.txt,AI and related technologies,AI,AI,80,AI,"5 Description Risk management actions Artificial intelligence Innovations in artificial intelligence (AI), including generative AI, may rapidly • NatWest Group closely monitors developments in disruptive technologies, including AI. transform and disrupt customer interactions, the industry and"
004,NatWest Group plc,2025,004_natwest_group_plc_annual_report_2025.txt,AI and related technologies,AI,AI,80,AI,"tificial intelligence Innovations in artificial intelligence (AI), including generative AI, may rapidly • NatWest Group closely monitors developments in disruptive technologies, including AI. transform and disrupt customer interactions, the industry and the economy. Strategy is developed as appropriate to leverage AI across NatWest Group with a focus"
004,NatWest Group plc,2025,004_natwest_group_plc_annual_report_2025.txt,AI and related technologies,AI,AI,80,AI,"nts in disruptive technologies, including AI. transform and disrupt customer interactions, the industry and the economy. Strategy is developed as appropriate to leverage AI across NatWest Group with a focus NatWest Group’s ability to continue to deploy AI solutions and integrate AI on helping improve customer journeys, personalisation, colleagu"
004,NatWest Group plc,2025,004_natwest_group_plc_annual_report_2025.txt,AI and related technologies,AI,AI,80,AI,"teractions, the industry and the economy. Strategy is developed as appropriate to leverage AI across NatWest Group with a focus NatWest Group’s ability to continue to deploy AI solutions and integrate AI on helping improve customer journeys, personalisation, colleague effectiveness and in systems and controls will become increasingly"
004,NatWest Group plc,2025,004_natwest_group_plc_annual_report_2025.txt,AI and related technologies,AI,AI,80,AI,"d the economy. Strategy is developed as appropriate to leverage AI across NatWest Group with a focus NatWest Group’s ability to continue to deploy AI solutions and integrate AI on helping improve customer journeys, personalisation, colleague effectiveness and in systems and controls will become increasingly important to retaining and"
004,NatWest Group plc,2025,004_natwest_group_plc_annual_report_2025.txt,AI and related technologies,AI,AI,80,AI,"alisation, colleague effectiveness and in systems and controls will become increasingly important to retaining and improved risk and capital management. Using AI safely and ethically is a key area growing business. There can be no certainty that NatWest Group’s innovation of focus, alongside compliance with evolving AI regulation."
004,NatWest Group plc,2025,004_natwest_group_plc_annual_report_2025.txt,AI and related technologies,AI,AI,80,AI,"ement. Using AI safely and ethically is a key area growing business. There can be no certainty that NatWest Group’s innovation of focus, alongside compliance with evolving AI regulation. This includes developing strategy will be successful, and competitors may be more successful in a robust set of controls for the use of AI models and to"
004,NatWest Group plc,2025,004_natwest_group_plc_annual_report_2025.txt,AI and related technologies,AI,AI,80,AI,"with evolving AI regulation. This includes developing strategy will be successful, and competitors may be more successful in a robust set of controls for the use of AI models and tools across NatWest Group. implementing AI technologies, in turn, affecting industry competitive dynamics. AI risk management is being developed proactively t"
004,NatWest Group plc,2025,004_natwest_group_plc_annual_report_2025.txt,AI and related technologies,AI,AI,80,AI,"strategy will be successful, and competitors may be more successful in a robust set of controls for the use of AI models and tools across NatWest Group. implementing AI technologies, in turn, affecting industry competitive dynamics. AI risk management is being developed proactively to reflect technological and"
004,NatWest Group plc,2025,004_natwest_group_plc_annual_report_2025.txt,AI and related technologies,AI,AI,80,AI,"a robust set of controls for the use of AI models and tools across NatWest Group. implementing AI technologies, in turn, affecting industry competitive dynamics. AI risk management is being developed proactively to reflect technological and systems advances."
004,NatWest Group plc,2025,004_natwest_group_plc_annual_report_2025.txt,AI and related technologies,AI,AI,80,AI,"y to reflect technological and systems advances. Developments in AI may also result in increased model risk and rising levels of fraud. Climate ambitions NatWest Group’s climate strategy – including ambitions, targets, and tran"
004,NatWest Group plc,2025,004_natwest_group_plc_annual_report_2025.txt,AI and related technologies,AI,AI,85,AI,CRD IV improve the sustainability of our earnings. journeys and accelerating AI and models partially offset by a further £10.9 billion Total income of £16.6 billion increased by data transformation.
004,NatWest Group plc,2025,004_natwest_group_plc_annual_report_2025.txt,AI and related technologies,AI,AI,88,AI,"invest in our growth and simplification opportunities which include data £m £m £m % transformation to unlock the full potential of AI. Operating profit before tax 7,708 6,195 1,513 24.4 • Litigation and conduct costs of £167 million represent the net impact of"
004,NatWest Group plc,2025,004_natwest_group_plc_annual_report_2025.txt,AI and related technologies,AI,AI,92,AI,"Family-Backed Mortgage proposition. We current account balances, supported by balances acquired from Sainsbury’s Bank. continue to simplify the business and improve customer and colleague experiences. New AI • RWAs increased by £3.0 billion, or 4.6%, in 2025 primarily due to book movements including capabilities enabled quicker responses to customer complaints, saving around 90,000 hours per the impact of"
004,NatWest Group plc,2025,004_natwest_group_plc_annual_report_2025.txt,AI and related technologies,AI,AI,92,AI,"including capabilities enabled quicker responses to customer complaints, saving around 90,000 hours per the impact of unsecured balances acquired from Sainsbury’s Bank. annum through automated summarisation and AI-generated complaint responses. Retail Banking provided £2.6 billion of climate and transition finance(2) in 2025 from lending on properties with an EPC rating of A or B. • Total income was £845 million, or 15.0%, hi"
004,NatWest Group plc,2025,004_natwest_group_plc_annual_report_2025.txt,AI and related technologies,AI,AI,93,AI,"h net worth segments, we refreshed our visual identity and enhanced our investment insight, relating to existing exposures. including a new Coutts website which delivers a faster and more responsive experience. AI • Net loans to customers increased £0.7 billion, or 3.8%, in 2025 largely driven by higher tooling has reduced call summarisation time by more than 70% and we have continued to see personal lending"
004,NatWest Group plc,2025,004_natwest_group_plc_annual_report_2025.txt,AI and related technologies,AI,AI,94,AI,"ousing sector, surpassing our upgraded target of £7.5 billion by the end of 2026, with total all customer groups grew in the year. (3) commitments of £8.7 billion. We prioritised the use of generative AI through AI-driven • RWAs increased by £7.2 billion, or 6.9%, compared with 2024 primarily due to CRD IV, other transcription and summarisation of complaints and complex business banking calls, increasin"
004,NatWest Group plc,2025,004_natwest_group_plc_annual_report_2025.txt,AI and related technologies,AI,AI,94,AI,"or, surpassing our upgraded target of £7.5 billion by the end of 2026, with total all customer groups grew in the year. (3) commitments of £8.7 billion. We prioritised the use of generative AI through AI-driven • RWAs increased by £7.2 billion, or 6.9%, compared with 2024 primarily due to CRD IV, other transcription and summarisation of complaints and complex business banking calls, increasing"
004,NatWest Group plc,2025,004_natwest_group_plc_annual_report_2025.txt,AI and related technologies,AI,AI,94,AI,"and increased operational risk, with book growth offset by continued RWA management activity.our relationship managers’ capacity to focus on personalised AI-guided interactions. Commercial & Institutional provided £16.2 billion of climate and transition finance(2) in 2025 to support customers investing in the transition to net zero. • Total income was £852 million, or 1"
004,NatWest Group plc,2025,004_natwest_group_plc_annual_report_2025.txt,AI and related technologies,AI,AI,98,AI,"nd people a fintech company; QiO Technologies Limited, the multi-nationals and financial institutions. Throughout in shaping NatWest Group’s long-term strategy, issues in particular. industrial AI company that Rick co-founded; Xynteo, his executive and non-executive career, Paul has financial resilience and stakeholder engagement."
004,NatWest Group plc,2025,004_natwest_group_plc_annual_report_2025.txt,AI and related technologies,AI,AI,100,AI,"on global the Board and individual directors on all governance Yasmin stepped down in April 2018 to serve solely also brings practical board-level experience, having developments in online and AI safety. Her board matters, while also facilitating Board induction and as a director of our key ring-fenced entities, She served on a number of boards and committees in experience spans FTSE 50"
004,NatWest Group plc,2025,004_natwest_group_plc_annual_report_2025.txt,AI and related technologies,AI,AI,111,AI,"g external insight on industry trends and leading practice in data, digital and AI enabled banking."
004,NatWest Group plc,2025,004_natwest_group_plc_annual_report_2025.txt,AI and related technologies,AI,AI,114,AI,"lished businesses and engagement with civic groups promoting regional growth. The Board also explored digital innovations across the bank, recognising the importance of leveraging new technologies, including AI, to enhance service for both colleagues and customers."
004,NatWest Group plc,2025,004_natwest_group_plc_annual_report_2025.txt,AI and related technologies,AI,AI,118,AI,"behavioural the refresh of our purpose, strategy, ambition and performance culture, the new artificial intelligence (AI), and how cultural The Board also sets NatWest Group’s framework framework consolidated previous colleague frameworks into a single set of"
004,NatWest Group plc,2025,004_natwest_group_plc_annual_report_2025.txt,AI and related technologies,AI,AI,118,AI,"framework This included the introduction of Key Results for franchises and functions to Board committee agendas helped to ensure technology, data and AI, supporting our align with agreed KPIs, enabling the tracking of strategic i"
004,NatWest Group plc,2025,004_natwest_group_plc_annual_report_2025.txt,AI and related technologies,AI,AI,118,AI,"alongside accelerating the journey to have a simpler operating system, In April, the Board considered evolving issues Group’s culture, behaviours and standards and powered by technology, AI and data; all in service of our customers. within the UK wealth landscape and discussed is responsible for assessing and monitoring C"
004,NatWest Group plc,2025,004_natwest_group_plc_annual_report_2025.txt,AI and related technologies,AI,AI,120,AI,"Outcome of engagement relationship managers. Discussions during talent sessions organisations to discuss the bank’s role in supporting were focused on the impact of AI and the opportunities it economic growth, financial inclusion, and social mobility Through the various engagement opportunities the Board presents. Throughout 2025, the Board received regular"
004,NatWest Group plc,2025,004_natwest_group_plc_annual_report_2025.txt,AI and related technologies,AI,AI,120,AI,"Board received external insight on industry trends and Outcome of engagement annual Periodic Summary Meeting (PSM). During the year leading practices in data, digital and AI enabled banking. The CAP promotes colleague voice in the boardroom, the Board also considered key regulatory submissions This session also provided constructive challenge on providing a"
004,NatWest Group plc,2025,004_natwest_group_plc_annual_report_2025.txt,AI and related technologies,AI,AI,120,AI,"from the PRA and FCA. capability enablers required to deploy data-driven tools and supporting effective two-way dialogue between and AI safely, responsibly and at scale. colleagues and Board members. CAP updates to the Outcome of engagement Board provided an overview of CAP discussions on the The bilateral and collective engage"
004,NatWest Group plc,2025,004_natwest_group_plc_annual_report_2025.txt,AI and related technologies,AI,AI,120,AI,"of the digital, data composition and engagement activity on remuneration points raised and the respective responses. and AI strategy and informed its oversight of investment matters during 2025, can be found in the Directors’ remuneration report on page 147."
004,NatWest Group plc,2025,004_natwest_group_plc_annual_report_2025.txt,AI and related technologies,AI,AI,122,AI,"ambition around transformation objectives, options, and measures of success, especially as digital and AI An updated view of GAC and TISC membership can be found initiatives scale."
004,NatWest Group plc,2025,004_natwest_group_plc_annual_report_2025.txt,AI and related technologies,AI,AI,123,AI,"through increased use of external advisers, deep dives into Senior Independent Director of the NWH Sub Group, sought to focus on timeliness, conciseness, and use of AI to emerging topics, and broader sharing of insights across feedback on the Chair’s performance from the non-executive enhance quality and consisten"
004,NatWest Group plc,2025,004_natwest_group_plc_annual_report_2025.txt,AI and related technologies,AI,AI,129,AI,"iscussions also included the function’s increased usage of behavioural risk data science techniques, data testing, adoption of Generative AI and continuous audit techniques. The committee agreed to continued visibility at the committee for the potential internal CAE successors via"
004,NatWest Group plc,2025,004_natwest_group_plc_annual_report_2025.txt,AI and related technologies,AI,AI,133,AI,"actions. regulatory expectations. During 2025, BRC is provided on the following pages. Gill Whitehead 6 of 8 BRC has also focused on ensuring that also devoted time to discussing AI deployment Effectiveness review NatWest Group’s risk appetite remains within the NatWest Group, with particular Lena Wilson 8 of 8"
004,NatWest Group plc,2025,004_natwest_group_plc_annual_report_2025.txt,AI and related technologies,AI,AI,133,AI,"performance of the Board and its committees, governance of AI models. due to external commitments arranged prior to her Operational risk remained a principal area including the BRC, was conducted interna"
004,NatWest Group plc,2025,004_natwest_group_plc_annual_report_2025.txt,AI and related technologies,AI,AI,134,AI,"tegic Board discussions. BRC also held a dedicated session focusing on emerging risks and the macroeconomic and challenged management on emerging risks, including cyberattacks and disruptive AI. geopolitical environment, considering the potential impacts on NatWest Group. It sought and received assurance from management that NatWest Group’s risk appetite"
004,NatWest Group plc,2025,004_natwest_group_plc_annual_report_2025.txt,AI and related technologies,AI,AI,134,AI,"c ambitions and evolving risk profile, framework, including the annual refresh of risk appetite, which was recommended in light of the wider macroeconomic uncertainty and the increased use of AI. to the Board for approval. BRC requested management provide a forward-looking view of the capabilities"
004,NatWest Group plc,2025,004_natwest_group_plc_annual_report_2025.txt,AI and related technologies,AI,AI,135,AI,"ding technology end of profile during 2025, driven by the elimination of very high risks through the risk and control self-assessment process and resilience, and life remediation, payments technology, AI risk effective prioritisation of key programmes. Management were challenged to ensure focus on technology end of life information and management and operational resilience. BRC remediation was mai"
004,NatWest Group plc,2025,004_natwest_group_plc_annual_report_2025.txt,AI and related technologies,AI,AI,135,AI,al resilience. BRC remediation was maintained. reviewed the operational resilience self-assessmentcybersecurity The committee was updated on AI deployment within NatWest Group and actions to enhance risk management controls. prior to its approval by the Board and maintained
004,NatWest Group plc,2025,004_natwest_group_plc_annual_report_2025.txt,AI and related technologies,AI,AI,135,AI,prior to its approval by the Board and maintained It was agreed that in 2026 AI risks would be reported in a consolidated AI dashboard to support committee oversight. oversight over recommended enhancements.
004,NatWest Group plc,2025,004_natwest_group_plc_annual_report_2025.txt,AI and related technologies,AI,AI,135,AI,oard and maintained It was agreed that in 2026 AI risks would be reported in a consolidated AI dashboard to support committee oversight. oversight over recommended enhancements. In supporting the Boar
004,NatWest Group plc,2025,004_natwest_group_plc_annual_report_2025.txt,AI and related technologies,AI,AI,136,AI,"Group Risk Report to improve committee oversight. robust model risk framework and ensure compliance The development and governance of AI models was specifically considered by BRC, including the need to ensure with the Prudential Regulation Authority’s (PRA)"
004,NatWest Group plc,2025,004_natwest_group_plc_annual_report_2025.txt,AI and related technologies,AI,AI,137,AI,"g Group’s fraud prevention strategy, including the use engagement with government and industry stakeholders and encouraged continued investment in preventative controls of AI to detect and prevent fraud. Broader industry and customer education. developments were considered as part of BRC’s oversight of fraud related risks, including an update"
004,NatWest Group plc,2025,004_natwest_group_plc_annual_report_2025.txt,AI and related technologies,AI,AI,139,AI,"I am delighted to present my report as Chair advancement of device capabilities, and AI of the Group Technology, Innovation and • Business initiatives to"
004,NatWest Group plc,2025,004_natwest_group_plc_annual_report_2025.txt,AI and related technologies,AI,AI,139,AI,"e customer engagement or TISC). With the rapid evolution of technology and AI, • Simplification initiatives TISC ensures the Group’s work remains on • Modernised technology platf"
004,NatWest Group plc,2025,004_natwest_group_plc_annual_report_2025.txt,AI and related technologies,AI,AI,140,AI,"future Board meeting. TISC also recommended consideration be given as to how digitise customer experience across channels, with a focus on maintaining human M&A targets are assessed for their support of agile, AI-driven customer data approaches. Additional engagement contact at critical moments (e.g., bereavement). This included simplifying recommendations included establishing an early-adopter customer group to test n"
004,NatWest Group plc,2025,004_natwest_group_plc_annual_report_2025.txt,AI and related technologies,AI,AI,140,AI,"stor narratives to outline key deliverables in the journey towards a the customer across channels, and reduced colleague cognitive load single customer view. through AI augmentation. Engagement with customers was reviewed including the frequency of refresh of marketing •"
004,NatWest Group plc,2025,004_natwest_group_plc_annual_report_2025.txt,AI and related technologies,AI,AI,140,AI,"permissions and the importance of ensuring appropriate use of customer data reinforced. The committee reviewed how investment in AI was enabling The committee also reviewed the implications of third-party data use, social proofing, and event and tri"
004,NatWest Group plc,2025,004_natwest_group_plc_annual_report_2025.txt,AI and related technologies,AI,AI,140,AI,"tal X Simplification Strategy: The June meeting highlighted three The level of ambition within the plans, and the need to consider the use of AI from a trust standpoint fundamental outcomes: customer engagement, agility, and cost/FTE was challenged; and the need for"
004,NatWest Group plc,2025,004_natwest_group_plc_annual_report_2025.txt,AI and related technologies,AI,AI,140,AI,"simplification work was discussed. at the convergence of finance and technology, with rapid evolution in technology and data/AI, and a strong focus on removing complex The importance of the underlying architecture to further increase agility was reinforced. orchestration layers to speed up delivery. It was also n"
004,NatWest Group plc,2025,004_natwest_group_plc_annual_report_2025.txt,AI and related technologies,AI,AI,141,AI,"tic adoption, including consideration of technology from multiple geographies were also reviewed. AI-based architecture requires centralised data and Application Programming Interfaces (APIs), with several applications in development. Regarding colleague adoption, ethical considerations in AI roll"
004,NatWest Group plc,2025,004_natwest_group_plc_annual_report_2025.txt,AI and related technologies,AI,AI,141,AI,"AI-based architecture requires centralised data and Application Programming Interfaces (APIs), with several applications in development. Regarding colleague adoption, ethical considerations in AI rollout, reward system changes, and future • AI Feature Teams and Adoption: The establishment of an AI feature skills development were covered. It was agreed to provide a spotl"
004,NatWest Group plc,2025,004_natwest_group_plc_annual_report_2025.txt,AI and related technologies,AI,AI,141,AI,"Programming Interfaces (APIs), with several applications in development. Regarding colleague adoption, ethical considerations in AI rollout, reward system changes, and future • AI Feature Teams and Adoption: The establishment of an AI feature skills development were covered. It was agreed to provide a spotlight on engineering workforce team, with deliverables expecte"
004,NatWest Group plc,2025,004_natwest_group_plc_annual_report_2025.txt,AI and related technologies,AI,AI,141,AI,"cations in development. Regarding colleague adoption, ethical considerations in AI rollout, reward system changes, and future • AI Feature Teams and Adoption: The establishment of an AI feature skills development were covered. It was agreed to provide a spotlight on engineering workforce team, with deliverables expected by the end of 2025. AI adoption plans and fu"
004,NatWest Group plc,2025,004_natwest_group_plc_annual_report_2025.txt,AI and related technologies,AI,AI,141,AI,"ption: The establishment of an AI feature skills development were covered. It was agreed to provide a spotlight on engineering workforce team, with deliverables expected by the end of 2025. AI adoption plans and future skills during 2026. is progressing, with tools like CoPilot Chat and Aiden (an internally developed generative AI tool) rolle"
004,NatWest Group plc,2025,004_natwest_group_plc_annual_report_2025.txt,AI and related technologies,AI,AI,141,AI,"nd of 2025. AI adoption plans and future skills during 2026. is progressing, with tools like CoPilot Chat and Aiden (an internally developed generative AI tool) rolled out to employees, with an initial focus on building avatars capable of developing an empathetic response; and deepfake detection capabilities."
004,NatWest Group plc,2025,004_natwest_group_plc_annual_report_2025.txt,AI and related technologies,AI,AI,141,AI,"focus on building avatars capable of developing an empathetic response; and deepfake detection capabilities. • Industry and bank-specific AI adoption: External guests from NVIDIA and the Group’s Chief AI Research Officer provided an opinion on the evolution of AI, emerging use cases, and the sustainability of c"
004,NatWest Group plc,2025,004_natwest_group_plc_annual_report_2025.txt,AI and related technologies,AI,AI,141,AI,"response; and deepfake detection capabilities. • Industry and bank-specific AI adoption: External guests from NVIDIA and the Group’s Chief AI Research Officer provided an opinion on the evolution of AI, emerging use cases, and the sustainability of current market valuations. This included the strategic importan"
004,NatWest Group plc,2025,004_natwest_group_plc_annual_report_2025.txt,AI and related technologies,AI,AI,141,AI,"• Industry and bank-specific AI adoption: External guests from NVIDIA and the Group’s Chief AI Research Officer provided an opinion on the evolution of AI, emerging use cases, and the sustainability of current market valuations. This included the strategic importance of data, monetisation via proprietary models, industry adop"
004,NatWest Group plc,2025,004_natwest_group_plc_annual_report_2025.txt,AI and related technologies,AI,AI,141,AI,"monetisation via proprietary models, industry adoption, and the impact on customer relationships and staff roles. This evolution of large language models, Agentic AI, and the Group’s ambition for operating leverage through AI was covered. Demonstrations of financial crime and fraud use cases, and retail banking applications were provided"
004,NatWest Group plc,2025,004_natwest_group_plc_annual_report_2025.txt,AI and related technologies,AI,AI,141,AI,"on customer relationships and staff roles. This evolution of large language models, Agentic AI, and the Group’s ambition for operating leverage through AI was covered. Demonstrations of financial crime and fraud use cases, and retail banking applications were provided alongside plans to enhance the colleague experience. Extern"
004,NatWest Group plc,2025,004_natwest_group_plc_annual_report_2025.txt,AI and related technologies,AI,AI,141,AI,"emerging devices (wearables, headsets, brain-computer interfaces, the importance of trust and regulatory perspectives, and microservice-level operations to reduce on Innovation/ robotics with embedded AI) and the potential to disrupt customer competitive threats. Disruption engagement and end mobile phone dominance. Disintermediation in the market was discussed and it was not"
004,NatWest Group plc,2025,004_natwest_group_plc_annual_report_2025.txt,AI and related technologies,AI,AI,141,AI,". Disruption engagement and end mobile phone dominance. Disintermediation in the market was discussed and it was noted that new entrants from China threats and • Agentic AI and Banking Disruption: The June meeting included a deep were already using AI agents to offer to move customers money and were not bound by domestic dive into Agentic AI, with external persp"
004,NatWest Group plc,2025,004_natwest_group_plc_annual_report_2025.txt,AI and related technologies,AI,AI,141,AI,"Disintermediation in the market was discussed and it was noted that new entrants from China threats and • Agentic AI and Banking Disruption: The June meeting included a deep were already using AI agents to offer to move customers money and were not bound by domestic dive into Agentic AI, with external perspectives from the Technologyimplications"
004,NatWest Group plc,2025,004_natwest_group_plc_annual_report_2025.txt,AI and related technologies,AI,AI,141,AI,"• Agentic AI and Banking Disruption: The June meeting included a deep were already using AI agents to offer to move customers money and were not bound by domestic dive into Agentic AI, with external perspectives from the Technologyimplications regulation. The Directors challenged the Group’s ambition including w"
004,NatWest Group plc,2025,004_natwest_group_plc_annual_report_2025.txt,AI and related technologies,AI,AI,141,AI,"enticfor bank to ensure the Group was winning for customers. It was agreed that a future update would be AI adoption by customers could impact the Group, including the risk provided in respect of the Group’s position on Agentic AI ado"
004,NatWest Group plc,2025,004_natwest_group_plc_annual_report_2025.txt,AI and related technologies,AI,AI,141,AI,"AI adoption by customers could impact the Group, including the risk provided in respect of the Group’s position on Agentic AI adoption by our customers. of disintermediation and the need for strategic advantage through ownership of complex prompts and trust relationships. Engagement The c"
004,NatWest Group plc,2025,004_natwest_group_plc_annual_report_2025.txt,AI and related technologies,AI,AI,141,AI,• Competitive Positioning: The Group’s position versus peers was reviewed including opportunities and challenges such as security concerns potentially slowing generative AI adoption across the industry which presented opportunities for the Group.
004,NatWest Group plc,2025,004_natwest_group_plc_annual_report_2025.txt,AI and related technologies,AI,AI,150,AI,"ehaviours, we reflected our new behaviours into how we see our ‘Winning Together’ spotlight on page 61. manage performance in 2025 and enhanced the experience with AI-powered goal setting, Our Code of Conduct can be found at feedback and check-in preparation prompts. natwestgroup.com. We also launched Recognise, our new approa"
004,NatWest Group plc,2025,004_natwest_group_plc_annual_report_2025.txt,AI and related technologies,AI,AI,270,AI,"), ransomware gangs and, in light cyber risks. management framework section. Furthermore, by the end of March 2025, of ongoing geopolitical tensions, nation • AI tools have been introduced to support NatWest Group confirmed full compliance states. the articulation and adequacy of controls MeasurementMeasurement and"
004,NatWest Group plc,2025,004_natwest_group_plc_annual_report_2025.txt,AI and related technologies,AI,AI,270,AI,"ion and adequacy of controls MeasurementMeasurement andand monitoringmonitoring with the operational resilience requirements • Innovations in technology, assessing the including generative AI chat bots to Measurement and monitoring for operational set by the Financial Conduct Authority and inherent risk and developing appropriate support the embedding of frameworks"
004,NatWest Group plc,2025,004_natwest_group_plc_annual_report_2025.txt,AI and related technologies,AI,AI,274,AI,"raceability model regulatory requirements and improve Risk management framework section. example, in legal action, regulatory supported by an integrated AI-enabled consumer flexibility. The proposals seek enforcement, material financial loss and/or platform. This will simplify governance, to simpli"
004,NatWest Group plc,2025,004_natwest_group_plc_annual_report_2025.txt,AI and related technologies,machine learning,machine learning,24,machine learning,"sophisticated adversaries. threat of bad actors using AI and remained higher than inflation. The Bank 2025, we launched Shared Ownership Regulatory expectations are also rising, with machine learning for deep fakes of England cut the base rate four times Mortgages, which allow customers to key frameworks setting new standards, and and advanced phishing. from 4.75% at the start of 202"
004,NatWest Group plc,2025,004_natwest_group_plc_annual_report_2025.txt,AI and related technologies,machine learning,machine learning,417,machine learning,"h IT third-party generative or other artificial that data could result in a failure to manage detection systems and controls, risk systems exceed capacity or if NatWest Group intelligence or machine learning platforms, and report important risks and opportunities management, credit analysis and reporting, or a third-party system fails or experiences and could potentially be accessed by others, or satisf"
004,NatWest Group plc,2025,004_natwest_group_plc_annual_report_2025.txt,AI and related technologies,automation,automation,24,automation,"Scotland. We also monitoring, backed by investment in a culture of security awareness. continued to be a vital voice for business in automation. This enabled an increasingly Our response 2025, convening our inaugural Mid-Market rapid response to threats. In 2025, we continued to adapt our Growth Council me"
004,NatWest Group plc,2025,004_natwest_group_plc_annual_report_2025.txt,AI and related technologies,automation,automation,61,automation,"almost 400 colleagues. We also introduced needed to support meaningful, trusted automation of future dated worker relationships with customers. The programme transactions, specifically al"
004,NatWest Group plc,2025,004_natwest_group_plc_annual_report_2025.txt,AI and related technologies,automation,automation,98,automation,"ado Institutional business, bringing together the teams supporting organisations through complex strategic ESG and general management. As a former Chair of Group plc, which provides technology and automation that support NatWest’s business customers, and regulatory change. As Group Chief Financial the NatWest Group Colleague Advisory Panel, Lena solutions for grocery retailers; Embedded Finance,"
004,NatWest Group plc,2025,004_natwest_group_plc_annual_report_2025.txt,AI and related technologies,automation,automation,118,automation,"New core In February, the Board approved the new core behavioural framework. Followinginto progress’. to enhance efficiency using automation and behavioural the refresh of our purpose, strategy, ambition and performance culture, the new"
004,NatWest Group plc,2025,004_natwest_group_plc_annual_report_2025.txt,AI and related technologies,automation,automation,129,automation,"ithin NatWest Group. The committee also considered Internal Audit’s updates on ongoing challenges, including operational resilience, automation, and key change programmes, noting improvements in control validation rates, progress on simplification objectives and risk self-assessme"
004,NatWest Group plc,2025,004_natwest_group_plc_annual_report_2025.txt,AI and related technologies,automation,automation,134,automation,"ncluding credit exposures. It welcomed Risk Reports discussed at every meeting were supplemented by strategic risk spotlights the progress made on automating reporting, whilst encouraging further automation and and updates from principal subsidiary board risk committee chairs, providing a holistic data quality improvements to support more timely and insightful reporting. view of all"
004,NatWest Group plc,2025,004_natwest_group_plc_annual_report_2025.txt,AI and related technologies,automation,automation,139,automation,"the defence sector; ethical, social and and use automation; provided by the NatWest Digital X team who envir"
004,NatWest Group plc,2025,004_natwest_group_plc_annual_report_2025.txt,AI and related technologies,automation,automation,172,automation,"about the Group Audit Committee and its (as defined in the Exchange Act rules) as of automation of risk processes, a focused suite help support oversight. Further, the system of work during 2025 is set out in the Group"
004,NatWest Group plc,2025,004_natwest_group_plc_annual_report_2025.txt,AI and related technologies,automation,automation,172,automation,"ntrol gaps and weaknesses and of 2002 and assess the effectiveness of occurred during the period covered by this Code for determining whether a director is identify control rationalisation and automation internal control over financial reporting report that has materially affected, or independent. NatWest Group plc follows the opportunities. The outcomes of the risk and as of 31 De"
004,NatWest Group plc,2025,004_natwest_group_plc_annual_report_2025.txt,AI and related technologies,automation,automation,276,automation,liquidity requirements governance framework is in place to ensure This is completed for new models or materialand automation of operational processes. policies and processes relating to models are amendments to existing models and as part
004,NatWest Group plc,2025,004_natwest_group_plc_annual_report_2025.txt,AI and related technologies,automation,automation,405,automation,"hensive statement of all results. technology, digitisation, automation, artificialpotential risks and uncertainties facing intelligence, decarbonisation, or due to the The value of NatWest Group’s own and other NatWest Grou"
004,NatWest Group plc,2025,004_natwest_group_plc_annual_report_2025.txt,AI and related technologies,automation,automation,408,automation,"oreover, innovations in attractive and/or better value range of invests in new technologies and participates technology conglomerates and new market biometrics, artificial intelligence, automation, products and services and geographic in industry and research-led technology entrants leveraging technology and/or other cloud services, blockchain, cryptocurrencies diversity. For examp"
004,NatWest Group plc,2025,004_natwest_group_plc_annual_report_2025.txt,AI and related technologies,automation,automation,408,automation,"chnology intensive, including through financial services at a lower cost base. customers.(often referred to as “neobanks”) and digitalisation, automation, and the use offintechs are aiming to compete to serve artificial intelligence while needing to continue Failure to offer competitive, attractive,"
004,NatWest Group plc,2025,004_natwest_group_plc_annual_report_2025.txt,AI and related technologies,automation,automation,408,automation,"pportunities. For example, NatWest The transfer of NatWest Group’s EUforeign currency). increasingly important for retaining and Group is investing in the automation of corporate portfolio involves certain risks. Competition is expected to continue and growing NatWest Group’s market share and certain solutions and interactions within its To improve effi"
004,NatWest Group plc,2025,004_natwest_group_plc_annual_report_2025.txt,AI and related technologies,automation,automation,416,automation,"NatWest Group also faces operational risks NatWest Group is subject to sophisticated Consequently, NatWest Group continues to Additionally, malicious third parties may as it continues to invest in the automation of and frequent cyberattacks, and invest significant resources in developing and induce employees, customers, third-party certain solutions and customer interactions, compliance with cybers"
004,NatWest Group plc,2025,004_natwest_group_plc_annual_report_2025.txt,AI and related technologies,generative AI,generative AI,25,generative AI,"perational transformation, driven by accelerated advancements needed to deliver the UK Government’s plans for value chain by 2050. This is aligned with the UK’s legal in generative AI, digital technology and data capabilities. economic growth. We remain involved in work to shape obligation to be net zero by 2050. We continue to focus These changes are reshaping business mode"
004,NatWest Group plc,2025,004_natwest_group_plc_annual_report_2025.txt,AI and related technologies,generative AI,generative AI,34,generative AI,"s to focus their to provide £100 billion of climate and sustainable support where customers most value it. We also funding and financing between 1 July 2021 and Group partners with Prommt deployed new generative AI technology, for the end of 2025. Commercial & Institutional the benefit of our customers and colleagues. delivered £95 billion against this target. Looking For example, all complaint calls are now"
004,NatWest Group plc,2025,004_natwest_group_plc_annual_report_2025.txt,AI and related technologies,generative AI,generative AI,49,Generative AI,"gnificant investment in bringing of Edinburgh, we are upskilling team and properly governed. NatWest Group’sscaling and target touch size and will use the Generative AI (GenAI) into the customer members in responsible AI. A second Enterprise-Wide Risk Managementfindings to inform our design system. We also experience"
004,NatWest Group plc,2025,004_natwest_group_plc_annual_report_2025.txt,AI and related technologies,generative AI,generative AI,61,generative AI,"earning days annually. out of AI tools (Co-Pilot and Aiden, our internally They can also access a comprehensive suite developed generative AI tool). In 2025, almost of learning opportunities to enable skills and 63,000 colleagues completed found"
004,NatWest Group plc,2025,004_natwest_group_plc_annual_report_2025.txt,AI and related technologies,generative AI,generative AI,80,generative AI,"ocus in 2025 Description Risk management actions Artificial intelligence Innovations in artificial intelligence (AI), including generative AI, may rapidly • NatWest Group closely monitors developments in disruptive technologies, including AI. transform and disrupt customer interactions, the industry and"
004,NatWest Group plc,2025,004_natwest_group_plc_annual_report_2025.txt,AI and related technologies,generative AI,generative AI,94,generative AI,"lances in housing sector, surpassing our upgraded target of £7.5 billion by the end of 2026, with total all customer groups grew in the year. (3) commitments of £8.7 billion. We prioritised the use of generative AI through AI-driven • RWAs increased by £7.2 billion, or 6.9%, compared with 2024 primarily due to CRD IV, other transcription and summarisation of complaints and complex business banking calls, increasin"
004,NatWest Group plc,2025,004_natwest_group_plc_annual_report_2025.txt,AI and related technologies,generative AI,generative AI,129,Generative AI,"e future. Discussions also included the function’s increased usage of behavioural risk data science techniques, data testing, adoption of Generative AI and continuous audit techniques. The committee agreed to continued visibility at the committee for the potential internal CAE successors via"
004,NatWest Group plc,2025,004_natwest_group_plc_annual_report_2025.txt,AI and related technologies,generative AI,generative AI,141,generative AI,"ed by the end of 2025. AI adoption plans and future skills during 2026. is progressing, with tools like CoPilot Chat and Aiden (an internally developed generative AI tool) rolled out to employees, with an initial focus on building avatars capable of developing an empathetic response; and deepfake detection capabilities."
004,NatWest Group plc,2025,004_natwest_group_plc_annual_report_2025.txt,AI and related technologies,generative AI,generative AI,141,generative AI,• Competitive Positioning: The Group’s position versus peers was reviewed including opportunities and challenges such as security concerns potentially slowing generative AI adoption across the industry which presented opportunities for the Group.
004,NatWest Group plc,2025,004_natwest_group_plc_annual_report_2025.txt,AI and related technologies,generative AI,generative AI,270,generative AI,"e articulation and adequacy of controls MeasurementMeasurement andand monitoringmonitoring with the operational resilience requirements • Innovations in technology, assessing the including generative AI chat bots to Measurement and monitoring for operational set by the Financial Conduct Authority and inherent risk and developing appropriate support the embedding of frameworks"
004,NatWest Group plc,2025,004_natwest_group_plc_annual_report_2025.txt,Governance and accountability,responsible AI,responsible AI,25,responsible AI,"able customer protection. funding and financing framework which underpinned our • We’ve set ourselves standards for responsible AI with previous £100 billion target, which was exceeded in Q1 2025. our AI and Data Ethics Code of Conduct. In 2025,"
004,NatWest Group plc,2025,004_natwest_group_plc_annual_report_2025.txt,Governance and accountability,responsible AI,responsible AI,45,responsible AI,"ion. Our collaboration with in spring 2025, to harness academiccontext of our strategy and decided to no Google supports responsible AI adoption, expertise and regional strengths aslonger separately measure, track, and boosting digital capabil"
004,NatWest Group plc,2025,004_natwest_group_plc_annual_report_2025.txt,Governance and accountability,responsible AI,responsible AI,49,responsible AI,e upskilling team and properly governed. NatWest Group’sscaling and target touch size and will use the Generative AI (GenAI) into the customer members in responsible AI. A second Enterprise-Wide Risk Managementfindings to inform our design system. We also experience. This enabled us to introduce cohort of 32 colle
004,NatWest Group plc,2025,004_natwest_group_plc_annual_report_2025.txt,Governance and accountability,responsible AI,responsible AI,49,Responsible AI,"process for approximately one million 58,000 colleagues completed the digital Commercial & Institutional customers. It offers In addition, the Responsible AI Team accessibility learning module in 2025. a secure way to provide identity documents to refined the AIDE process to include colleagues completed internally"
004,NatWest Group plc,2025,004_natwest_group_plc_annual_report_2025.txt,Governance and accountability,AI ethics,AI ethics,49,AI Ethics,"ed on appropriate guardrails to ensure thebest practice with an expectation that suppliers (now 21, as at 31 December 2025). As a result, the University’s Data and AI Ethics masters safe and secure deployment of AI.(1)conform to the most recent version of the we have seen around a 20-percentage-point course, with more cohorts planned for 2026."
004,NatWest Group plc,2025,004_natwest_group_plc_annual_report_2025.txt,Human oversight,automated decision-making,automated decision-making,190,automated decision-making,expected under stress. Credit customers. The assessment process depends and challenge of frontline credit risk by automated decision-making. To maintain risk is further controlled through operational on the complexity of the transaction. management activi
004,NatWest Group plc,2025,004_natwest_group_plc_annual_report_2025.txt,"Fairness, bias and ethics",bias,bias,125,bias,"(in relation to Provision 23 of the Code) the gender balance of senior management and their direct reports. criteria without bias, prejudice, or discrimination, and that searches for Board candidates are conducted with due regard to the benefits of diversity and inclusion."
004,NatWest Group plc,2025,004_natwest_group_plc_annual_report_2025.txt,"Fairness, bias and ethics",bias,bias,285,bias,risks. market. Additionally derivative instruments whose valuation is dependent on discount rates associated with complex collateral We assessed whether there were any indicators of aggregate bias in financial instrument marking and methodology arrangements; and assumptions. • FairFair valuevalue adjustmentsadjustments -- the appropriateness of fair value
004,NatWest Group plc,2025,004_natwest_group_plc_annual_report_2025.txt,"Fairness, bias and ethics",bias,bias,338,bias,"cing information considering consistency between different sources, variation over time, perceived tradability or otherwise of available quotes; consensus service dispersion ranges; volume of trading activity and market bias (e.g. one-way inventory); day 1 profit or loss arising on new trades; number and nature of market participants; market conditions; modelling consistency in the market; size and nature of risk; length of holding of posit"
004,NatWest Group plc,2025,004_natwest_group_plc_annual_report_2025.txt,"Fairness, bias and ethics",bias,bias,417,bias,"ificant may increase the risk of data leakage, data competitive disadvantage by increasing its other entities in NatWest Group or third compensation costs, regulatory sanctions poisoning, potential bias, discrimination, costs, inhibiting its efforts to reduce costs or parties), as well as the communication and/or a breach of applicable regulations. errors, and misuse. A failure to monitor a"
004,NatWest Group plc,2025,004_natwest_group_plc_annual_report_2025.txt,"Fairness, bias and ethics",fairness,fairness,125,fairness,"nd that the nomination process is based on the principles of • the recommendation of the Parker Review to have at least one member of the Board being from an ethnic fairness, respect, and inclusion; that all nominations and minority background with two such directors meeting this criterion. appointments are made based on individual competence,"
004,NatWest Group plc,2025,004_natwest_group_plc_annual_report_2025.txt,"Fairness, bias and ethics",fairness,fairness,433,fairness,"lied, or takes no releases and other written materials, and in activities. Accordingly, disclosures relating to responsibility or liability as to the fairness, Therefore, readers should exercise caution accuracy, reliability, reasonableness,oral statements (including during m"
005,Standard Chartered plc,2025,005_standard_chartered_plc_annual_report_2025.txt,AI and related technologies,artificial intelligence,artificial intelligence,148,artificial intelligence,"ty, sustainability challenges and Group’s strategy, the activities of the Board leadership succession. committees and a keynote presentation on artificial intelligence and cyber governance. AGM The AGM, held on 8 May in 2025, was the Board’s Provided an opportunity for retail shareholders key opportunity for engagement with retail to engag"
005,Standard Chartered plc,2025,005_standard_chartered_plc_annual_report_2025.txt,AI and related technologies,artificial intelligence,artificial intelligence,195,artificial intelligence,"the traditional bank by addressing the Ventures and the rest digital banking and lifestyle needs of clients. of the Bank • Bill championed our Group approach to artificial intelligence (AI) with 15 themes identified for execution, including ‘MyWealth Advisor’ in Singapore and Hong Kong. • Continue to develop and • Bill continues to p"
005,Standard Chartered plc,2025,005_standard_chartered_plc_annual_report_2025.txt,AI and related technologies,artificial intelligence,artificial intelligence,288,Artificial Intelligence,"oducts and as geopolitical factors, Nth Party Risk and the risk arising business practices 1.5% 22.9% from adoption and use of Artificial Intelligence. This enables Damage to physical assets 0.0% 0.0% the Group to keep pace with new business developments,"
005,Standard Chartered plc,2025,005_standard_chartered_plc_annual_report_2025.txt,AI and related technologies,AI,AI,7,AI,"report • Third, and related to the first two factors, is the contest for Such an approach is deeply valued by our clients, and it is often strategic resources that underpin the adoption of AI and cited as their reason for both choosing and remaining with us. data-intensive technologies. This is driving unprecedented And, over the last year in particular, this has been highlighted demand f"
005,Standard Chartered plc,2025,005_standard_chartered_plc_annual_report_2025.txt,AI and related technologies,AI,AI,10,AI,"– through continuous transformation of our explain more about our plans at our capital markets eventtechnology, adoption of advanced data skills (including AI), in May of this year, where we will describe our next phasesimplification of our processes, and disciplined expense"
005,Standard Chartered plc,2025,005_standard_chartered_plc_annual_report_2025.txt,AI and related technologies,AI,AI,11,AI,"g client demand and drive client • Deliver personalised and trusted advisory and satisfaction with investments in digitisation, product differentiated solutions to clients, leveraging AI and digital innovation and AI capabilities. tools to grow client engagement and wealth penetration. • Enhance our ability to serve sophisticated financial • Build"
005,Standard Chartered plc,2025,005_standard_chartered_plc_annual_report_2025.txt,AI and related technologies,AI,AI,11,AI,"• Deliver personalised and trusted advisory and satisfaction with investments in digitisation, product differentiated solutions to clients, leveraging AI and digital innovation and AI capabilities. tools to grow client engagement and wealth penetration. • Enhance our ability to serve sophisticated financial • Build a robust pipeline of future affl"
005,Standard Chartered plc,2025,005_standard_chartered_plc_annual_report_2025.txt,AI and related technologies,AI,AI,16,AI,"omic scarring concerns. Within emerging markets, the back of strong business investment and spending, countries in Asia are best placed to take advantage supported by corporate tax cuts and the race for AI of digitalisation, including generative AI (GenAI). adoption. We expect euro area growth to be more muted • Relatively younger populations, and the adoption at 1.1 per cent given trade pressure"
005,Standard Chartered plc,2025,005_standard_chartered_plc_annual_report_2025.txt,AI and related technologies,AI,AI,16,AI,"back of strong business investment and spending, countries in Asia are best placed to take advantage supported by corporate tax cuts and the race for AI of digitalisation, including generative AI (GenAI). adoption. We expect euro area growth to be more muted • Relatively younger populations, and the adoption at 1.1 per cent given trade pressures – from US tariffs, of digital technology,"
005,Standard Chartered plc,2025,005_standard_chartered_plc_annual_report_2025.txt,AI and related technologies,AI,AI,17,AI,"a’s total distribution of growth. Downside surprises to inflation have factor productivity gains should continue to fuel growth, led to easier monetary policy, although rate cuts have likely aided by rapid AI adoption. come to an end. A policy change to allow the Indian rupee to be the shock absorber amid weak capital inflows ensuresThe 1"
005,Standard Chartered plc,2025,005_standard_chartered_plc_annual_report_2025.txt,AI and related technologies,AI,AI,17,AI,"However, normalisation of exports may be a growth dragto 2025. The People’s Bank of China is likely to maintain in 2026. Meanwhile, AI-related activity may continueaccommodative monetary policy, but with measured easing to support growth, either via manufacturing or investment.to manage fina"
005,Standard Chartered plc,2025,005_standard_chartered_plc_annual_report_2025.txt,AI and related technologies,AI,AI,18,AI,"payments, should reduce non-performing loans. We expect a gradual acceleration of US growth in 2026, underpinned by strong investment growth amid corporate tax Middle Eastcuts and the race for AI build out. Despite softer employment Actual and projected growth by market in 2025 and 2026growth, which partly reflects supply-side factors such as lower immigra"
005,Standard Chartered plc,2025,005_standard_chartered_plc_annual_report_2025.txt,AI and related technologies,AI,AI,18,AI,"rising South–South trade as global trade is re-routed in a more fragmented world. In parallel, policymakers’ focus on AI should Africa add impetus to the US–GCC investment corridor. Actual and projected growth by market in 2025 and 2026 Nigeria Europe 2026"
005,Standard Chartered plc,2025,005_standard_chartered_plc_annual_report_2025.txt,AI and related technologies,AI,AI,29,AI,"solutions, such as our exclusive Signature Select and will be powered by a best-in-class open architecture Signature CIO funds, with the combined AUM from solutions platform, enhanced by data and AI. Standard Chartered exclusive funds crossing $8 billion. • Accelerate investment in our growth engines – To drive • Recognised for excellence in private banking, digital growth and market"
005,Standard Chartered plc,2025,005_standard_chartered_plc_annual_report_2025.txt,AI and related technologies,AI,AI,30,ai,Su operates in Kenya. pp ly Ch ai 19% ns sets lAs ta gi Di e yl st 3
005,Standard Chartered plc,2025,005_standard_chartered_plc_annual_report_2025.txt,AI and related technologies,AI,AI,30,AI,"riz Hoacross three high-conviction themes: Next Digital Banking & Lifestyle, Trade & Supply Chains and Digital Assets, enabled by AI, Web3/Blockchain, ESG 27% and Quantum (Next Horizon ventures) 28 Standard Chartered | Annual Report 2025"
005,Standard Chartered plc,2025,005_standard_chartered_plc_annual_report_2025.txt,AI and related technologies,AI,AI,33,AI,"nk in Hong Kong by the Asian Banking & Lifestyle, Trade & Supply Chains and Digital Banker and Digital Bank of the Year – Hong Kong by Asian Assets, enabled by AI, Web3/Blockchain, ESG and Banking and Finance. Quantum. We do this by connecting ecosystems, partners and clients to create value and new sources of revenues,"
005,Standard Chartered plc,2025,005_standard_chartered_plc_annual_report_2025.txt,AI and related technologies,AI,AI,33,AI,"banking app for a digital bank globally by The Digital Banker. by 57 per cent year-on-year to reach nearly 1.1 million. The bank made strong progress on AI adoption, driving SC Ventures completed the sale of Solv India to Jumbotail, productivity gains and enhanced customer experience. one of India’s leading B"
005,Standard Chartered plc,2025,005_standard_chartered_plc_annual_report_2025.txt,AI and related technologies,AI,AI,36,AI,"through our internal Talent Marketplace.working flexibly across the Bank. In 2025, we reaffirmed our commitment to flexible working, including the rollout in India. Responsible use of AI Among the 5,400 additional eligible colleagues, 64 per cent The Bank’s AI strategy is to ensure AI is scaled safely and are now working flexibly and 80 per cent of all c"
005,Standard Chartered plc,2025,005_standard_chartered_plc_annual_report_2025.txt,AI and related technologies,AI,AI,36,AI,"irmed our commitment to flexible working, including the rollout in India. Responsible use of AI Among the 5,400 additional eligible colleagues, 64 per cent The Bank’s AI strategy is to ensure AI is scaled safely and are now working flexibly and 80 per cent of all colleagues in effectively and centred on building the h"
005,Standard Chartered plc,2025,005_standard_chartered_plc_annual_report_2025.txt,AI and related technologies,AI,AI,36,AI,"lexible working, including the rollout in India. Responsible use of AI Among the 5,400 additional eligible colleagues, 64 per cent The Bank’s AI strategy is to ensure AI is scaled safely and are now working flexibly and 80 per cent of all colleagues in effectively and centred on building the human capability that Indi"
005,Standard Chartered plc,2025,005_standard_chartered_plc_annual_report_2025.txt,AI and related technologies,AI,AI,36,AI,"ely and centred on building the human capability that India believe that flexible work has a positive impact on their powers transformation. Our colleague focus is on AI talent ability to get work done. Globally, people leaders continue and literacy – building the workforce capability that enables to maintain arrangements that balance clie"
005,Standard Chartered plc,2025,005_standard_chartered_plc_annual_report_2025.txt,AI and related technologies,AI,AI,36,AI,"ing the workforce capability that enables to maintain arrangements that balance client and business colleagues to work confidently, safely and effectively with AI. needs with individual preferences. We recognise the need for collaboration and apprenticeship, and we will continue Being AI-ready means understanding what skills the future to encourage flexibility with guardrai"
005,Standard Chartered plc,2025,005_standard_chartered_plc_annual_report_2025.txt,AI and related technologies,AI,AI,36,AI,"colleagues to work confidently, safely and effectively with AI. needs with individual preferences. We recognise the need for collaboration and apprenticeship, and we will continue Being AI-ready means understanding what skills the future to encourage flexibility with guardrails in place on work of work demands and giving people clear, practical ways location, pattern and role eligibility to ensu"
005,Standard Chartered plc,2025,005_standard_chartered_plc_annual_report_2025.txt,AI and related technologies,AI,AI,36,AI,"we hire, develop and enable Developing skills for future strategic value our teams. Success for us in this work is that every colleague and enabling careers understands what AI-ready means for their role and has At the Bank, we have made strong progress in leveraging a clear path to get there. skills to enable us to deploy critical capabilities faster, W"
005,Standard Chartered plc,2025,005_standard_chartered_plc_annual_report_2025.txt,AI and related technologies,AI,AI,36,AI,"We build the skills and mindsets required for colleagues strengthen our workforce resilience and accelerate execution to work effectively with AI by helping our colleagues integrate of our strategic priorities human judgement so they can make better decisions, solve We are continuing to embed skills into the operating"
005,Standard Chartered plc,2025,005_standard_chartered_plc_annual_report_2025.txt,AI and related technologies,AI,AI,36,AI,"ng to embed skills into the operating model problems in new ways and redesign work to deliver greater for how work gets done and how talent flows across the value. We have enabled colleagues to engage with AI in organisation. We have strengthened the foundations low-risk, beneficial scenarios, such as our AI-powered required to support this shift, including enhancing our skills coaching tool, CAISY, which"
005,Standard Chartered plc,2025,005_standard_chartered_plc_annual_report_2025.txt,AI and related technologies,AI,AI,36,AI,"work gets done and how talent flows across the value. We have enabled colleagues to engage with AI in organisation. We have strengthened the foundations low-risk, beneficial scenarios, such as our AI-powered required to support this shift, including enhancing our skills coaching tool, CAISY, which allows them to practice business architecture, defining skills profiles to set enterprise standards and human sk"
005,Standard Chartered plc,2025,005_standard_chartered_plc_annual_report_2025.txt,AI and related technologies,AI,AI,36,AI,"isational with human skills in resilience, adaptability, problem-solving, health directly with the business. In addition, we have a series leadership and human/AI collaboration. of people leader programmes, with over 5,400 people leaders In September 2024, we launched a dedicated AI Academy attending our leaders"
005,Standard Chartered plc,2025,005_standard_chartered_plc_annual_report_2025.txt,AI and related technologies,AI,AI,36,AI,"have a series leadership and human/AI collaboration. of people leader programmes, with over 5,400 people leaders In September 2024, we launched a dedicated AI Academy attending our leadership programmes in 2025. We have also designed to empower colleagues through continuous introduced a First Time People Leader programme and a learning and enhanced adaptabili"
005,Standard Chartered plc,2025,005_standard_chartered_plc_annual_report_2025.txt,AI and related technologies,AI,AI,36,AI,"d a First Time People Leader programme and a learning and enhanced adaptability. More than 33,000 refreshed Senior Leader Onboarding programme, Fast Start. colleagues have taken part in the learning so far. The AI In 2025, over 97 per cent of our people leaders received landscape continues to evolve rapidly, and we remain"
005,Standard Chartered plc,2025,005_standard_chartered_plc_annual_report_2025.txt,AI and related technologies,AI,AI,36,AI,"eople leaders received landscape continues to evolve rapidly, and we remain feedback, either through our always-on Feedback 365 tool, committed to expanding our AI learning agenda under a available to all colleagues, or through the structured annual wider AI talent strategy. The focus is on equipping colleagues"
005,Standard Chartered plc,2025,005_standard_chartered_plc_annual_report_2025.txt,AI and related technologies,AI,AI,36,AI,"h our always-on Feedback 365 tool, committed to expanding our AI learning agenda under a available to all colleagues, or through the structured annual wider AI talent strategy. The focus is on equipping colleagues 360-degree feedback tool available to people leaders. with tailored, role-specific solutions that move beyond"
005,Standard Chartered plc,2025,005_standard_chartered_plc_annual_report_2025.txt,AI and related technologies,AI,AI,36,AI,"ided with a consolidated view of the awareness towards applied capability, empowering environment they are creating for their teams, and feedback colleagues to use AI confidently and responsibly. on their leadership skills, as part of their leadership Our internal skills-building activities are creating career dashboard. The"
005,Standard Chartered plc,2025,005_standard_chartered_plc_annual_report_2025.txt,AI and related technologies,AI,AI,38,AI,"supports teams’ psychological safety and identifies the signs someone might be struggling. Award-winning AI and data improvements We have a firm belief that in order to deliver optimised value and impact as a business, we need to enable a working environment that delivers performance excellence. In November 2024, we intro"
005,Standard Chartered plc,2025,005_standard_chartered_plc_annual_report_2025.txt,AI and related technologies,AI,AI,38,AI,"need to enable a working environment that delivers performance excellence. In November 2024, we introduced the first Bank-wide GenAI application within our goal-setting and performance practices, combining human-centred AI with leading technologies. The launch of these applications was closely monitored, and analysis shows positive colleague sentiment in overall experience, efficiency and quality of impact. As a result of this implementat"
005,Standard Chartered plc,2025,005_standard_chartered_plc_annual_report_2025.txt,AI and related technologies,AI,AI,38,AI,"a result of this implementation, we won two SAP Innovation Awards. Evolving technology offers great opportunities to enhance the colleague experience. Notably, in our 2025 My Voice survey, 82 per cent of colleagues view AI positively, with only 13 per cent expressing concerns about disruption or being unprepared. We are committed to involving colleagues in the benefits AI brings and are identifying ways for colleagues to engage with AI in"
005,Standard Chartered plc,2025,005_standard_chartered_plc_annual_report_2025.txt,AI and related technologies,AI,AI,38,AI,"otably, in our 2025 My Voice survey, 82 per cent of colleagues view AI positively, with only 13 per cent expressing concerns about disruption or being unprepared. We are committed to involving colleagues in the benefits AI brings and are identifying ways for colleagues to engage with AI in low-risk, beneficial scenarios, such as our AI‑powered coaching tool, CAISY. CAISY allows colleagues to practice business and human skills in a simulat"
005,Standard Chartered plc,2025,005_standard_chartered_plc_annual_report_2025.txt,AI and related technologies,AI,AI,38,AI,"ew AI positively, with only 13 per cent expressing concerns about disruption or being unprepared. We are committed to involving colleagues in the benefits AI brings and are identifying ways for colleagues to engage with AI in low-risk, beneficial scenarios, such as our AI‑powered coaching tool, CAISY. CAISY allows colleagues to practice business and human skills in a simulated environment before applying these skills in real situations."
005,Standard Chartered plc,2025,005_standard_chartered_plc_annual_report_2025.txt,AI and related technologies,AI,AI,38,AI,"concerns about disruption or being unprepared. We are committed to involving colleagues in the benefits AI brings and are identifying ways for colleagues to engage with AI in low-risk, beneficial scenarios, such as our AI‑powered coaching tool, CAISY. CAISY allows colleagues to practice business and human skills in a simulated environment before applying these skills in real situations. 36 Standard Chartered | Annual Report 2025"
005,Standard Chartered plc,2025,005_standard_chartered_plc_annual_report_2025.txt,AI and related technologies,AI,AI,40,AI,"siness. We enhanced day-to-day engagement by using tools that offer timely, actionable market intelligence, including our AI-powered We engage with our clients regularly so we can respond to their FX Insights, giving clients real-time information in a simple, evolving priorities, strengthen l"
005,Standard Chartered plc,2025,005_standard_chartered_plc_annual_report_2025.txt,AI and related technologies,AI,AI,43,AI,• Competitive economies and markets Their interests • Digital innovation and use of AI in financial services • Open and transparent tendering process • Operational resilience • Simple and consistent onboarding requirements • Sustainable finance an
005,Standard Chartered plc,2025,005_standard_chartered_plc_annual_report_2025.txt,AI and related technologies,AI,AI,47,AI,"in running a compliant, global operation. There is a complex interconnectedness between risks due to The malicious use of AI-enabled disinformation couldthe direct influence of geopolitics on macroeconomics, as well further undermine trust in the political process. Terrorism"
005,Standard Chartered plc,2025,005_standard_chartered_plc_annual_report_2025.txt,AI and related technologies,AI,AI,48,AI,"th specific RA metrics to monitor concentrations.One potential headwind for global markets could be a downturn caused by the bursting of the perceived AI bubble, • Increased scrutiny is applied when onboarding with valuations of key players and significant investment clients in sensitive industries and ensuring compliance from private credit pla"
005,Standard Chartered plc,2025,005_standard_chartered_plc_annual_report_2025.txt,AI and related technologies,AI,AI,48,AI,"intain underwriting principles for specialised broader economy, with sectors such as energy, construction product and industry segments, detailing transaction- and commercial real estate all highly dependent on AI level origination standards and sub-segment caps infrastructure growth, particularly data centres. Conversely, supported by regular portfolio reviews. the AI race is fueling growth in demand f"
005,Standard Chartered plc,2025,005_standard_chartered_plc_annual_report_2025.txt,AI and related technologies,AI,AI,48,AI,"eal estate all highly dependent on AI level origination standards and sub-segment caps infrastructure growth, particularly data centres. Conversely, supported by regular portfolio reviews. the AI race is fueling growth in demand for semiconductor • We regularly review our supply chains and third-party chips, whose availability and price are becoming a concern. arrangements to improve operat"
005,Standard Chartered plc,2025,005_standard_chartered_plc_annual_report_2025.txt,AI and related technologies,AI,AI,48,AI,"• We regularly review our supply chains and third-party chips, whose availability and price are becoming a concern. arrangements to improve operational resilience. Concentration risk in sectors with an AI or semiconductor • We actively review and test our crisis management nexus needs to be monitored. and business continuity plans. The private credit sector is also under great"
005,Standard Chartered plc,2025,005_standard_chartered_plc_annual_report_2025.txt,AI and related technologies,AI,AI,48,AI,"ity to invest in transition infrastructure. re-industrialise or make use of near-shoring and friend- Frontier technologies such as quantum computing and AI shoring production, and forming entirely new relationships. may also come with substantial energy and water demands. The growing need for minerals and rare earth elements"
005,Standard Chartered plc,2025,005_standard_chartered_plc_annual_report_2025.txt,AI and related technologies,AI,AI,48,AI,"food, health systems and energy such as China, Indonesia and some African markets. security. Modern slavery and human rights concerns are However, AI applications could provide additional supply increasingly in focus, expanding beyond direct operations chain robustness, as inefficiencies are reduced by predictive to extended supply chains. analytics arou"
005,Standard Chartered plc,2025,005_standard_chartered_plc_annual_report_2025.txt,AI and related technologies,AI,AI,49,AI,"report The integration of more sophisticated insights utilising big How these risks are mitigated data and AI could enhance the services offered to clients. • Climate Risk considerations are embedded across However, if such capabilities are widely available it may relevant principal risk types. We perform clie"
005,Standard Chartered plc,2025,005_standard_chartered_plc_annual_report_2025.txt,AI and related technologies,AI,AI,49,AI,"imate Risk considerations are embedded across However, if such capabilities are widely available it may relevant principal risk types. We perform client-level impact banks’ ability to differentiate. AI also has implications Climate Risk assessments and set adequate mitigants on broader considerations such as the ethical use of data or controls where relevant. and protecting privac"
005,Standard Chartered plc,2025,005_standard_chartered_plc_annual_report_2025.txt,AI and related technologies,AI,AI,49,AI,"ons such as the ethical use of data or controls where relevant. and protecting privacy and security, and the increase in • We have delivered on our commitment to be net zero ‘shadow AI’ or the use of unauthorised AI channels or tools. in our own operations (Scope 1 and 2 emissions) by the There has been a large increase in the use of AI in"
005,Standard Chartered plc,2025,005_standard_chartered_plc_annual_report_2025.txt,AI and related technologies,AI,AI,49,AI,"data or controls where relevant. and protecting privacy and security, and the increase in • We have delivered on our commitment to be net zero ‘shadow AI’ or the use of unauthorised AI channels or tools. in our own operations (Scope 1 and 2 emissions) by the There has been a large increase in the use of AI in fraud, end of 2025 and inte"
005,Standard Chartered plc,2025,005_standard_chartered_plc_annual_report_2025.txt,AI and related technologies,AI,AI,49,AI,"dow AI’ or the use of unauthorised AI channels or tools. in our own operations (Scope 1 and 2 emissions) by the There has been a large increase in the use of AI in fraud, end of 2025 and intend to maintain this going forward. scams and spreading misinformation. AI powered deepfakes • We embed our values through our Posit"
005,Standard Chartered plc,2025,005_standard_chartered_plc_annual_report_2025.txt,AI and related technologies,AI,AI,49,AI,"There has been a large increase in the use of AI in fraud, end of 2025 and intend to maintain this going forward. scams and spreading misinformation. AI powered deepfakes • We embed our values through our Position Statements and autonomously generated malware are changing the and a list of prohibited activities. We"
005,Standard Chartered plc,2025,005_standard_chartered_plc_annual_report_2025.txt,AI and related technologies,AI,AI,49,AI,and youth entering the workforce. Leveraging the benefits • Detailed portfolio reviews and stress tests are conducted of augmented AI while managing these risks will be a core to assess the resilience of our clients and operations part of the Group’s business model. to climate-rela
005,Standard Chartered plc,2025,005_standard_chartered_plc_annual_report_2025.txt,AI and related technologies,AI,AI,49,AI,"An expanding digital footprint and integration of smarter of modern slavery are subject to a risk assessment. AI systems increases inherent cyber and operational risk, with Read more on our Modern Slavery Statement at more opportunities for cybercriminals to gain entry or acce"
005,Standard Chartered plc,2025,005_standard_chartered_plc_annual_report_2025.txt,AI and related technologies,AI,AI,49,AI,"attacks is reducing, and malicious actors are embracing new Financiers that can harness technology can rapidly improve wave technology with increased potency, such as AI. In the their market share, as the concept of a hyper-personalised longer term, advances in quantum computing could threaten ‘segment of one’ is increasing in prominence, and may change encryption, one of the c"
005,Standard Chartered plc,2025,005_standard_chartered_plc_annual_report_2025.txt,AI and related technologies,AI,AI,49,AI,"ption, one of the core aspects of security, which will marketing, client service and distribution channels. necessitate a complex global transition to enhance data The proactive management of the impact of AI and more architecture. There are also growing data sovereignty nascent technologies such as quantum computing may lead requirements to localise data, systems and operations, to sunk costs into projects that"
005,Standard Chartered plc,2025,005_standard_chartered_plc_annual_report_2025.txt,AI and related technologies,AI,AI,49,AI,"nk costs into projects that are ultimately not required with data increasingly recognised as being at the centre or do not become part of daily operations. of global trade. Rapid adoption of AI The adoption of new technologies, products or business The expansion of AI capabilities is increasingly pervasive and models requires clear operating models and risk frameworks. pivot"
005,Standard Chartered plc,2025,005_standard_chartered_plc_annual_report_2025.txt,AI and related technologies,AI,AI,49,AI,"the centre or do not become part of daily operations. of global trade. Rapid adoption of AI The adoption of new technologies, products or business The expansion of AI capabilities is increasingly pervasive and models requires clear operating models and risk frameworks. pivotal to business operations across industries. Traditional It is essential to upskill our people to"
005,Standard Chartered plc,2025,005_standard_chartered_plc_annual_report_2025.txt,AI and related technologies,AI,AI,50,AI,"oss jurisdictions raising risks such as the Digital Asset Risk Committee. around legal enforceability, ownership and capital treatment. • We have instituted an AI Safety Council, which There is also greater regulatory interest in the use of AI and evaluates and assesses AI solutions prior to use. its ethical application in decision-making. As tech"
005,Standard Chartered plc,2025,005_standard_chartered_plc_annual_report_2025.txt,AI and related technologies,AI,AI,50,AI,"around legal enforceability, ownership and capital treatment. • We have instituted an AI Safety Council, which There is also greater regulatory interest in the use of AI and evaluates and assesses AI solutions prior to use. its ethical application in decision-making. As technologies • We apply a tiered approach to evaluate AI systems, get more complex, we"
005,Standard Chartered plc,2025,005_standard_chartered_plc_annual_report_2025.txt,AI and related technologies,AI,AI,50,AI,"around legal enforceability, ownership and capital treatment. • We have instituted an AI Safety Council, which There is also greater regulatory interest in the use of AI and evaluates and assesses AI solutions prior to use. its ethical application in decision-making. As technologies • We apply a tiered approach to evaluate AI systems, get more complex, we also see increased focus on consum"
005,Standard Chartered plc,2025,005_standard_chartered_plc_annual_report_2025.txt,AI and related technologies,AI,AI,50,AI,"er regulatory interest in the use of AI and evaluates and assesses AI solutions prior to use. its ethical application in decision-making. As technologies • We apply a tiered approach to evaluate AI systems, get more complex, we also see increased focus on consumer proportionate to the associated risks. protection, particularly with ageing populations and a rise • We are partne"
005,Standard Chartered plc,2025,005_standard_chartered_plc_annual_report_2025.txt,AI and related technologies,AI,AI,55,AI,"review Case study Partnering on AI and cross-border services with Alibaba In July 2025, we signed a strategic partnership with Alib"
005,Standard Chartered plc,2025,005_standard_chartered_plc_annual_report_2025.txt,AI and related technologies,AI,AI,55,AI,"Alibaba In July 2025, we signed a strategic partnership with Alibaba Group to increase the use of AI across our business. Under the agreement, the Bank will deploy Alibaba Cloud AI tech in client service, sal"
005,Standard Chartered plc,2025,005_standard_chartered_plc_annual_report_2025.txt,AI and related technologies,AI,AI,55,AI,"ibaba Group to increase the use of AI across our business. Under the agreement, the Bank will deploy Alibaba Cloud AI tech in client service, sales intelligence, risk management and compliance functions, while supporting w"
005,Standard Chartered plc,2025,005_standard_chartered_plc_annual_report_2025.txt,AI and related technologies,AI,AI,135,AI,dvisory Board member at Aon PLC. External appointments: Independent director of JOYY Inc.; and Founding non-executive director of Standard member of the Hong Kong AI Chartered Bank (Hong Kong) Limited; Foundation. Independent non-executive director and Chair of the audit
005,Standard Chartered plc,2025,005_standard_chartered_plc_annual_report_2025.txt,AI and related technologies,AI,AI,145,AI,lations impacting corporate governance. • Approved the appointment• Received updates on the Group’s AI framework and discussed the establishment of Scott Corrigan as the Group of a governance structure to drive adoption across the bu
005,Standard Chartered plc,2025,005_standard_chartered_plc_annual_report_2025.txt,AI and related technologies,AI,AI,145,AI,"dle East, Russia/Ukraine, Israel/Gaza border capabilities with leading – Technology and innovation and how quickly these are changing – AI, digital wealth management expertise currencies and digital assets"
005,Standard Chartered plc,2025,005_standard_chartered_plc_annual_report_2025.txt,AI and related technologies,AI,AI,172,AI,"August 2025, having an important priority, with focus placed on our approach to been a member of the Committee for five years. I would like to vulnerability management, third parties and responsible use of AI. extend my gratitude to Maria Ramos, the previous Committee We dedicated time throughout the year to undertake education Chair, for her strong leadership on risk oversight and for her"
005,Standard Chartered plc,2025,005_standard_chartered_plc_annual_report_2025.txt,AI and related technologies,AI,AI,195,AI,"ddressing the Ventures and the rest digital banking and lifestyle needs of clients. of the Bank • Bill championed our Group approach to artificial intelligence (AI) with 15 themes identified for execution, including ‘MyWealth Advisor’ in Singapore and Hong Kong. • Continue to develop and • Bill continues to perso"
005,Standard Chartered plc,2025,005_standard_chartered_plc_annual_report_2025.txt,AI and related technologies,AI,AI,218,AI,"pport of customers, employees and regulators in the communities in technology systems. which the Group operates. Directors and employees are asked to recommit to the Code annually, and 99.7 per cent Responsible AI have completed the 2025 recommitment. All Board members The Group has been actively embracing AI and digital have recommitted to the Code. innovation to stay competitive in the banking,"
005,Standard Chartered plc,2025,005_standard_chartered_plc_annual_report_2025.txt,AI and related technologies,AI,AI,218,AI,"e Group operates. Directors and employees are asked to recommit to the Code annually, and 99.7 per cent Responsible AI have completed the 2025 recommitment. All Board members The Group has been actively embracing AI and digital have recommitted to the Code. innovation to stay competitive in the banking, financial services and insuranc"
005,Standard Chartered plc,2025,005_standard_chartered_plc_annual_report_2025.txt,AI and related technologies,AI,AI,218,AI,"competitive in the banking, financial services and insurance sector for a number of years. Suppliers and our supply chain The approved AI use cases in the Bank are deployed in In 2025, USD $5.08 billion was spent with 10,127 suppliers. various domains such as customer engagement, operational Of this, 72.3 per cent of the total spend was in the Asi"
005,Standard Chartered plc,2025,005_standard_chartered_plc_annual_report_2025.txt,AI and related technologies,AI,AI,218,AI,"arding, employee with 21.6 per cent in Europe and the Americas, and 6.1 per engagement, management reporting and talent acquisition. cent in Africa and the Middle East. Furthermore, 80 per cent Our Responsible AI governance has been established for of total spend in 2025 was with 342 suppliers. In 2025, our five several years and is led by a dedicated team within the largest suppliers together accounted for 16.2 per cent of"
005,Standard Chartered plc,2025,005_standard_chartered_plc_annual_report_2025.txt,AI and related technologies,AI,AI,218,AI,"rgest suppliers together accounted for 16.2 per cent of total Chief Data Office, who have been effectively managing spend, with the largest ten amounting to 25.18 per cent of the centralised governance of all AI use cases. Our approach total spend. aligns with leading industry standards, specifically the Monetary Authority"
005,Standard Chartered plc,2025,005_standard_chartered_plc_annual_report_2025.txt,AI and related technologies,AI,AI,218,AI,"Our Audit Committee receives twice-yearly reports on sc.com/suppliers and sc.com/supplier-diversity Data Risk, which includes responsible AI. Read more on how we create value for our suppliers and other stakeholder groups on page 11 By order of the Board Political donations The Group has a policy in place which prohibits donations"
005,Standard Chartered plc,2025,005_standard_chartered_plc_annual_report_2025.txt,AI and related technologies,AI,AI,268,AI,"investment and spending, actuals. The long-term growth rates are based on the pace which will be underpinned by corporate tax cuts and the race of economic expansion expected for 2030. The tables below for AI adoption. Similarly, the outlook for the Middle East is provide a summary of the Group’s Base Forecast for these expected to be slightly better in 2026 as OPEC+ cuts are markets. The peak/trough amounts s"
005,Standard Chartered plc,2025,005_standard_chartered_plc_annual_report_2025.txt,AI and related technologies,AI,AI,279,AI,"supply and weakening demand; Big Technology firmsand Continuously Linked Settlement (CLS). The group also spending c$400 billion on AI infrastructure, raising concernsenters into risk-reducing bilateral netting agreements to net about the viability of returns; notable defaults in Q4 in thepayments a"
005,Standard Chartered plc,2025,005_standard_chartered_plc_annual_report_2025.txt,AI and related technologies,AI,AI,451,AI,"ints. The scale of the increase for both FTE and NEW is driven by a combination of factors, including (a) Growth hiring in priority areas like CIB tech, WRB Tech, CIB Ops, WRB Ops (b)Capability building in areas like AI, Data aligned with strategic initiatives (c) Targeted hiring for specific programs, such as FFG, Keystone, Catalyst. This expansion has been supported through a balanced mix of full-time hires and NEW hiring chann"
005,Standard Chartered plc,2025,005_standard_chartered_plc_annual_report_2025.txt,AI and related technologies,AI,AI,451,AI,we have consolidated learning programmes to more effectively and efficiently deliver skills and knowledge-building to colleagues. The biggest campaigns (as driven by business / function heads) were in spaces like AI and New programmes have been designed to focus on ‘in the flow of work’ which has been a driver of digital consumption. These actions have resulted in an increase of the number of overall training hours per employee.
005,Standard Chartered plc,2025,005_standard_chartered_plc_annual_report_2025.txt,AI and related technologies,automation,automation,166,automation,"statements. the year ended 31 December 2025. Updates from management were • Received assurance as to how EY intends also provided. to leverage automation in its audit work. • Reviewed EY’s digital plan, which will drive audit quality through automation, use of data analytics, increased population coverage and focused effort of higher audit risk. This included a pra"
005,Standard Chartered plc,2025,005_standard_chartered_plc_annual_report_2025.txt,AI and related technologies,automation,automation,166,automation,"ance as to how EY intends also provided. to leverage automation in its audit work. • Reviewed EY’s digital plan, which will drive audit quality through automation, use of data analytics, increased population coverage and focused effort of higher audit risk. This included a practical demonstration of several tools currently being deployed in the Group’s audit and an overvi"
005,Standard Chartered plc,2025,005_standard_chartered_plc_annual_report_2025.txt,AI and related technologies,automation,automation,195,automation,"tainability Awards 2025. • Continue to advance • The transformation agenda continues to progress under Bill’s leadership, internal transformation, with improved processes and automation through the accelerated investment ensuring the Bank of Fit for Growth. progresses and delivers • The Bank has delivered against the major platform changes within timelines,"
005,Standard Chartered plc,2025,005_standard_chartered_plc_annual_report_2025.txt,AI and related technologies,generative AI,generative AI,16,generative AI,"ts, the back of strong business investment and spending, countries in Asia are best placed to take advantage supported by corporate tax cuts and the race for AI of digitalisation, including generative AI (GenAI). adoption. We expect euro area growth to be more muted • Relatively younger populations, and the adoption at 1.1 per cent given trade pressures – from US tariffs, of digital technology,"
005,Standard Chartered plc,2025,005_standard_chartered_plc_annual_report_2025.txt,Governance and accountability,responsible AI,responsible AI,218,Responsible AI,"d initial support of customers, employees and regulators in the communities in technology systems. which the Group operates. Directors and employees are asked to recommit to the Code annually, and 99.7 per cent Responsible AI have completed the 2025 recommitment. All Board members The Group has been actively embracing AI and digital have recommitted to the Code. innovation to stay competitive in the banking,"
005,Standard Chartered plc,2025,005_standard_chartered_plc_annual_report_2025.txt,Governance and accountability,responsible AI,responsible AI,218,Responsible AI,"ustomer onboarding, employee with 21.6 per cent in Europe and the Americas, and 6.1 per engagement, management reporting and talent acquisition. cent in Africa and the Middle East. Furthermore, 80 per cent Our Responsible AI governance has been established for of total spend in 2025 was with 342 suppliers. In 2025, our five several years and is led by a dedicated team within the largest suppliers together accounted for 16.2 per cent of"
005,Standard Chartered plc,2025,005_standard_chartered_plc_annual_report_2025.txt,Governance and accountability,responsible AI,responsible AI,218,responsible AI,"Our Audit Committee receives twice-yearly reports on sc.com/suppliers and sc.com/supplier-diversity Data Risk, which includes responsible AI. Read more on how we create value for our suppliers and other stakeholder groups on page 11 By order of the Board Political donations The Group has a policy in place which prohibits donations"
005,Standard Chartered plc,2025,005_standard_chartered_plc_annual_report_2025.txt,"Fairness, bias and ethics",bias,bias,34,bias,"re in others, taking time Live with integrity, even when so we lead rather than react to listen to diverse viewpoints no one is watching. to change. and overcome bias. Think client, always considering the Simplify to make things easier, Ask how can I help? when people outcomes in whatever we are"
005,Standard Chartered plc,2025,005_standard_chartered_plc_annual_report_2025.txt,"Fairness, bias and ethics",bias,bias,320,bias,"the current macroeconomic environment. In addition, we assessed whether there were any indicators of aggregate bias in financial instrument marking and methodology assumptions. We also assessed management’s disclosures regarding fa"
005,Standard Chartered plc,2025,005_standard_chartered_plc_annual_report_2025.txt,"Fairness, bias and ethics",fairness,fairness,187,fairness,"irement, the deferral required will decrease to 15 per cent. Ensuring executive director remuneration is appropriate Executive director remuneration is reviewed annually against internal and external measures to ensure fairness and alignment with company performance and stakeholder interests. Internal External • We maintain a consistent remuneration approach • We review executive directo"
005,Standard Chartered plc,2025,005_standard_chartered_plc_annual_report_2025.txt,"Fairness, bias and ethics",fairness,fairness,199,fairness,"y measure calculated as revenue/average controllable FTE Weighting – 10% Inclusion: Measured using the My Voice Inclusion Index, considering concepts of empathy, Weighting – 5% respect, fairness, growth, career development opportunities, and work-life balance 2026 scorecard – personal performance measures Bill • Continue to personally drive the execution of the growth strategy t"
005,Standard Chartered plc,2025,005_standard_chartered_plc_annual_report_2025.txt,"Fairness, bias and ethics",fairness,fairness,218,Fairness,"r approach total spend. aligns with leading industry standards, specifically the Monetary Authority of Singapore Fairness, Ethics,Our purchases of goods and services are governed through Accountability, and Transparency (MAS FEAT) and Honga third-party risk management framew"
006,Aviva plc,2025,006_aviva_plc_annual_report_2025.txt,AI and related technologies,artificial intelligence,artificial intelligence,5,artificial intelligence,"Insurance, Wealth and Driving operating leverage with Benefitting from our diversified capital-light and respect.Retirement solutions, technology and artificial intelligence (AI) portfolio, which drives resilient performance"
006,Aviva plc,2025,006_aviva_plc_annual_report_2025.txt,AI and related technologies,artificial intelligence,artificial intelligence,28,artificial intelligence,and Driving operating leverage and transforming with data and artificial intelligence.
006,Aviva plc,2025,006_aviva_plc_annual_report_2025.txt,AI and related technologies,artificial intelligence,artificial intelligence,35,artificial intelligence,ingcorporates. Aviva access to underwrite risks in the and exploring new and innovative the use of artificial intelligence
006,Aviva plc,2025,006_aviva_plc_annual_report_2025.txt,AI and related technologies,artificial intelligence,artificial intelligence,35,artificial intelligence,"Governance customers have adequate protection. Treasury’s ambition to establish a UK Captive regime in 2027. To support clientsOur use of artificial intelligence continues with a global risk profile, we alsoto drive efficiencies in our business, with introduced Aviva Global Risk Management"
006,Aviva plc,2025,006_aviva_plc_annual_report_2025.txt,AI and related technologies,artificial intelligence,artificial intelligence,80,artificial intelligence,"We limit the sensitivity of our balance sheet to these risks within our overall risk Strategic pillars: Focus level: The rapid growth of artificial intelligence poses both risks and opportunities to global management framework. This includes setting limits on market and credit risks, Governance"
006,Aviva plc,2025,006_aviva_plc_annual_report_2025.txt,AI and related technologies,artificial intelligence,artificial intelligence,81,Artificial Intelligence,"and New and rapidly advancing technologies such as generative Artificial Intelligence and Our operational risk and control management framework provides us with the tools and IT Control environment quantum computing threaten to out-pace regulations, governance an"
006,Aviva plc,2025,006_aviva_plc_annual_report_2025.txt,AI and related technologies,artificial intelligence,artificial intelligence,84,Artificial Intelligence,"in a comprehensive library Riskof emerging risk scenarios, which are distinguished from current risks by the Artificial Intelligence"
006,Aviva plc,2025,006_aviva_plc_annual_report_2025.txt,AI and related technologies,artificial intelligence,artificial intelligence,84,Artificial Intelligence,"IFRS the rapid advances in Artificial Intelligence Evolving work culture (AI) technology that enable even moresophisticated social engineering,"
006,Aviva plc,2025,006_aviva_plc_annual_report_2025.txt,AI and related technologies,artificial intelligence,artificial intelligence,85,Artificial Intelligence,Report HIGH VELOCITY RISKS MEDIUM TERM AND LONGER TERM RISKS and Artificial Intelligence Escalating geopolitical tensions Medical advances Societal inequality
006,Aviva plc,2025,006_aviva_plc_annual_report_2025.txt,AI and related technologies,artificial intelligence,artificial intelligence,101,artificial intelligence,"t Line integration and the Board’s Health Operations businesses, Exclusions Policy. of the transaction to acquire Direct Line, annual objectives and actions from the and how artificial intelligence and corporate restructuring following the internal Board Effectiveness Review. tools are being deployed to The Board held a session to review the plan acquisition."
006,Aviva plc,2025,006_aviva_plc_annual_report_2025.txt,AI and related technologies,artificial intelligence,artificial intelligence,101,artificial intelligence,"leagues, opportunities relating to digitisation and Strategy Offsite including with the ‘See It, Be It’ generative artificial intelligence. In June 2025, the Board held its annual SEPTEMBER charity that works with local"
006,Aviva plc,2025,006_aviva_plc_annual_report_2025.txt,AI and related technologies,artificial intelligence,artificial intelligence,101,artificial intelligence,Floating Rate Notes. regarding the effective deployment of appropriately positioned in terms of artificial intelligence tools to enhance cyber resilience. efficiency and customer experience.
006,Aviva plc,2025,006_aviva_plc_annual_report_2025.txt,AI and related technologies,artificial intelligence,artificial intelligence,101,artificial intelligence,t and challenge the Group's The impact of the acquisition of Direct artificial intelligence approach and Line was considered as appropriate. initiatives. An exte
006,Aviva plc,2025,006_aviva_plc_annual_report_2025.txt,AI and related technologies,artificial intelligence,artificial intelligence,102,artificial intelligence,"nto its next phase of growth. These included ensuring the Board and the organisation have the appropriate skills, capacity, and capability for the future, particularly in areas such as technology, artificial intelligence and wealth management, alongside continued emphasis on talent development and succession planning. The review also highlighted the importance of maintaining the high levels"
006,Aviva plc,2025,006_aviva_plc_annual_report_2025.txt,AI and related technologies,artificial intelligence,artificial intelligence,109,artificial intelligence,"ise. and non-financial risk, including cyber, Report • Reviewed and approved the outcome of data, artificial intelligence (AI), reputation, Strategic the Group Risk Identification Process,"
006,Aviva plc,2025,006_aviva_plc_annual_report_2025.txt,AI and related technologies,artificial intelligence,artificial intelligence,283,artificial intelligence,"l hacking’ team and we have engaged our suppliers to put in place all reasonable measures so that services to Aviva and our customers are protected. We oversee the management of controls for the current risks generative artificial intelligence presents to ensure these remain effective as well as exploit the opportunities for process efficiency, better pricing and underwriting, product personalisation and improved customer service. Overall, Aviva services have"
006,Aviva plc,2025,006_aviva_plc_annual_report_2025.txt,AI and related technologies,artificial intelligence,artificial intelligence,338,artificial intelligence,e risks associated with adoption of and reliance on new and rapidly wider uncertainty around the evolution and impact of climate advancing technologies such as artificial intelligence and quantum change. Climate metrics include estimates of historical emissions computing; the impact of the Group’s risk mitigation strategies
006,Aviva plc,2025,006_aviva_plc_annual_report_2025.txt,AI and related technologies,AI,AI,5,AI,"Driving operating leverage with Benefitting from our diversified capital-light and respect.Retirement solutions, technology and artificial intelligence (AI) portfolio, which drives resilient performance"
006,Aviva plc,2025,006_aviva_plc_annual_report_2025.txt,AI and related technologies,AI,AI,14,AI,"ur 2026 levels of profitability. In Wealth, we why we are uniquely positioned to lead in financial targets one year early. extended our number one position, with wealth, and how we will use AI to shape the over £230 billion of assets, and achieved future Aviva. One constant element runs"
006,Aviva plc,2025,006_aviva_plc_annual_report_2025.txt,AI and related technologies,AI,AI,14,AI,t origination in Aviva outstanding set of results Reportcustomer and AI. Investors. in 2025.”
006,Aviva plc,2025,006_aviva_plc_annual_report_2025.txt,AI and related technologies,AI,AI,15,AI,"lready has an incredible track Our focus now is on bigger opportunities OUTPERFORMANCE Wealth is another huge opportunity for record here, and we’re accelerating. The where agentic AI can transform core areas and Insurance will always be a cyclical market. Aviva. There’s £2.7 trillion worth of assets business is a genuine growth engine, with like customer service, underwriting,"
006,Aviva plc,2025,006_aviva_plc_annual_report_2025.txt,AI and related technologies,AI,AI,15,AI,"luding Strategic that’s exactly why we invest in innovation. lifetime. We have always invested in our their very first job all the way through to the opportunity AI brings. We’re ahead on EVs, telematics, platform, which is ranked by Defaqto as the retirement. We are also maximising the We’ve achieved a lot over the last few automation, and AI – and we’ll sta"
006,Aviva plc,2025,006_aviva_plc_annual_report_2025.txt,AI and related technologies,AI,AI,15,AI,"the opportunity AI brings. We’re ahead on EVs, telematics, platform, which is ranked by Defaqto as the retirement. We are also maximising the We’ve achieved a lot over the last few automation, and AI – and we’ll stay ahead best in the market, and we have distinctive benefits of technology and innovation to years. We have real momentum and are in awith a portfolio built to deliver performance invest"
006,Aviva plc,2025,006_aviva_plc_annual_report_2025.txt,AI and related technologies,AI,AI,15,AI,"the confident that this isn’t just a strongIn UK Personal Lines we are still writing at performance of our Wealth business. Since SET TO TRANSFORM AVIVA WITH AI position for the next few years. Aviva is Governance target margins, even though the market is 2022, we have grown assets faster than the Nowhere is inno"
006,Aviva plc,2025,006_aviva_plc_annual_report_2025.txt,AI and related technologies,AI,AI,15,AI,"rown assets faster than the Nowhere is innovation happening faster uniquely positioned for long-term success challenging. Our scale is unrivalled, with market. And we’ve improved margins at the than with AI. We recognise the huge well into the future. breadth across retail and non-retail same"
006,Aviva plc,2025,006_aviva_plc_annual_report_2025.txt,AI and related technologies,AI,AI,15,AI,"Other We have built an in-house AI platform toIn Commercial Lines, it’s similar. We’re But the longer-term wealth opportunity deliver at speed, while keeping customersuccessfully navigating tougher conditio"
006,Aviva plc,2025,006_aviva_plc_annual_report_2025.txt,AI and related technologies,AI,AI,15,AI,"tunity deliver at speed, while keeping customersuccessfully navigating tougher conditions here is even more exciting, and Workplace data safe. We have already developed AI"
006,Aviva plc,2025,006_aviva_plc_annual_report_2025.txt,AI and related technologies,AI,AI,23,AI,"Information rapid development of AI. Market participants are also With the pressures on income adequacy in retirement, exploring and evolving models and ways to place"
006,Aviva plc,2025,006_aviva_plc_annual_report_2025.txt,AI and related technologies,AI,AI,23,AI,"et participants are also With the pressures on income adequacy in retirement, exploring and evolving models and ways to place With AI capabilities, there is also a growing opportunity to providers need to offer more flexible products and different types of risks. accelerate the digitisation of wealth"
006,Aviva plc,2025,006_aviva_plc_annual_report_2025.txt,AI and related technologies,AI,AI,24,AI,"ReportStrategic Changing customer Rapid developments in technology and AI are changing the When it comes to customer service, AI-enabled Delivering for our customers behaviours landscape for customer experience and engagement, and virtual assistants ar"
006,Aviva plc,2025,006_aviva_plc_annual_report_2025.txt,AI and related technologies,AI,AI,24,AI,"ReportStrategic Changing customer Rapid developments in technology and AI are changing the When it comes to customer service, AI-enabled Delivering for our customers behaviours landscape for customer experience and engagement, and virtual assistants are emerging as the direction"
006,Aviva plc,2025,006_aviva_plc_annual_report_2025.txt,AI and related technologies,AI,AI,24,AI,"ver the last ten years. Over time, we're also likely to see adoption of strategic engagement tools, Weekly ChatGPT GenAI adoption is increasing at an unprecedented rate, with ""personal"" AI agents, which can search for and leveraging the benefits of AI and Governance users globally ChatGPT weekly users accounting for aroun"
006,Aviva plc,2025,006_aviva_plc_annual_report_2025.txt,AI and related technologies,AI,AI,24,AI,"ption of strategic engagement tools, Weekly ChatGPT GenAI adoption is increasing at an unprecedented rate, with ""personal"" AI agents, which can search for and leveraging the benefits of AI and Governance users globally ChatGPT weekly users accounting for around one in nine buy products, facilitate switching, and more."
006,Aviva plc,2025,006_aviva_plc_annual_report_2025.txt,AI and related technologies,AI,AI,24,AI,"IFRS Advancing technology The pace of development and investment in AI continues The emergence of AI agents is the next frontier. Putting technology at our core and agentic AI to surpass expectations, and the technology is clearly a They are autonomous"
006,Aviva plc,2025,006_aviva_plc_annual_report_2025.txt,AI and related technologies,AI,AI,24,AI,"IFRS Advancing technology The pace of development and investment in AI continues The emergence of AI agents is the next frontier. Putting technology at our core and agentic AI to surpass expectations, and the technology is clearly a They are autonomous and execute on complex,"
006,Aviva plc,2025,006_aviva_plc_annual_report_2025.txt,AI and related technologies,AI,AI,24,AI,"IFRS Advancing technology The pace of development and investment in AI continues The emergence of AI agents is the next frontier. Putting technology at our core and agentic AI to surpass expectations, and the technology is clearly a They are autonomous and execute on complex,"
006,Aviva plc,2025,006_aviva_plc_annual_report_2025.txt,AI and related technologies,AI,AI,24,AI,"They are autonomous and execute on complex, Investing behind AI capabilities transformative force. In fact, global spend on AI in 2026 multi-step tasks. Over 60% of companies are"
006,Aviva plc,2025,006_aviva_plc_annual_report_2025.txt,AI and related technologies,AI,AI,24,AI,"Investing behind AI capabilities transformative force. In fact, global spend on AI in 2026 multi-step tasks. Over 60% of companies are"
006,Aviva plc,2025,006_aviva_plc_annual_report_2025.txt,AI and related technologies,AI,AI,24,AI,"powerful use cases and benefits >$2tn Across companies, the ability to scale AI capabilities and Already in 2026, there have been several new for our customers and Aviva. Projected global spend use cases is now very much in focus. While almost 90% releases of agentic"
006,Aviva plc,2025,006_aviva_plc_annual_report_2025.txt,AI and related technologies,AI,AI,24,AI,"capabilities and Already in 2026, there have been several new for our customers and Aviva. Projected global spend use cases is now very much in focus. While almost 90% releases of agentic AI tools - from tax-planning on AI in 2026 of organisations use AI regularly, only one third have to GPT-driven price comparison, and more. begun to"
006,Aviva plc,2025,006_aviva_plc_annual_report_2025.txt,AI and related technologies,AI,AI,24,AI,"26, there have been several new for our customers and Aviva. Projected global spend use cases is now very much in focus. While almost 90% releases of agentic AI tools - from tax-planning on AI in 2026 of organisations use AI regularly, only one third have to GPT-driven price comparison, and more. begun to scale their AI programmes."
006,Aviva plc,2025,006_aviva_plc_annual_report_2025.txt,AI and related technologies,AI,AI,24,AI,"Aviva. Projected global spend use cases is now very much in focus. While almost 90% releases of agentic AI tools - from tax-planning on AI in 2026 of organisations use AI regularly, only one third have to GPT-driven price comparison, and more. begun to scale their AI programmes. Source: Gartner, McKinsey"
006,Aviva plc,2025,006_aviva_plc_annual_report_2025.txt,AI and related technologies,AI,AI,24,AI,"tax-planning on AI in 2026 of organisations use AI regularly, only one third have to GPT-driven price comparison, and more. begun to scale their AI programmes. Source: Gartner, McKinsey"
006,Aviva plc,2025,006_aviva_plc_annual_report_2025.txt,AI and related technologies,AI,AI,27,AI,"Report following the completion of the Direct the right time, and build seamless AI-"
006,Aviva plc,2025,006_aviva_plc_annual_report_2025.txt,AI and related technologies,AI,AI,28,AI,"2025 We are already using Aviva's scale and We recognise the huge potential of AI our key partnerships to drive efficiency to shape the future of Aviva. We are gains and deliver better value for our continuing to invest here, now with a customers. focus o"
006,Aviva plc,2025,006_aviva_plc_annual_report_2025.txt,AI and related technologies,AI,AI,28,AI,"nd deliver better value for our continuing to invest here, now with a customers. focus on bigger, end-to-end opportunities where agentic AI can Technology is at the core of this transform core areas across the Group. approach. We've simplified and streamlined our IT estate, making it We will also continue"
006,Aviva plc,2025,006_aviva_plc_annual_report_2025.txt,AI and related technologies,AI,AI,28,AI,"Strategic foundations to drive benefits from AI. transformation agenda. Offshoring and outsourcing For example, we've used automation in UK"
006,Aviva plc,2025,006_aviva_plc_annual_report_2025.txt,AI and related technologies,AI,AI,28,AI,"example of efficiency levers in action.customer journeys and experience in IWR. Driving benefits with AI We have already delivered over £90 IFRSOver the last three years, we realised gross"
006,Aviva plc,2025,006_aviva_plc_annual_report_2025.txt,AI and related technologies,AI,AI,28,AI,StatementsWe have also delivered over £80 million than most to unlock benefits from AI. Over opportunity with Direct Line.
006,Aviva plc,2025,006_aviva_plc_annual_report_2025.txt,AI and related technologies,AI,AI,28,AI,"Financial gross cost savings in Aviva Investors since the past decade, we have modernised and We're deploying technology and AI at2020, driven by operational outsourcing transformed our infrastructure, so we have scale. For example, our Gen"
006,Aviva plc,2025,006_aviva_plc_annual_report_2025.txt,AI and related technologies,AI,AI,28,AI,"astructure, so we have scale. For example, our GenAI claimsand other efficiency programmes. many of the right AI foundations in place. summarisation tool is used by over 500 Building enterprise capabilities We have already built and laun"
006,Aviva plc,2025,006_aviva_plc_annual_report_2025.txt,AI and related technologies,AI,AI,28,AI,"OtherWe continue to simplify and streamline our multiple production-grade AI capabilities, customers are on hold. IT estate. Since 2018, we have delivered a with many more in the pipeline. These span We have also embedded lea"
006,Aviva plc,2025,006_aviva_plc_annual_report_2025.txt,AI and related technologies,AI,AI,28,AI,"Information detection with 12 AI-driven models. ForIn the last two years alone, we achieved a in Protection to claims summarisation in UK brokers, we hav"
006,Aviva plc,2025,006_aviva_plc_annual_report_2025.txt,AI and related technologies,AI,AI,28,AI,"in UK brokers, we have deployed an award-reduction of 20%, showing strong progress. General Insurance. We've also deployed AI winning tool, enabling us to feed claims tools to all colleagues and enhanced theWe"
006,Aviva plc,2025,006_aviva_plc_annual_report_2025.txt,AI and related technologies,AI,AI,28,AI,"% of our Our focus is now on developing a cohesive network, saving around £500 perUK IT applications are cloud-based, which AI and data strategy and roadmap. This will repair. With the acquisition of Directis 10 percentage points higher tha"
006,Aviva plc,2025,006_aviva_plc_annual_report_2025.txt,AI and related technologies,AI,AI,33,AI,"ding. By meet more of today’s customer needs and customer champion; harnessing enterprise-wide investments in continuing to use our scale and influence to • Forging first-class operational technology and AI, we have accelerated champion the evolving needs of the future. foundations to drive efficiency; and • Progressing"
006,Aviva plc,2025,006_aviva_plc_annual_report_2025.txt,AI and related technologies,AI,AI,34,AI,"Report OPERATIONAL HIGHLIGHTS • With continued investment in Gen AI, we • Opened Aviva’s first fully electric- We have a clear brand and proposition In 2025, we successfully delivered a are delivering solutions across our General powered vehicle damage repair cent"
006,Aviva plc,2025,006_aviva_plc_annual_report_2025.txt,AI and related technologies,AI,AI,34,AI,"assess live wordings for exposure risk, December 2025, enabling 380,000 delivered 50% growth in 2025, bolstered by Accounts • Completed the acquisition of Direct Line, and AI-powered underwriting that reduces repairs annually when combined with the Direct Line and underpinned by disciplined accelerating our capital-light growth manual steps and improves broker and s"
006,Aviva plc,2025,006_aviva_plc_annual_report_2025.txt,AI and related technologies,AI,AI,34,AI,"single In 2025, we made significant progress in our cyber exposure management community charity initiatives through the leadership team, optimised pricing with deploying 12 Generative AI solutions to help"
006,Aviva plc,2025,006_aviva_plc_annual_report_2025.txt,AI and related technologies,AI,AI,35,AI,"duced Aviva Global Risk Management IFRSthe launch of AI-powered intelligent Solutions (GRMS) - a new, globallyunderwriting across our regional connected practice that unites our team ofcomm"
006,Aviva plc,2025,006_aviva_plc_annual_report_2025.txt,AI and related technologies,AI,AI,37,AI,"ngthened profitability our full personal lines product suite on good progress towards a fully owned resilience by launching a climate-resilient in our personal lines business and drove Earnix (an AI driven pricing, rating and model through Solus Canada. Currently, construction initiative in Calgary, partnering profitable growth in personal auto through decisioning platform), adding property and our n"
006,Aviva plc,2025,006_aviva_plc_annual_report_2025.txt,AI and related technologies,AI,AI,40,AI,"accelerate. This year, we launched a new and progress in the simplification of our in volumes. generative AI tool that enables our We remain the largest combined provideroperations whilst realising additional"
006,Aviva plc,2025,006_aviva_plc_annual_report_2025.txt,AI and related technologies,AI,AI,40,AI,2025 medical report AI-powered points on 2024.
006,Aviva plc,2025,006_aviva_plc_annual_report_2025.txt,AI and related technologies,AI,AI,40,AI,"In Health, we delivered another year of further integration work with other key• We also rolled out our AI-powered Aviva strong performance, achieving double • As an asset holder, we integrate"
006,Aviva plc,2025,006_aviva_plc_annual_report_2025.txt,AI and related technologies,AI,AI,56,AI,"GovernanceCustomer Service. We’re also focussed on deliver for our customers the impact of Gen AI, launching a Gen AI today and in the future.” apprenticeship in partnership with Decoded. Danny Harmer"
006,Aviva plc,2025,006_aviva_plc_annual_report_2025.txt,AI and related technologies,AI,AI,56,AI,"GovernanceCustomer Service. We’re also focussed on deliver for our customers the impact of Gen AI, launching a Gen AI today and in the future.” apprenticeship in partnership with Decoded. Danny Harmer"
006,Aviva plc,2025,006_aviva_plc_annual_report_2025.txt,AI and related technologies,AI,AI,58,AI,"colleague offering this is a driver of engagement, and our and Skills, including the impacts of AI - and benefits and a clear signal of our workforce should reflect the customers Board Membership"
006,Aviva plc,2025,006_aviva_plc_annual_report_2025.txt,AI and related technologies,AI,AI,81,AI,"ng threaten to out-pace regulations, governance and control techniques to reduce future losses, protect good customer outcomes, and protect frameworks. Threat actors use AI for social engineering, creating convincing phishing against adverse reputational and regulatory impact."
006,Aviva plc,2025,006_aviva_plc_annual_report_2025.txt,AI and related technologies,AI,AI,84,AI,"IFRS the rapid advances in Artificial Intelligence Evolving work culture (AI) technology that enable even moresophisticated social engineering,"
006,Aviva plc,2025,006_aviva_plc_annual_report_2025.txt,AI and related technologies,AI,AI,85,AI,"IFRS Misinformation Global debt crisis Future Workforce Scenario: Advances in AI technology has Scenario: Next financial crisis with multiple Scenario: Continued demographic shifts,"
006,Aviva plc,2025,006_aviva_plc_annual_report_2025.txt,AI and related technologies,AI,AI,89,AI,"2025, the Board enhanced its Report intelligence (AI). understanding of AI through a range of George Culmer"
006,Aviva plc,2025,006_aviva_plc_annual_report_2025.txt,AI and related technologies,AI,AI,89,AI,"intelligence (AI). understanding of AI through a range of George Culmer Culture remains a key focus for the Board. Board activities and engagements, and will Chair"
006,Aviva plc,2025,006_aviva_plc_annual_report_2025.txt,AI and related technologies,AI,AI,89,AI,"visits, colleague engagement continue to support and challenge the sessions and feedback from our workforce Group as it uses AI to drive efficiency and advisory channels, we monitor how our the customer experience."
006,Aviva plc,2025,006_aviva_plc_annual_report_2025.txt,AI and related technologies,AI,AI,109,AI,"ncial risk, including cyber, Report • Reviewed and approved the outcome of data, artificial intelligence (AI), reputation, Strategic the Group Risk Identification Process,"
006,Aviva plc,2025,006_aviva_plc_annual_report_2025.txt,AI and related technologies,AI,AI,121,AI,"st- acceleration that has been seen in the FTSE point in considering what constitutes a fair and AI, and continue to deliver on our cessation shareholding requirements to over the last couple of years has mainly been remuneration opportunity for our EDs."
006,Aviva plc,2025,006_aviva_plc_annual_report_2025.txt,AI and related technologies,AI,AI,137,AI,implifying Aviva’s IT estate by 20% vs strong balance sheet and disciplined effective cost management and supplier end of 2026 – all without any 2023 and continued the roll-out of AI approach to capital management. oversight.
006,Aviva plc,2025,006_aviva_plc_annual_report_2025.txt,AI and related technologies,AI,AI,137,AI,"Report contribution from the acquisition of and Gen-AI use cases such as Medical • Delivering the recommended offer for • Continuing to build a high performing Direct Line. New three-year Group Underwriting and Claims summarisation, t"
006,Aviva plc,2025,006_aviva_plc_annual_report_2025.txt,AI and related technologies,AI,AI,183,AI,"fit has been calculated after capacity such as nominee, trustee or agent.charging policyholder tax. (AI) EARNINGS PER SHARE(AF) BORROWINGS Basic earnings per share is calculated by dividing profitBorrowings are classified as being for either core structural"
006,Aviva plc,2025,006_aviva_plc_annual_report_2025.txt,AI and related technologies,AI,AI,226,AI,"wback and any unvested tranches of the award will lapse in full. (v) Aviva Investors deferred share These awards have been made under the Aviva Investors Deferred Share Award Plan (AI award plan awards DSAP), where employees can choose to have the deferred element of their bonus deferred into awards over Aviva shares. The awards vest in three equal t"
006,Aviva plc,2025,006_aviva_plc_annual_report_2025.txt,AI and related technologies,AI,AI,291,AI,"Insurance Ltd2 UK & Ireland IWR UK, Ireland & International UK & Ireland General Insurance Aviva Canada Inc. subsidiaries AI subsidiaries subsidiaries (Inc DLG) & subsidiaries 1. Incorporated in People's Republic of China 2. Incorporated in England and Wales 3. Incorporated in Scotland * Re-registered as a limi"
006,Aviva plc,2025,006_aviva_plc_annual_report_2025.txt,AI and related technologies,AI,AI,297,AI,"Glasgow, G1 2PP, Kongsgard Alle 20 AS Ordinary 100% United Kingdom Poland Spence and Spence (Scotland) Limited Ordinary 100% AI Jana Pawla II 25, 00-854, Warsaw, Poland 1-2 Morston Court, Blakeney Way, Cannock, WS11 8JB, United Kingdom Focus Mall Zielona Gora"
006,Aviva plc,2025,006_aviva_plc_annual_report_2025.txt,AI and related technologies,AI,AI,298,AI,ACP Stories 1 Limited Ordinary 98% BlackRock Global Corporate ESG Insights Unit Trust 39% Bond Fund AI Special PFI SPV Limited Ordinary 0% BlackRock Growth Allocation Fund ACS 100%
006,Aviva plc,2025,006_aviva_plc_annual_report_2025.txt,AI and related technologies,automation,automation,15,automation,"hrough to the opportunity AI brings. We’re ahead on EVs, telematics, platform, which is ranked by Defaqto as the retirement. We are also maximising the We’ve achieved a lot over the last few automation, and AI – and we’ll stay ahead best in the market, and we have distinctive benefits of technology and innovation to years. We have real momentum and are in awith a portfolio built to deliver performance"
006,Aviva plc,2025,006_aviva_plc_annual_report_2025.txt,AI and related technologies,automation,automation,23,automation,"Financial enabling enhanced digital trading and more automation. saving for retirement, continued focus is critical. which is increasing competition for transactions. In Canada, distribution through insurer-owned brokers The advice gap remains a"
006,Aviva plc,2025,006_aviva_plc_annual_report_2025.txt,AI and related technologies,automation,automation,28,automation,"Strategic foundations to drive benefits from AI. transformation agenda. Offshoring and outsourcing For example, we've used automation in UK"
006,Aviva plc,2025,006_aviva_plc_annual_report_2025.txt,AI and related technologies,automation,automation,40,automation,"advisor portal and online quote experience customer demand and increased our regulatory change, we have maintained customers have benefited from the for the small-to-medium enterprise (SME) automation of processes, with straight- strong cost discipline. partnership too through our dedicated market. This has been exceptionally well through-processing (STP) rate of customer"
006,Aviva plc,2025,006_aviva_plc_annual_report_2025.txt,AI and related technologies,automation,automation,40,automation,"Information withdrawals – built on stronger digital ambitions for the year. and SME schemes as we transitioned onto capabilities and greater automation – have a single Aviva go-to market approach, improved response times. helping us grow our Group Protection"
006,Aviva plc,2025,006_aviva_plc_annual_report_2025.txt,AI and related technologies,automation,automation,41,automation,"s the market’s largest bundled defined Provider’ by Professional Adviser, ‘Leading efficiently using automation, benefiting a market performance in our wealth and retirement contribution Workplace provider and, in Platform for Model Portfolio Services’ by"
006,Aviva plc,2025,006_aviva_plc_annual_report_2025.txt,AI and related technologies,generative AI,generative AI,34,Generative AI,"d a strong single In 2025, we made significant progress in our cyber exposure management community charity initiatives through the leadership team, optimised pricing with deploying 12 Generative AI solutions to help"
006,Aviva plc,2025,006_aviva_plc_annual_report_2025.txt,AI and related technologies,generative AI,generative AI,40,generative AI,"accelerate. This year, we launched a new and progress in the simplification of our in volumes. generative AI tool that enables our We remain the largest combined provideroperations whilst realising additional"
006,Aviva plc,2025,006_aviva_plc_annual_report_2025.txt,"Fairness, bias and ethics",fairness,fairness,72,Fairness,sustainability find solutions. Our Fairness and Our Financ
007,Legal & General Group plc,2025,007_legal_and_general_group_plc_annual_report_2025.txt,AI and related technologies,AI,AI,5,AI,"ust also respond to emerging trends, including developments in ArtificialIn February 2025, we announced a Intelligence (AI). In 2026, we plan to£1.8 billion transaction with Japanese introduce AI-powered features to someinsurer Meiji Yasuda Life, which saw them"
007,Legal & General Group plc,2025,007_legal_and_general_group_plc_annual_report_2025.txt,AI and related technologies,AI,AI,5,AI,"ficialIn February 2025, we announced a Intelligence (AI). In 2026, we plan to£1.8 billion transaction with Japanese introduce AI-powered features to someinsurer Meiji Yasuda Life, which saw them of our customer facing platforms withacquire our US protection business and, at"
007,Legal & General Group plc,2025,007_legal_and_general_group_plc_annual_report_2025.txt,AI and related technologies,AI,AI,5,AI,"ish a long-term strategic through personalisation, faster service,partnership with L&G to strengthen our and more intuitive digital journeys. AI is Sir John Kingmanposition in US PRT. Following completion an opportunity for the Group to improve Chairof the transaction in 2026, Meiji Yasuda"
007,Legal & General Group plc,2025,007_legal_and_general_group_plc_annual_report_2025.txt,AI and related technologies,AI,AI,7,AI,"ecution We secure and protect the retirement benefits for pension scheme members in the world’s three largest PRT markets: the UK, the Our strategic partnerships L&G has expanded its Our new ‘AI for Business US and Canada. enhance our capabilities Guided Retirement Value’ programme and strengthen our Planner"
007,Legal & General Group plc,2025,007_legal_and_general_group_plc_annual_report_2025.txt,AI and related technologies,AI,AI,7,AI,"of our US protection support to build stronger position, upskilling within their schemes. business and building a long-term retirement colleagues to deploy AI partnership with Meiji outcomes, and boost where it can drive the Yasuda has helped financ"
007,Legal & General Group plc,2025,007_legal_and_general_group_plc_annual_report_2025.txt,AI and related technologies,AI,AI,8,AI,re we can deliver the strongest returns. Our collaboration with more future proof business. Growing Microsoft to introduce an AI enabled We delivered strong financial and strategic customer service platform will improve outcomes across our businesses. Institutional the experience for our Retail customers Retirement wrote £11.8 billio
007,Legal & General Group plc,2025,007_legal_and_general_group_plc_annual_report_2025.txt,AI and related technologies,AI,AI,24,AI,"actions with colleagues will be£1,753 million, supported by sustained Service (ICS) score of 83.7. This is further enhanced by AI-enabled agentic assistance, andcustomer demand and our competitive demonstrated by recognition of our frontline we are reducing complexity for our em"
007,Legal & General Group plc,2025,007_legal_and_general_group_plc_annual_report_2025.txt,AI and related technologies,AI,AI,32,AI,"Asset Management downgraded, and investments prove ineffective resulting in loss. Retail Disruptive technology, including AI, impacting the value of investments. Increased frequency and severity of extreme weather events or increased nature l"
007,Legal & General Group plc,2025,007_legal_and_general_group_plc_annual_report_2025.txt,AI and related technologies,AI,AI,44,AI,"rate movements and levels, maintaining consumer and business confidence amidst international trade tensions inflation can also change the value of our obligations and and managing employment while pursuing AI-driven productivity gains. although we seek to match assets and liabilities, losses can Geopolitical risks are elevated, with growing violent conflicts"
007,Legal & General Group plc,2025,007_legal_and_general_group_plc_annual_report_2025.txt,AI and related technologies,AI,AI,48,AI,"gement New entrants and/or new technology may We continuously monitor the factors that may impact the markets in which we operate. disrupt the markets in which we operate. We have responded to rapid advancement in AI capabilities, developed both in-house and provided by third parties, through the development of a Central AI Inventory and intake Risk Category"
007,Legal & General Group plc,2025,007_legal_and_general_group_plc_annual_report_2025.txt,AI and related technologies,AI,AI,48,AI,"rate. We have responded to rapid advancement in AI capabilities, developed both in-house and provided by third parties, through the development of a Central AI Inventory and intake Risk Category Strategic process that triages AI Use Cases according to their AI Risk level, facilitating proportionate"
007,Legal & General Group plc,2025,007_legal_and_general_group_plc_annual_report_2025.txt,AI and related technologies,AI,AI,48,AI,"provided by third parties, through the development of a Central AI Inventory and intake Risk Category Strategic process that triages AI Use Cases according to their AI Risk level, facilitating proportionate second line AI Risk oversight. This is facilitated by ongoing work from the AI Governance R"
007,Legal & General Group plc,2025,007_legal_and_general_group_plc_annual_report_2025.txt,AI and related technologies,AI,AI,48,AI,"provided by third parties, through the development of a Central AI Inventory and intake Risk Category Strategic process that triages AI Use Cases according to their AI Risk level, facilitating proportionate second line AI Risk oversight. This is facilitated by ongoing work from the AI Governance Risk Priority"
007,Legal & General Group plc,2025,007_legal_and_general_group_plc_annual_report_2025.txt,AI and related technologies,AI,AI,48,AI,"ategory Strategic process that triages AI Use Cases according to their AI Risk level, facilitating proportionate second line AI Risk oversight. This is facilitated by ongoing work from the AI Governance Risk Priority Medium Program, who are responsible for maturing our overall AI Risk and Governance posture as"
007,Legal & General Group plc,2025,007_legal_and_general_group_plc_annual_report_2025.txt,AI and related technologies,AI,AI,48,AI,"that triages AI Use Cases according to their AI Risk level, facilitating proportionate second line AI Risk oversight. This is facilitated by ongoing work from the AI Governance Risk Priority Medium Program, who are responsible for maturing our overall AI Risk and Governance posture as well a"
007,Legal & General Group plc,2025,007_legal_and_general_group_plc_annual_report_2025.txt,AI and related technologies,AI,AI,48,AI,"second line AI Risk oversight. This is facilitated by ongoing work from the AI Governance Risk Priority Medium Program, who are responsible for maturing our overall AI Risk and Governance posture as well as the delivery of a secure environment for internal experimentation. Risk Climate/ Perception Stable"
007,Legal & General Group plc,2025,007_legal_and_general_group_plc_annual_report_2025.txt,AI and related technologies,AI,AI,48,AI,he delivery of a secure environment for internal experimentation. Risk Climate/ Perception Stable Our regulatory developments remains apprised of the AI landscape across all our jurisdictions. There is already strong competition in our markets and We have been actively engaged in numerous consultations in relation to AI and generative
007,Legal & General Group plc,2025,007_legal_and_general_group_plc_annual_report_2025.txt,AI and related technologies,AI,AI,48,AI,"apprised of the AI landscape across all our jurisdictions. There is already strong competition in our markets and We have been actively engaged in numerous consultations in relation to AI and generative AI, although we have had considerable past success at building including the FCA’s recent 'Mills Review'. scale to offer low-cost products,"
007,Legal & General Group plc,2025,007_legal_and_general_group_plc_annual_report_2025.txt,AI and related technologies,AI,AI,48,AI,"landscape across all our jurisdictions. There is already strong competition in our markets and We have been actively engaged in numerous consultations in relation to AI and generative AI, although we have had considerable past success at building including the FCA’s recent 'Mills Review'. scale to offer low-cost products, we recognise that"
007,Legal & General Group plc,2025,007_legal_and_general_group_plc_annual_report_2025.txt,AI and related technologies,AI,AI,48,AI,"Mills Review'. scale to offer low-cost products, we recognise that markets remain attractive to new entrants. Outlook We continue to invest in automation and AI to enhance operational efficiency and deliverWe are also mindful of competitors who may have lower better customer outcomes. The use of AI could bring sig"
007,Legal & General Group plc,2025,007_legal_and_general_group_plc_annual_report_2025.txt,AI and related technologies,AI,AI,48,AI,"automation and AI to enhance operational efficiency and deliverWe are also mindful of competitors who may have lower better customer outcomes. The use of AI could bring significant positive benefits, and we are return on capital requirements or be unconstrained by alive to the risks of moving too slowly an"
007,Legal & General Group plc,2025,007_legal_and_general_group_plc_annual_report_2025.txt,AI and related technologies,AI,AI,48,AI,e to the risks of moving too slowly and therefore of missing out on those benefits. Solvency UK. We remain actively engaged with the UK Government on developments such as the Pensions AI has the potential to significantly disrupt the markets in Bill and are well-positioned to respond to pensions reforms. which we operate by (1
007,Legal & General Group plc,2025,007_legal_and_general_group_plc_annual_report_2025.txt,AI and related technologies,AI,AI,48,AI,hrough a carefully phased migration approach. exposed to cyber threats including the risks of data theft and fraud and more generally it is imperative that we maintain the We are closely monitoring the rapid growth of AI given its potential to significantly influence privacy of our customers' and clients’ personal data. There is business outcomes both positively and adversely. While AI offers opportunities to enhance also strong st
007,Legal & General Group plc,2025,007_legal_and_general_group_plc_annual_report_2025.txt,AI and related technologies,AI,AI,48,AI,"We are closely monitoring the rapid growth of AI given its potential to significantly influence privacy of our customers' and clients’ personal data. There is business outcomes both positively and adversely. While AI offers opportunities to enhance also strong stakeholder expectation that our core business customer experience and streamline operations, it also introduces additional risk. We have services are resilient to oper"
007,Legal & General Group plc,2025,007_legal_and_general_group_plc_annual_report_2025.txt,AI and related technologies,AI,AI,48,AI,"stakeholder expectation that our core business customer experience and streamline operations, it also introduces additional risk. We have services are resilient to operational disruption. approached AI Risk through a bifurcated taxonomy strategy, wherein a dedicated new 'AI Risk' NFR category captures those risks that are truly unique to AI is j"
007,Legal & General Group plc,2025,007_legal_and_general_group_plc_annual_report_2025.txt,AI and related technologies,AI,AI,48,AI,"vices are resilient to operational disruption. approached AI Risk through a bifurcated taxonomy strategy, wherein a dedicated new 'AI Risk' NFR category captures those risks that are truly unique to AI is joined by the identification of those existing risk categories and controls,"
007,Legal & General Group plc,2025,007_legal_and_general_group_plc_annual_report_2025.txt,AI and related technologies,AI,AI,48,AI,"ched AI Risk through a bifurcated taxonomy strategy, wherein a dedicated new 'AI Risk' NFR category captures those risks that are truly unique to AI is joined by the identification of those existing risk categories and controls, across our other risk categories,"
007,Legal & General Group plc,2025,007_legal_and_general_group_plc_annual_report_2025.txt,AI and related technologies,AI,AI,48,AI,"identification of those existing risk categories and controls, across our other risk categories, that are relevant to the articulation and management of AI Risk. Our increasing reliance on accurate, secure and well governed ‘Data’ reinforces the importance"
007,Legal & General Group plc,2025,007_legal_and_general_group_plc_annual_report_2025.txt,AI and related technologies,AI,AI,48,AI,"of ongoing enhancements to the L&G Data Management Framework, which is a critical enabler of safe and effective AI use, development, and deployment. Risks and uncertainties Risk management The successful delivery of our strategy is Our processes include the active identification"
007,Legal & General Group plc,2025,007_legal_and_general_group_plc_annual_report_2025.txt,AI and related technologies,AI,AI,57,AI,"le for remuneration policy. management policies and the activities of the Strategy, including data overseeing the Group’s and procedures. Internal Audit function. and AI. governance framework. Read more on Read more on Read more on Read more on Read more on pages 69 to 74 p"
007,Legal & General Group plc,2025,007_legal_and_general_group_plc_annual_report_2025.txt,AI and related technologies,AI,AI,60,AI,"ormance review process. We've also Board and the GMC and reporting of the Voice invested in assets like the 'People Change survey results has been further enhanced using Playbook' which gives greater specificity to AI-generated personas derived from employee leaders about how they need to show up comments, to deep dive into specific themes. and lead change. Whilst these initiatives are These personas add depth to the quantitat"
007,Legal & General Group plc,2025,007_legal_and_general_group_plc_annual_report_2025.txt,AI and related technologies,AI,AI,70,AI,"nced working environment. • In November 2025, the Board visited L&G’s Hove office, where they participated in sessions with employees which focused on cyber security and AI. Employees were also invited to attend a panel discussion featuring strategic partners, as well as a town hall event with the Group CEO and Group Chair. Other considerations in the Act Likely co"
007,Legal & General Group plc,2025,007_legal_and_general_group_plc_annual_report_2025.txt,AI and related technologies,AI,AI,77,AI,"erprise Technology Strategy, designed to support the Group’s strategic by independent Cyber Security and including Data and AI. ambition to build a simpler, better-connected Information Technology advisers, who • Review and endorse the Enterprise"
007,Legal & General Group plc,2025,007_legal_and_general_group_plc_annual_report_2025.txt,AI and related technologies,AI,AI,77,AI,"trategy, including Data digital experiences, simplify operations, and and AI and their respective Meeting attendance ensure that technology is effectively exploited implementation plans."
007,Legal & General Group plc,2025,007_legal_and_general_group_plc_annual_report_2025.txt,AI and related technologies,AI,AI,77,AI,"endorsed the creation of a multi-year • Consider current capabilities relating Philip Broadley2 2/2 1/1 to technology, data, AI and digital skills roadmap to support long-term planning. and plans to address any gaps. The strategy is being embedded into divisional 1. Unable"
007,Legal & General Group plc,2025,007_legal_and_general_group_plc_annual_report_2025.txt,AI and related technologies,AI,AI,78,AI,"Governance Enterprise Transformation Committee report continued Transformation Oversight AI Developments The Committee continued to oversee the The Committee maintained oversight of mobilisation of a group-wide transformation AI developments throughout 2025, in line framework aimed at simplifying the"
007,Legal & General Group plc,2025,007_legal_and_general_group_plc_annual_report_2025.txt,AI and related technologies,AI,AI,78,AI,"rise Transformation Committee report continued Transformation Oversight AI Developments The Committee continued to oversee the The Committee maintained oversight of mobilisation of a group-wide transformation AI developments throughout 2025, in line framework aimed at simplifying the with its remit to review and endorse the technology estate, strengthening operating Group’s technology and data strategies. It models"
007,Legal & General Group plc,2025,007_legal_and_general_group_plc_annual_report_2025.txt,AI and related technologies,AI,AI,78,AI,"e with its remit to review and endorse the technology estate, strengthening operating Group’s technology and data strategies. It models, and improving strategic sourcing. received updates on divisional AI initiatives, The Committee endorsed a unified structure discussed their strategic alignment, and to guide future technology and change reviewed benchmarking against industry initiatives. The transformation fra"
007,Legal & General Group plc,2025,007_legal_and_general_group_plc_annual_report_2025.txt,AI and related technologies,AI,AI,78,AI,"re technology and change reviewed benchmarking against industry initiatives. The transformation framework peers. The Committee welcomed the is now actively shaping delivery across the planned rollout of AI-powered features Group, with operating models realigned, across customer-facing platforms, including strategic sourcing restructured, and control the L&G App and Agent Desktop. These frameworks embedded to sup"
007,Legal & General Group plc,2025,007_legal_and_general_group_plc_annual_report_2025.txt,AI and related technologies,AI,AI,78,AI,theimprovements underway in emerging continued simplification of the technologytechnology risk and cyber risk appetite estate and AI developments to ensurealignment. The Committee will continue to alignment with L&G’s broader strategy.oversee progress as part of its broader remit We c
007,Legal & General Group plc,2025,007_legal_and_general_group_plc_annual_report_2025.txt,AI and related technologies,AI,AI,85,AI,"as the macro-environment. As such, in a outcomes. In addition, the Committeemonitoring these exposures. world where AI has begun to transform also works closely with the Enterprise technology, and have a"
007,Legal & General Group plc,2025,007_legal_and_general_group_plc_annual_report_2025.txt,AI and related technologies,AI,AI,85,AI,"enced toand FCA’s new rules, which required to the increasing risk of operational suitably articulate the Group’s AI riskcompliance by 31 March 2025. On behalf of disruption from cyber-attacks. appetite, and the development of an AIthe C"
007,Legal & General Group plc,2025,007_legal_and_general_group_plc_annual_report_2025.txt,AI and related technologies,AI,AI,231,AI,ions Fund DE Ordinary 100.0 LGIM Hedging Fund AC Ordinary 100.0 LGIM Solutions Fund DF Ordinary 100.0 LGIM Hedging Fund AI Ordinary 100.0 LGIM Solutions Fund DM Ordinary 100.0 LGIM Hedging Fund AR Ordinary 100.0 LGIM Solutions Fund DN
007,Legal & General Group plc,2025,007_legal_and_general_group_plc_annual_report_2025.txt,AI and related technologies,automation,automation,48,automation,"FCA’s recent 'Mills Review'. scale to offer low-cost products, we recognise that markets remain attractive to new entrants. Outlook We continue to invest in automation and AI to enhance operational efficiency and deliverWe are also mindful of competitors who may have lower better customer outcomes. The use of AI could br"
007,Legal & General Group plc,2025,007_legal_and_general_group_plc_annual_report_2025.txt,AI and related technologies,generative AI,generative AI,48,generative AI,"d of the AI landscape across all our jurisdictions. There is already strong competition in our markets and We have been actively engaged in numerous consultations in relation to AI and generative AI, although we have had considerable past success at building including the FCA’s recent 'Mills Review'. scale to offer low-cost products, we recognise that"
007,Legal & General Group plc,2025,007_legal_and_general_group_plc_annual_report_2025.txt,"Fairness, bias and ethics",bias,bias,36,bias,"FCA LIsting Rules interdependent. Inclusive cultures support 17% senior ethnic minority Parker Review UK 18.3 % 19.5 % wellbeing by reducing exclusion, bias and representation stress while positive wellbeing directly influences engagement, productivity, One ethnic minority Parker Review Global 23.0 % 25.0 % absentee"
007,Legal & General Group plc,2025,007_legal_and_general_group_plc_annual_report_2025.txt,"Fairness, bias and ethics",bias,bias,80,bias,"seek to reduceThe Committee undertakes a rigorous thinking enables us to build an inclusive barriers and bias to performance, particularlyannual review of the Board’s composition to culture, strengthen our teams, and enrich"
007,Legal & General Group plc,2025,007_legal_and_general_group_plc_annual_report_2025.txt,"Fairness, bias and ethics",bias,bias,110,bias,"HMRC-approved plans which offer all employees the opportunity to share in the success of the business. Annual equal pay review The Group seeks to ensure that our pay policies and practices are free from unfair bias. Part of the pay review process is an annual equal pay review that reviews pay and bonus decisions by gender, ethnicity, age and full-time versus part-time working. In addition, it considers the application of the pay p"
007,Legal & General Group plc,2025,007_legal_and_general_group_plc_annual_report_2025.txt,"Fairness, bias and ethics",bias,bias,127,bias,"the risk of management override of controls, in particular the risk that Group and component management may be in a position to make inappropriate accounting entries and the risk of bias in accounting estimates and judgements. Accordingly, we identified fraud risks related to the valuation of insurance contract liabilities and valuation of hard to value"
007,Legal & General Group plc,2025,007_legal_and_general_group_plc_annual_report_2025.txt,"Fairness, bias and ethics",bias,bias,127,bias,• evaluating the business purpose of significant unusual transactions; and • assessing whether the judgements made making accounting estimates are indicative of a potential bias. Legal & General Group Plc Annual report and accounts 2025 125
007,Legal & General Group plc,2025,007_legal_and_general_group_plc_annual_report_2025.txt,"Fairness, bias and ethics",fairness,fairness,73,fairness,"ditor in private the external auditor and the efficiency of change; data, cyber and security resilience; throughout the year. In accordance with the the audit process. Throughout the year, the delivering fairness and value to customers; Chartered Institute of Internal Auditors’ Code Committee received updates on the quality ESG and financial crime; processes and of Practice, the Committee conducted its of"
008,M&G plc,2025,008_m_and_g_plc_annual_report_2025.txt,AI and related technologies,artificial intelligence,artificial intelligence,43,artificial intelligence,"controls, as well as implementing an enhanced target artificial intelligence and post-quantum computing, suchchallenge. The third line Internal Audit function, empowered operating model. This work would anticipate taking any"
008,M&G plc,2025,008_m_and_g_plc_annual_report_2025.txt,AI and related technologies,artificial intelligence,artificial intelligence,48,artificial intelligence,"third-party suppliers. We recognise the potential risks associated with artificial intelligence (AI) and adopt AI solutions in a considered manner, supported by an AI framework, governance structures, oversight"
008,M&G plc,2025,008_m_and_g_plc_annual_report_2025.txt,AI and related technologies,artificial intelligence,artificial intelligence,49,artificial intelligence,"Champions embedded investor confidence; technological change, particularly adversely impact trust and reputation in our group or across the business support the identification and the responsible use of artificial intelligence; our brands. monitoring of key reputational risks. sustainability and the climate transition, with growing"
008,M&G plc,2025,008_m_and_g_plc_annual_report_2025.txt,AI and related technologies,artificial intelligence,artificial intelligence,309,Artificial Intelligence,"liquidation) OS 100% M&G (Lux) Investment Funds 1 -M&G (Lux) responsAbility Global Micro and SME U 31% Global Artificial Intelligence Fund U 93% Finance Fund M&G (Lux) Investment Funds 1 - M&G (Lux) U 96% 6, Rue Eugène Ruppert, L-2453 Nature and"
008,M&G plc,2025,008_m_and_g_plc_annual_report_2025.txt,AI and related technologies,AI,AI,8,AI,"with model, international the use of advanced technology. AI will be an enabler for growth and we remain focused on footprint and depth of our increasing adoption across the business to strengthen investment expertise w"
008,M&G plc,2025,008_m_and_g_plc_annual_report_2025.txt,AI and related technologies,AI,AI,15,AI,"5-2027. – Simplify and automate our processes, using technology – Leverage the strength of our business model to develop – Maintain a progressive and sustainable dividend policy. and AI, to improve efficiency, service and customer innovative products and investment solutions to meet experience."
008,M&G plc,2025,008_m_and_g_plc_annual_report_2025.txt,AI and related technologies,AI,AI,19,AI,"l Our efforts have delivered significant improvements – Advice: At the end of the year, we launched Adviser Hub, processes. This means evolving to a digital-first self-service over 2025: which provides AI-powered support and technical resources model for routine tasks and expert human assistance when – Customer satisfa"
008,M&G plc,2025,008_m_and_g_plc_annual_report_2025.txt,AI and related technologies,AI,AI,36,AI,"the Chief People Officer and, where appropriate, Directors together with colleagues from a wide range of pace of decision-making and exploring the role of AI in senior management. geographies and levels of seniority, including achiev"
008,M&G plc,2025,008_m_and_g_plc_annual_report_2025.txt,AI and related technologies,AI,AI,37,AI,"other matters, such as service and complaints. clients to understand their views, discuss ways to further – Technology advancement, digitisation and AI impact enhance our relationships and product offerings and The Board encourages management to improve how they"
008,M&G plc,2025,008_m_and_g_plc_annual_report_2025.txt,AI and related technologies,AI,AI,38,AI,"rs. Authority (PRA). environment Representatives from the – Sustainability Disclosure During the year, the Board’s activities have included consideration of the Enterprise Data Strategy including AI and a range of FCA attended the February Requirements / Climate matters and decisions relating to strategy and execution. The Board has also considered the Financial Crime Enhancement 2025 Board meeting and"
008,M&G plc,2025,008_m_and_g_plc_annual_report_2025.txt,AI and related technologies,AI,AI,48,AI,"third-party suppliers. We recognise the potential risks associated with artificial intelligence (AI) and adopt AI solutions in a considered manner, supported by an AI framework, governance structures, oversight and"
008,M&G plc,2025,008_m_and_g_plc_annual_report_2025.txt,AI and related technologies,AI,AI,48,AI,"ird-party suppliers. We recognise the potential risks associated with artificial intelligence (AI) and adopt AI solutions in a considered manner, supported by an AI framework, governance structures, oversight and training."
008,M&G plc,2025,008_m_and_g_plc_annual_report_2025.txt,AI and related technologies,AI,AI,48,AI,"artificial intelligence (AI) and adopt AI solutions in a considered manner, supported by an AI framework, governance structures, oversight and training. 46"
008,M&G plc,2025,008_m_and_g_plc_annual_report_2025.txt,AI and related technologies,AI,AI,91,AI,"the Board received training from an external Four of the Directors are women, one of the Directors is from a Non-Executive Directors. All Directors are subject to annual subject matter expert on technology, data, AI and cyber minority ethnic background; and two senior positions are held re-election at the Company’s AGM. security. The Board also undertook deep dives on the by women (Senior Independe"
008,M&G plc,2025,008_m_and_g_plc_annual_report_2025.txt,AI and related technologies,AI,AI,93,AI,"d targets, customer matters, people and culture and transformation. – Annual Board strategy day at which the Group’s strategy was considered and debated. – Reviewed and considered the Group’s AI strategy, including progress on key initiatives. – Reviewed and monitored progress against the Group’s sustainability strategy and objectives. – Approved the strategic partnership with Dai-ic"
008,M&G plc,2025,008_m_and_g_plc_annual_report_2025.txt,AI and related technologies,AI,AI,95,AI,"– External speakers have joined Board strategy days and dinners. Increase the inclusion of external perspectives at relevant Board dinners and enhance metrics – Technology, Data and AI session was held, as well as sustainability metrics updates and and or information provided on data, digital and Sustainability. management information dashboards included in committee meetin"
008,M&G plc,2025,008_m_and_g_plc_annual_report_2025.txt,AI and related technologies,AI,AI,312,AI,0% M&G Investment Funds (10) - M&G China Fund U 74%M&G Affordable Living GP Limited OS 100% M&G Investment Funds (10) - M&G Global AI U 86%M&G Alternatives GP1 Limited OS 100% Themes Fund M&G Alternatives GP2 Limited OS 100% M&G Investment
008,M&G plc,2025,008_m_and_g_plc_annual_report_2025.txt,AI and related technologies,automation,automation,19,automation,"itioned our business for growth by improving with our customers and advisers by increasing our ability to our operational platform and revitalising the range of products interact digitally and through intelligent automation, which we offer to our retail customers, third-party distributors and has contributed to improvements in customer satisfaction corporate clients. With a stronger foundation, we are now well and adviser satisfa"
008,M&G plc,2025,008_m_and_g_plc_annual_report_2025.txt,AI and related technologies,automation,automation,19,automation,"oposition and the innovative options – We continue to embrace technology and intelligent a 16% increase in satisfaction with call wait times. available to our corporate clients. automation to improve customer service and operational Our efforts have delivered significant improvements – Advice: At the end of the year, we launched Adviser Hub, processes. This means evolving to a digital-first se"
008,M&G plc,2025,008_m_and_g_plc_annual_report_2025.txt,AI and related technologies,automation,automation,71,automation,"present £4.0bn of AUMA. AUMA. A change in the third-party platform used during the Scope 1 & 2 2025 2024year has introduced greater automation and a more structured estimation hierarchy, which will improve accuracy FCE (kt Ce) 599 466 over time. This change results in some smaller Scope 3 Carbon Footprint (t C O 2 £m"
008,M&G plc,2025,008_m_and_g_plc_annual_report_2025.txt,"Fairness, bias and ethics",bias,bias,145,bias,"and considering future events that are inherently uncertain. As in all of our audits, we also addressed the risk of management override of internal controls, including consideration of whether there was evidence of bias that represented a risk of material misstatement due to fraud. – We conducted audit testing over twenty one components. These were selected based on our assessment of inherent risk and their financial significance t"
008,M&G plc,2025,008_m_and_g_plc_annual_report_2025.txt,"Fairness, bias and ethics",bias,bias,158,bias,"valuated management’s incentives and opportunities for fraudulent manipulation of the financial statements (including the risk of override of controls), and determined that the principal risks were related to management bias in accounting estimates and judgmental areas of the financial statements as shown in our ‘Key audit matters’, and the override of controls including the posting of inappropriate journal entries. The Group engagement tea"
008,M&G plc,2025,008_m_and_g_plc_annual_report_2025.txt,"Fairness, bias and ethics",fairness,fairness,39,fairness,"ent over 2025. standards and ethical expectations to mitigate risk and promote fairness, including the new duty under the Equality Highlights from our three OneVoice engagement surveys last"
008,M&G plc,2025,008_m_and_g_plc_annual_report_2025.txt,"Fairness, bias and ethics",fairness,fairness,109,fairness,"Committee takes great care to consider the pay and certain former members of senior management including aconditions of the wider workforce with a focus on fairness of former Executive Director, the details of which are provided onremuneration outcomes. Workforce remuneration is also a key"
009,Admiral Group plc,2025,009_admiral_group_plc_annual_report_2025.txt,AI and related technologies,artificial intelligence,artificial intelligence,10,artificial intelligence,"ese shifts by leveraging our strengths across customer centricity, underwriting excellence, agility, and innovation. Generative and agentic UK direct insurance market artificial intelligence Generative and agentic artificial intelligence (‘AI’) is Over the past ten years, the UK direct insurance market fundamentally reshaping consumer behaviours across has demonstrated consistent growth,"
009,Admiral Group plc,2025,009_admiral_group_plc_annual_report_2025.txt,AI and related technologies,artificial intelligence,artificial intelligence,10,artificial intelligence,"stomer centricity, underwriting excellence, agility, and innovation. Generative and agentic UK direct insurance market artificial intelligence Generative and agentic artificial intelligence (‘AI’) is Over the past ten years, the UK direct insurance market fundamentally reshaping consumer behaviours across has demonstrated consistent growth, with medium-term industries, with potential imp"
009,Admiral Group plc,2025,009_admiral_group_plc_annual_report_2025.txt,AI and related technologies,artificial intelligence,artificial intelligence,19,artificial intelligence,"nce model. diversified products, and operational expertise to drive greater efficiency, economies of scale, and stronger We accelerated our investment in artificial intelligence and customer retention across single and multi-product policies. established a GenAI Centre of Excellence that is scaling We p"
009,Admiral Group plc,2025,009_admiral_group_plc_annual_report_2025.txt,AI and related technologies,artificial intelligence,artificial intelligence,21,artificial intelligence,"Financial Statements Additional Information Championing Responsible AI deployment for scalable success Across the Group, we are committed to working with a range of stakeholders to ensure that artificial intelligence (‘AI’) is implemented responsibly. In October, our Head of Group Responsible AI and Data, David Crelley, took part in a panel decision at Momentum AI London. Momentum AI is a two-day event designed to equip busines"
009,Admiral Group plc,2025,009_admiral_group_plc_annual_report_2025.txt,AI and related technologies,artificial intelligence,artificial intelligence,44,artificial intelligence,"Strategic Report Corporate Governance Financial Statements Additional Information How our ‘20% Projects’ power people, progress and problem-solving Using data and artificial intelligence (‘AI’) to make our colleagues’ and customers’ lives easier is a key priority for us. In the UK, we’ve launched our 20% Projects programme, which is a cross-functional initiative that provides colleagues with the o"
009,Admiral Group plc,2025,009_admiral_group_plc_annual_report_2025.txt,AI and related technologies,artificial intelligence,artificial intelligence,130,artificial intelligence,"ighlighted the strategic opportunities presented by electric mobility and evolving green policies. Technology and Discussions emphasised the integration of artificial intelligence as a key lever for artificial intelligence accelerating innovation. Data protection was also identified as a key priority, with recognition of the need fo"
009,Admiral Group plc,2025,009_admiral_group_plc_annual_report_2025.txt,AI and related technologies,artificial intelligence,artificial intelligence,130,artificial intelligence,"mobility and evolving green policies. Technology and Discussions emphasised the integration of artificial intelligence as a key lever for artificial intelligence accelerating innovation. Data protection was also identified as a key priority, with recognition of the need for sustained investment to mitigate increasing cyber"
009,Admiral Group plc,2025,009_admiral_group_plc_annual_report_2025.txt,AI and related technologies,artificial intelligence,artificial intelligence,157,Artificial intelligence,"ed with a paper on electric vehicles, noting the and Corporate Transparency Act (‘ECCTA’). potential impact of trade policy and tariffs on the supply Artificial intelligence (‘AI’) of Chinese EVs, as well as potential opportunities surrounding working with OEMs. The Committee also The Committee received regular updates regarding reviewed economic risks more broadly, completing its"
009,Admiral Group plc,2025,009_admiral_group_plc_annual_report_2025.txt,AI and related technologies,AI,AI,10,AI,"riting excellence, agility, and innovation. Generative and agentic UK direct insurance market artificial intelligence Generative and agentic artificial intelligence (‘AI’) is Over the past ten years, the UK direct insurance market fundamentally reshaping consumer behaviours across has demonstrated consistent growth, with medium-term industries, with potential implicat"
009,Admiral Group plc,2025,009_admiral_group_plc_annual_report_2025.txt,AI and related technologies,AI,AI,10,AI,"this channel. In addition, customer expectations for seamless digital Although the distribution landscape may be impacted experiences are rising, especially among younger by AI in the future, we expect price comparison generations. Admiral continues to invest in product websites to continue to play a dominant role in the UK innovation and process optimisation, leveraging modern"
009,Admiral Group plc,2025,009_admiral_group_plc_annual_report_2025.txt,AI and related technologies,AI,AI,17,AI,"to deliver long-term sustainable growth. and technology, mean we are well-placed to anticipate and respond to these changes. That willingness to adapt can be seen in our investment in technology and predictive AI, our Mike Rogers growing electric vehicle book, our progress in connected- Group Chair car and telematics technology, and our long-standing 4 March 2026 partnership"
009,Admiral Group plc,2025,009_admiral_group_plc_annual_report_2025.txt,AI and related technologies,AI,AI,19,AI,"-positioned for success strengths in data and telematics mean we are well-placed in 2026 and beyond. to respond to evolving mobility trends. We invested early and effectively in machine learning and predictive AI, strengthening our leadership in underwriting with over 120 models live, one of the drivers of our twelve points advantage in loss ratio versus the market. We have fully embedded scaled agile and renewed our tech sta"
009,Admiral Group plc,2025,009_admiral_group_plc_annual_report_2025.txt,AI and related technologies,AI,AI,20,AI,"roducts and geographies. customer experience, increase multi‑product adoption, Over the past five years, we have further strengthened our and improve retention. competitive advantages by investing in predictive AI, our We are extending our leadership in predictive AI beyond data platforms and technology. Our customer base is now pricing and underwriting into customer management far more diverse, with more than 50% of"
009,Admiral Group plc,2025,009_admiral_group_plc_annual_report_2025.txt,AI and related technologies,AI,AI,20,AI,"multi‑product adoption, Over the past five years, we have further strengthened our and improve retention. competitive advantages by investing in predictive AI, our We are extending our leadership in predictive AI beyond data platforms and technology. Our customer base is now pricing and underwriting into customer management far more diverse, with more than 50% of risks now coming and across all lines of business. By"
009,Admiral Group plc,2025,009_admiral_group_plc_annual_report_2025.txt,AI and related technologies,AI,AI,21,AI,"Strategic Report Corporate Governance Financial Statements Additional Information Championing Responsible AI deployment for scalable success Across the Group, we are committed to working with a range of stakeholders to ensure that artificial intelligence (‘AI’) is implemented responsibly. In October, our Head of Group Res"
009,Admiral Group plc,2025,009_admiral_group_plc_annual_report_2025.txt,AI and related technologies,AI,AI,21,AI,"nts Additional Information Championing Responsible AI deployment for scalable success Across the Group, we are committed to working with a range of stakeholders to ensure that artificial intelligence (‘AI’) is implemented responsibly. In October, our Head of Group Responsible AI and Data, David Crelley, took part in a panel decision at Momentum AI London. Momentum AI is a two-day event designed to equip business exe"
009,Admiral Group plc,2025,009_admiral_group_plc_annual_report_2025.txt,AI and related technologies,AI,AI,21,AI,"nt for scalable success Across the Group, we are committed to working with a range of stakeholders to ensure that artificial intelligence (‘AI’) is implemented responsibly. In October, our Head of Group Responsible AI and Data, David Crelley, took part in a panel decision at Momentum AI London. Momentum AI is a two-day event designed to equip business executives with cutting-edge strategies to build scalable generative and agent"
009,Admiral Group plc,2025,009_admiral_group_plc_annual_report_2025.txt,AI and related technologies,AI,AI,21,AI,"with a range of stakeholders to ensure that artificial intelligence (‘AI’) is implemented responsibly. In October, our Head of Group Responsible AI and Data, David Crelley, took part in a panel decision at Momentum AI London. Momentum AI is a two-day event designed to equip business executives with cutting-edge strategies to build scalable generative and agentic AI systems. At the panel session ‘Governance That Scales Without"
009,Admiral Group plc,2025,009_admiral_group_plc_annual_report_2025.txt,AI and related technologies,AI,AI,21,AI,"eholders to ensure that artificial intelligence (‘AI’) is implemented responsibly. In October, our Head of Group Responsible AI and Data, David Crelley, took part in a panel decision at Momentum AI London. Momentum AI is a two-day event designed to equip business executives with cutting-edge strategies to build scalable generative and agentic AI systems. At the panel session ‘Governance That Scales Without David shared h"
009,Admiral Group plc,2025,009_admiral_group_plc_annual_report_2025.txt,AI and related technologies,AI,AI,21,AI,"d Data, David Crelley, took part in a panel decision at Momentum AI London. Momentum AI is a two-day event designed to equip business executives with cutting-edge strategies to build scalable generative and agentic AI systems. At the panel session ‘Governance That Scales Without David shared his experience of integrating AI governance Scaling’, the focus was on designing governance that into existing model devel"
009,Admiral Group plc,2025,009_admiral_group_plc_annual_report_2025.txt,AI and related technologies,AI,AI,21,AI,"to equip business executives with cutting-edge strategies to build scalable generative and agentic AI systems. At the panel session ‘Governance That Scales Without David shared his experience of integrating AI governance Scaling’, the focus was on designing governance that into existing model development processes to improve supports scalable AI deployments while ensuring business outcomes and why he"
009,Admiral Group plc,2025,009_admiral_group_plc_annual_report_2025.txt,AI and related technologies,AI,AI,21,AI,"at Scales Without David shared his experience of integrating AI governance Scaling’, the focus was on designing governance that into existing model development processes to improve supports scalable AI deployments while ensuring business outcomes and why he believes that human compliance, ethics, and adaptability. David explained the expertise remains vital. He also spoke about the role importance"
009,Admiral Group plc,2025,009_admiral_group_plc_annual_report_2025.txt,AI and related technologies,AI,AI,21,AI,"lieves that human compliance, ethics, and adaptability. David explained the expertise remains vital. He also spoke about the role importance of working with regulators, such as the Financial that our Data and AI Academy plays in helping colleagues Conduct Authority and Prudential Regulation Authority, across the Group to understand responsible AI and the as well as the Association of British Insurers, to develop"
009,Admiral Group plc,2025,009_admiral_group_plc_annual_report_2025.txt,AI and related technologies,AI,AI,21,AI,"ce of working with regulators, such as the Financial that our Data and AI Academy plays in helping colleagues Conduct Authority and Prudential Regulation Authority, across the Group to understand responsible AI and the as well as the Association of British Insurers, to develop importance of collaboration across all functions to ensure safe and practical governance standards for the financial colleagues are empow"
009,Admiral Group plc,2025,009_admiral_group_plc_annual_report_2025.txt,AI and related technologies,AI,AI,22,AI,"Data, advanced analytics and enhanced Digital first risk selection • Veybot served as Veygo’s main digital entry point in • There is widespread use of predictive AI, and machine 2025, handling most customer interactions and resolving learning models embedded, driving improved around five in six journeys without agent involvement. performance, faster speed-to-marke"
009,Admiral Group plc,2025,009_admiral_group_plc_annual_report_2025.txt,AI and related technologies,AI,AI,22,AI,"• We are scaling GenAI, with acceleration planned over the • Admiral Seguros has introduced a fully automated, next year under strict governance. In the UK, over a third AI-driven ‘touchless’ claims process for minor vehicle of agents are using call summarisation, reducing average damage. Through collaboration with Tractable, the handling time and allowing them to f"
009,Admiral Group plc,2025,009_admiral_group_plc_annual_report_2025.txt,AI and related technologies,AI,AI,23,AI,"Strategic Report Corporate Governance Financial Statements Additional Information Harnessing AI to increase motor claims efficiency and identify fraud We responsibly use AI within areas of the Within our Spanish business, Admiral Seguros, we are using business where it helps make our colleagues’"
009,Admiral Group plc,2025,009_admiral_group_plc_annual_report_2025.txt,AI and related technologies,AI,AI,23,AI,"Strategic Report Corporate Governance Financial Statements Additional Information Harnessing AI to increase motor claims efficiency and identify fraud We responsibly use AI within areas of the Within our Spanish business, Admiral Seguros, we are using business where it helps make our colleagues’ AI in a similar way to summarise reports during motor"
009,Admiral Group plc,2025,009_admiral_group_plc_annual_report_2025.txt,AI and related technologies,AI,AI,23,AI,"increase motor claims efficiency and identify fraud We responsibly use AI within areas of the Within our Spanish business, Admiral Seguros, we are using business where it helps make our colleagues’ AI in a similar way to summarise reports during motor claims. This implementation has accelerated certainand customers’ lives easier."
009,Admiral Group plc,2025,009_admiral_group_plc_annual_report_2025.txt,AI and related technologies,AI,AI,23,AI,"claims. This implementation has accelerated certainand customers’ lives easier. processes by as much as 80%. All AI applications across This year, we have implemented the use of AI in our UK the Group are subject to stringent oversight to ensure that motor and household claims departments to summarise our approach rem"
009,Admiral Group plc,2025,009_admiral_group_plc_annual_report_2025.txt,AI and related technologies,AI,AI,23,AI,"plementation has accelerated certainand customers’ lives easier. processes by as much as 80%. All AI applications across This year, we have implemented the use of AI in our UK the Group are subject to stringent oversight to ensure that motor and household claims departments to summarise our approach remains responsible and customer focused. customer calls for over 44"
009,Admiral Group plc,2025,009_admiral_group_plc_annual_report_2025.txt,AI and related technologies,AI,AI,23,AI,"departments to summarise our approach remains responsible and customer focused. customer calls for over 440 customer-facing colleagues. Through these measures, we are able to safely improve The roll-out of AI to summarise calls has accelerated the both customer outcomes and operational efficiency. process, allowing colleagues to take more calls and help We continue to review our"
009,Admiral Group plc,2025,009_admiral_group_plc_annual_report_2025.txt,AI and related technologies,AI,AI,23,AI,"more calls and help We continue to review our processes to understand more customers to get back onto the road quickly and where AI can help us to enhance the support that safely. It has also resulted in better-quality notes, making we offer our customers. it easier for any colleague to quickly understand a"
009,Admiral Group plc,2025,009_admiral_group_plc_annual_report_2025.txt,AI and related technologies,AI,AI,36,AI,"ion unique but our strong team and fundamentals give us a great customers with two or more risks. We’ve built strong platform to continue to provide value, trust, and ease capability in predictive AI, accelerating machine learning for customers and in doing so, make the most of our model deployment in pricing and claims. In 2025, we laid opportunities for sustainable profitable growth in 2026 good f"
009,Admiral Group plc,2025,009_admiral_group_plc_annual_report_2025.txt,AI and related technologies,AI,AI,36,AI,"for customers and in doing so, make the most of our model deployment in pricing and claims. In 2025, we laid opportunities for sustainable profitable growth in 2026 good foundations in GenAI and Agentic AI to enhance our and beyond. operational excellence. UK Insurance financial performance £m 2025 2024 Turnover1, 2"
009,Admiral Group plc,2025,009_admiral_group_plc_annual_report_2025.txt,AI and related technologies,AI,AI,44,AI,"Report Corporate Governance Financial Statements Additional Information How our ‘20% Projects’ power people, progress and problem-solving Using data and artificial intelligence (‘AI’) to make our colleagues’ and customers’ lives easier is a key priority for us. In the UK, we’ve launched our 20% Projects programme, which is a cross-functional initiative that provides colleagues with the opport"
009,Admiral Group plc,2025,009_admiral_group_plc_annual_report_2025.txt,AI and related technologies,AI,AI,44,AI,"easier is a key priority for us. In the UK, we’ve launched our 20% Projects programme, which is a cross-functional initiative that provides colleagues with the opportunity to spend 20% of their time using data and AI to solve real business challenges outside of their normal role for up to 12 weeks. Teams of up to five people from across the UK’s 900- person strong data community come together to explore, test and deliver soluti"
009,Admiral Group plc,2025,009_admiral_group_plc_annual_report_2025.txt,AI and related technologies,AI,AI,44,AI,"r to explore, test and deliver solutions that create tangible business value. It is also a great opportunity to build connections, with colleagues at every level and from each UK business taking part. The Data and AI Academy completed 11, 20% Projects in 2025, which included a review of the way that Veygo evolves its customer chatbot to provide personalised 11 policy help, with a pilot for existing customers already live,"
009,Admiral Group plc,2025,009_admiral_group_plc_annual_report_2025.txt,AI and related technologies,AI,AI,46,AI,"ure gives us a strong navigated these environments through rigorous risk foundation of high‑quality data assets. Building on this, selection and cost control. we are scaling our core AI capabilities and piloting GenAI in the areas with the greatest potential. France had an exceptional year, with L’olivier increasing its Motor In"
009,Admiral Group plc,2025,009_admiral_group_plc_annual_report_2025.txt,AI and related technologies,AI,AI,52,AI,"to the In October, our Group Company Secretary More Than acquisition, whilst 2025 comprises increased team and Responsible AI and Data team spend on alternative lending products such as secured homeowner loans in the UK. were acknowledged for their outstanding effor"
009,Admiral Group plc,2025,009_admiral_group_plc_annual_report_2025.txt,AI and related technologies,AI,AI,52,AI,"UK & Ireland awards for blending legal expertise and subordinated loan notes issued in July 2014 prior innovation, and integrating AI into board operations, to redemption. while our Responsible AI and Data team were Highly Commended at the Da"
009,Admiral Group plc,2025,009_admiral_group_plc_annual_report_2025.txt,AI and related technologies,AI,AI,52,AI,"innovation, and integrating AI into board operations, to redemption. while our Responsible AI and Data team were Highly Commended at the DataIQ awards for the way that they ensure that AI is used responsibly"
009,Admiral Group plc,2025,009_admiral_group_plc_annual_report_2025.txt,AI and related technologies,AI,AI,52,AI,ile our Responsible AI and Data team were Highly Commended at the DataIQ awards for the way that they ensure that AI is used responsibly across the Group. Admiral Group Plc Annual Report and Accounts 2025 50
009,Admiral Group plc,2025,009_admiral_group_plc_annual_report_2025.txt,AI and related technologies,AI,AI,58,AI,2025: 21.6 India’s Best Workplaces Highly Commended 2024: 24.2 for Women™ Great Place Responsible AI Initiative 2023: 24.3 to Work® DataIQ Awards 2022: 21.0 ISS ESG
009,Admiral Group plc,2025,009_admiral_group_plc_annual_report_2025.txt,AI and related technologies,AI,AI,62,AI,"025, colleagues completed 774,340 hours of learning across the year. During learning at work week alone, colleagues logged 700+ hours across sessions on digital skills, data, communication, and wellbeing. Generative AI was the most attended topic, showing how fast future skills are shaping our business. Our senior learning partners work hand-in-hand with business leaders to identify future skills, design tailored programmes, and"
009,Admiral Group plc,2025,009_admiral_group_plc_annual_report_2025.txt,AI and related technologies,AI,AI,66,AI,"tics and Data Science, awareness high. and our Data Analytics Apprenticeship. Our privacy and responsible data team oversees compliance with UK and EU GDPR and the EU AI Act, while Driving better decisions with data quality helping teams apply responsible and ethical practices in AI Good decisions need good data. That’s why we are further projects. In 2025, our work earned indus"
009,Admiral Group plc,2025,009_admiral_group_plc_annual_report_2025.txt,AI and related technologies,AI,AI,66,AI,"nticeship. Our privacy and responsible data team oversees compliance with UK and EU GDPR and the EU AI Act, while Driving better decisions with data quality helping teams apply responsible and ethical practices in AI Good decisions need good data. That’s why we are further projects. In 2025, our work earned industry recognition, investing in data assurance platforms that enable real-time including the PICASSO Award for"
009,Admiral Group plc,2025,009_admiral_group_plc_annual_report_2025.txt,AI and related technologies,AI,AI,66,AI,"nd Privacy monitoring of data quality across the business. This helps Initiative of the Year and a Data IQ Highly Commended ensure that our data is accurate, consistent, and reliable – Award for Responsible AI. essential for compliance and for delivering the best outcomes for our customers. Empowering our people Technology is changing f"
009,Admiral Group plc,2025,009_admiral_group_plc_annual_report_2025.txt,AI and related technologies,AI,AI,66,AI,"postgraduate degrees in cyber security and strengthen communities. and software security • We launched Data Skills for All, a learning pathway through our Data and AI Academy, helping colleagues build confidence in data-driven decision making • The Academy hosted a hackathon with 90 participants and celebrated Love Data Week with interactive sessions. Admiral Group Plc Ann"
009,Admiral Group plc,2025,009_admiral_group_plc_annual_report_2025.txt,AI and related technologies,AI,AI,74,AI,"working group on claims carbon accounting • Launched detailed monthly monitoring of our emissions from tech, cloud, and AI. For details, see our 2025 Sustainability Report. Own To set an example by • Surpassed our 50% renewable energy procurement target over the first nine operations reducing GHG emissions months and mai"
009,Admiral Group plc,2025,009_admiral_group_plc_annual_report_2025.txt,AI and related technologies,AI,AI,82,AI,"g-term impact: Moderate • They also include climate-related risk • Claims experience from all business is closely PR&U affected: Strategic, arising from AI use. monitored and feeds back into pricing insurance assumptions. This is given particular focus"
009,Admiral Group plc,2025,009_admiral_group_plc_annual_report_2025.txt,AI and related technologies,AI,AI,82,AI,focus for policies that include new technologies • We are continuing to build AI-related and cloud-related emissions monitoring. Admiral Group Plc Annual Report and Accounts 2025
009,Admiral Group plc,2025,009_admiral_group_plc_annual_report_2025.txt,AI and related technologies,AI,AI,91,AI,"well as Group Chief Data Officer and Group Head of GenAI, • Regular employee surveys capture feedback and reflecting a commitment to innovation and AI preparedness. measure engagement across the Group To reinforce shared ownership, the Board approved • Internal communications through multiple platforms,"
009,Admiral Group plc,2025,009_admiral_group_plc_annual_report_2025.txt,AI and related technologies,AI,AI,93,AI,"The Board also monitored the rollout of new technology journey. Engagement is supported through multiple channels, strategies, including generative AI, which improved including digital platforms (customer portals, surveys, SMS customer journeys through greater personalisation and feedback, and the Admiral App), li"
009,Admiral Group plc,2025,009_admiral_group_plc_annual_report_2025.txt,AI and related technologies,AI,AI,99,AI,"ions and the development and broader adoption of new and emerging technologies such as fully autonomous emerging risks facing the Group vehicles (‘AVs’), generative AI, and quantum computing. alongside engaging with the This volatility has foregrounded the role of operational resilience and cyber-secur"
009,Admiral Group plc,2025,009_admiral_group_plc_annual_report_2025.txt,AI and related technologies,AI,AI,100,AI,"ompetitive through rapid and dynamic changes to key performance market, and climate change. Growth in technologies such drivers, particularly pricing, and continuously appraises as electric vehicles and AI also introduce additional and invests in employees, systems, and processes. insurance risk by driving market trends. Market risk 2025 trend:"
009,Admiral Group plc,2025,009_admiral_group_plc_annual_report_2025.txt,AI and related technologies,AI,AI,101,AI,"e Group recognises the increasing change governance and assurance, to ensure robust significance of high-quality data for decision making and development and delivery AI integration. Accordingly, a new data governance and quality policy has been approved to establish robust • People: Admiral continues to strengthen"
009,Admiral Group plc,2025,009_admiral_group_plc_annual_report_2025.txt,AI and related technologies,AI,AI,104,AI,"lobal instability, risks to the supply strategic objectives. These include technological changes, chain and ability to grow remain. Additionally, consolidation such as needing to build the capabilities in data and AI of the UK personal lines market is anticipated to see certain required to maintain Admiral’s competitive advantage in its competitors benefit from economies of scale and gain main UK market."
009,Admiral Group plc,2025,009_admiral_group_plc_annual_report_2025.txt,AI and related technologies,AI,AI,104,AI,"to a more stable market with more rational players. In particular, Admiral continues to closely monitor the development and use cases of generative and agentic AI, Admiral’s strategy generally covers a three-year time horizon including its potential to open new distribution channels and is refreshed annually with input from management as for Admiral products. Agains"
009,Admiral Group plc,2025,009_admiral_group_plc_annual_report_2025.txt,AI and related technologies,AI,AI,105,AI,"mate change transition risks’; (2) ‘geopolitical are not yet well understood’. Emerging risk management, instability’; and (10) ‘future of AI’ point towards the centre therefore, consists in working to identify these risks, the of the radar. This visualises ongoing trends in the external potential"
009,Admiral Group plc,2025,009_admiral_group_plc_annual_report_2025.txt,AI and related technologies,AI,AI,106,AI,al opportunity Magnitude Non-traditional competition High New mobility solutions Medium−high Future of AI Medium−low Disruptive technology Low Digital infrastructure failure Mobility as a service (‘MaaS’) C
009,Admiral Group plc,2025,009_admiral_group_plc_annual_report_2025.txt,AI and related technologies,AI,AI,110,AI,"purpose and values, involved discussion and challenge At the executive level, we welcomed a new CEO at Admiral by the Remuneration Committee as well as oversight from Money, we appointed senior leaders in data, AI and the Board, and was successfully rolled out to approximately technology, including a Group Chief Data Officer and are 13,000 of our UK colleagues across the Group in October in the process of appoi"
009,Admiral Group plc,2025,009_admiral_group_plc_annual_report_2025.txt,AI and related technologies,AI,AI,115,AI,"at Marks and Spencer Group Plc • Non-Executive Director and member of Remuneration • Non-Executive Director and member of the Group Audit & Nominations, Audit & Risk Committees, Chair of the AI Committee and Group Remuneration Committee of and Technology Security Committees at Daily Mail and St James’s Place Plc (with effect 1 March 2026) General Trust Plc (‘DMGT’)"
009,Admiral Group plc,2025,009_admiral_group_plc_annual_report_2025.txt,AI and related technologies,AI,AI,120,AI,"• Oversight of the development of a Group-wide artificial and ancillaries in the motor insurance market intelligence (‘AI’) and data strategy, measures to track • Review and approval of the target operating model progress, an appropriate AI governance framework, and legal structure of the European businesses and"
009,Admiral Group plc,2025,009_admiral_group_plc_annual_report_2025.txt,AI and related technologies,AI,AI,120,AI,"et intelligence (‘AI’) and data strategy, measures to track • Review and approval of the target operating model progress, an appropriate AI governance framework, and legal structure of the European businesses and the onboarding of new senior roles in these fields • The fostering of good relations and open and • Oversight of progre"
009,Admiral Group plc,2025,009_admiral_group_plc_annual_report_2025.txt,AI and related technologies,AI,AI,130,AI,"ommunication practices, acknowledging areas of good practice, while noting the need for improved information selection and contextual clarity in others. AECS – Impact of AI and The IECG confirmed a positive trajectory, noting the launch of predictive AI models September Company ambition and the implementation of generative AI across claims, IT, pricing, risk selection, 2025"
009,Admiral Group plc,2025,009_admiral_group_plc_annual_report_2025.txt,AI and related technologies,AI,AI,130,AI,"need for improved information selection and contextual clarity in others. AECS – Impact of AI and The IECG confirmed a positive trajectory, noting the launch of predictive AI models September Company ambition and the implementation of generative AI across claims, IT, pricing, risk selection, 2025 productivity, and internal operations. These advance"
009,Admiral Group plc,2025,009_admiral_group_plc_annual_report_2025.txt,AI and related technologies,AI,AI,130,AI,"ontextual clarity in others. AECS – Impact of AI and The IECG confirmed a positive trajectory, noting the launch of predictive AI models September Company ambition and the implementation of generative AI across claims, IT, pricing, risk selection, 2025 productivity, and internal operations. These advancements were viewed as the start of a"
009,Admiral Group plc,2025,009_admiral_group_plc_annual_report_2025.txt,AI and related technologies,AI,AI,130,AI,"tegy to centralise efforts in order to secure competitive in achieving advantages. Non-Executive Directors raised questions regarding the extent strategic goals of AI utilisation, noting its successful application in rewriting procedural manuals. Technology was identified as an area for improvement, with a focus on enhancing"
009,Admiral Group plc,2025,009_admiral_group_plc_annual_report_2025.txt,AI and related technologies,AI,AI,135,AI,"ctions, Conduct Rules and Reasonable Committee meeting. Steps; (ii) the new UK Corporate Reporting and Audit Regime; (iii) AI and the external environment; and (iv) Advice several sessions on the Admiral internal model (‘AIM’). All Directors have access to the advice and support o"
009,Admiral Group plc,2025,009_admiral_group_plc_annual_report_2025.txt,AI and related technologies,AI,AI,147,AI,"ol framework The Audit Committee has had oversight of Admiral’s evolving internal control framework, including progress to strengthen it to align with Provision 29 of the Code. See page 147. AI and new The Board has been kept abreast of the opportunities and progress achieved in the areas of data, technology AI and technology at Admiral. This will continue to be a key focus area for 202"
009,Admiral Group plc,2025,009_admiral_group_plc_annual_report_2025.txt,AI and related technologies,AI,AI,147,AI,"ress to strengthen it to align with Provision 29 of the Code. See page 147. AI and new The Board has been kept abreast of the opportunities and progress achieved in the areas of data, technology AI and technology at Admiral. This will continue to be a key focus area for 2026. Customers During 2025, the Board focused on delivering good customer outcomes, particularly through the Con"
009,Admiral Group plc,2025,009_admiral_group_plc_annual_report_2025.txt,AI and related technologies,AI,AI,156,AI,"nitiatives Roles and responsibilities • The impact of emerging risks including automated • Assess and oversee the Group’s overall risk vehicles, quantum computing and agentic AI management framework, including risk policies • Admiral’s technology and information security and mitigation strategies posture • Review Group-wide reporting on risk"
009,Admiral Group plc,2025,009_admiral_group_plc_annual_report_2025.txt,AI and related technologies,AI,AI,157,AI,"c vehicles, noting the and Corporate Transparency Act (‘ECCTA’). potential impact of trade policy and tariffs on the supply Artificial intelligence (‘AI’) of Chinese EVs, as well as potential opportunities surrounding working with OEMs. The Committee also The Committee received regular updates regarding reviewed economic risks more broadly, completing its"
009,Admiral Group plc,2025,009_admiral_group_plc_annual_report_2025.txt,AI and related technologies,AI,AI,157,AI,"surrounding working with OEMs. The Committee also The Committee received regular updates regarding reviewed economic risks more broadly, completing its developments in predictive, generative, and agentic AI annual approval and review of the results of stress testing technologies. The GRC was also provided information about for the annual ORSA Report. This incorporates severe efforts to ensure AI Act compli"
009,Admiral Group plc,2025,009_admiral_group_plc_annual_report_2025.txt,AI and related technologies,AI,AI,157,AI,nd agentic AI annual approval and review of the results of stress testing technologies. The GRC was also provided information about for the annual ORSA Report. This incorporates severe efforts to ensure AI Act compliance within European entities adverse economic scenarios such as the EIOPA IST and engagement with UK regulators on the subject. The (geopolitical tensions stoke inflation and suppress growth). C
009,Admiral Group plc,2025,009_admiral_group_plc_annual_report_2025.txt,AI and related technologies,AI,AI,157,AI,hics. These discussions reflect the Committee's ongoing role in overseeing the introduction of AI in a manner intended to be responsible and beneficial to customers. Admiral Group Plc Annual Report and Accounts 2025
009,Admiral Group plc,2025,009_admiral_group_plc_annual_report_2025.txt,AI and related technologies,AI,AI,158,AI,"ent compliance reviews, stress testing, and recruitment challenges around specialist skills in the through in-flight monitoring. To facilitate oversight, the developing areas of data / cyber security, AI, and climate / Committee has been provided with a large and growing sustainability-related risks. The Committee also helped suite of data, including newly introduced dashboards to ensure continued vi"
009,Admiral Group plc,2025,009_admiral_group_plc_annual_report_2025.txt,AI and related technologies,AI,AI,159,AI,"ystem of risk management and internal control over provided by the Committee to management, notably Admiral’s risks is designed to manage rather than eliminate strategic risk areas including cyber security, AI, and the risk of failure to achieve business objectives and of transformation risk. Areas of development for 2026 breaches of risk appetites. included increased focus on the wider economy as part"
009,Admiral Group plc,2025,009_admiral_group_plc_annual_report_2025.txt,AI and related technologies,machine learning,machine learning,19,machine learning,"I am confident Admiral is well-positioned for success strengths in data and telematics mean we are well-placed in 2026 and beyond. to respond to evolving mobility trends. We invested early and effectively in machine learning and predictive AI, strengthening our leadership in underwriting with over 120 models live, one of the drivers of our twelve points advantage in loss ratio versus the market. We have fully embedded scaled agile and r"
009,Admiral Group plc,2025,009_admiral_group_plc_annual_report_2025.txt,AI and related technologies,machine learning,machine learning,22,machine learning,"• We have strengthened our UK car pricing capabilities fewer repeat contacts. Veybot has improved service by refreshing our key machine learning models for both speed and quality for customers risk and retail pricing, helping us to predict claims costs • The UK Insurance business has"
009,Admiral Group plc,2025,009_admiral_group_plc_annual_report_2025.txt,AI and related technologies,machine learning,machine learning,22,machine learning,"osts • The UK Insurance business has made progress with their and market prices more accurately. Together, these cloud platforms, with more than 90% of core systems enhancements build on our established machine learning- now cloud-based enabling faster, and improved data driven pricing approach, improving both accuracy, quality. Data requests are now allocated and completed and competitiveness more efficiently, w"
009,Admiral Group plc,2025,009_admiral_group_plc_annual_report_2025.txt,AI and related technologies,machine learning,machine learning,36,machine learning,"but our strong team and fundamentals give us a great customers with two or more risks. We’ve built strong platform to continue to provide value, trust, and ease capability in predictive AI, accelerating machine learning for customers and in doing so, make the most of our model deployment in pricing and claims. In 2025, we laid opportunities for sustainable profitable growth in 2026 good foundations in GenAI and Agentic"
009,Admiral Group plc,2025,009_admiral_group_plc_annual_report_2025.txt,AI and related technologies,machine learning,machine learning,49,machine learning,"ets. Today, I am a Software particularly on business written in 2023. Strong pricing Architect in the Gold Standard Pricing team, where and underwriting actions taken throughout 2024 and in we analyse machine learning models to identify 2025 show signs of significantly improved loss ratios, patterns in customer data so that we can better serve which are now starting to earn through. Vehicles insured our customer"
009,Admiral Group plc,2025,009_admiral_group_plc_annual_report_2025.txt,AI and related technologies,automation,automation,20,automation,"customer management far more diverse, with more than 50% of risks now coming and across all lines of business. By leveraging GenAI and from our other business lines and geographies, and we combining it with automation, digitalisation and our continued have evolved our motor proposition to reflect new mobility cost management, we expect material efficiency gains. and vehicle technology trends. Throughout this period, we have co"
009,Admiral Group plc,2025,009_admiral_group_plc_annual_report_2025.txt,AI and related technologies,automation,automation,22,automation,"use of GenAI, Core competencies which enhances our ability to review customer calls, • Digital first increasing automation and improving operational • Scaled agile efficiency. This broader oversight helps maintain consisten"
009,Admiral Group plc,2025,009_admiral_group_plc_annual_report_2025.txt,AI and related technologies,automation,automation,50,automation,"y first year as CEO, I am incredibly proud simultaneously enhancing efficiency through increased of the team and what we have delivered in 2025 and I’d like automation, delivering a cost income ratio of 39%. to thank our customers, partners and all my colleagues for The outcome of this balanced growth, high quality"
009,Admiral Group plc,2025,009_admiral_group_plc_annual_report_2025.txt,AI and related technologies,generative AI,generative AI,93,generative AI,"The Board also monitored the rollout of new technology journey. Engagement is supported through multiple channels, strategies, including generative AI, which improved including digital platforms (customer portals, surveys, SMS customer journeys through greater personalisation and feedback, and the Admiral App), li"
009,Admiral Group plc,2025,009_admiral_group_plc_annual_report_2025.txt,AI and related technologies,generative AI,generative AI,99,generative AI,"conditions and the development and broader adoption of new and emerging technologies such as fully autonomous emerging risks facing the Group vehicles (‘AVs’), generative AI, and quantum computing. alongside engaging with the This volatility has foregrounded the role of operational resilience and cyber-secur"
009,Admiral Group plc,2025,009_admiral_group_plc_annual_report_2025.txt,AI and related technologies,generative AI,generative AI,130,generative AI,"ction and contextual clarity in others. AECS – Impact of AI and The IECG confirmed a positive trajectory, noting the launch of predictive AI models September Company ambition and the implementation of generative AI across claims, IT, pricing, risk selection, 2025 productivity, and internal operations. These advancements were viewed as the start of a"
009,Admiral Group plc,2025,009_admiral_group_plc_annual_report_2025.txt,Governance and accountability,responsible AI,responsible AI,21,Responsible AI,"Strategic Report Corporate Governance Financial Statements Additional Information Championing Responsible AI deployment for scalable success Across the Group, we are committed to working with a range of stakeholders to ensure that artificial intelligence (‘AI’) is implemented responsibly. In October, our Head of Group Res"
009,Admiral Group plc,2025,009_admiral_group_plc_annual_report_2025.txt,Governance and accountability,responsible AI,responsible AI,21,Responsible AI,"AI deployment for scalable success Across the Group, we are committed to working with a range of stakeholders to ensure that artificial intelligence (‘AI’) is implemented responsibly. In October, our Head of Group Responsible AI and Data, David Crelley, took part in a panel decision at Momentum AI London. Momentum AI is a two-day event designed to equip business executives with cutting-edge strategies to build scalable generative and agent"
009,Admiral Group plc,2025,009_admiral_group_plc_annual_report_2025.txt,Governance and accountability,responsible AI,responsible AI,21,responsible AI,"le importance of working with regulators, such as the Financial that our Data and AI Academy plays in helping colleagues Conduct Authority and Prudential Regulation Authority, across the Group to understand responsible AI and the as well as the Association of British Insurers, to develop importance of collaboration across all functions to ensure safe and practical governance standards for the financial colleagues are empow"
009,Admiral Group plc,2025,009_admiral_group_plc_annual_report_2025.txt,Governance and accountability,responsible AI,responsible AI,52,Responsible AI,"ion related to the In October, our Group Company Secretary More Than acquisition, whilst 2025 comprises increased team and Responsible AI and Data team spend on alternative lending products such as secured homeowner loans in the UK. were acknowledged for their outstanding effor"
009,Admiral Group plc,2025,009_admiral_group_plc_annual_report_2025.txt,Governance and accountability,responsible AI,responsible AI,52,Responsible AI,"14 prior innovation, and integrating AI into board operations, to redemption. while our Responsible AI and Data team were Highly Commended at the DataIQ awards for the way that they ensure that AI is used responsibly"
009,Admiral Group plc,2025,009_admiral_group_plc_annual_report_2025.txt,Governance and accountability,responsible AI,responsible AI,58,Responsible AI,2025: 21.6 India’s Best Workplaces Highly Commended 2024: 24.2 for Women™ Great Place Responsible AI Initiative 2023: 24.3 to Work® DataIQ Awards 2022: 21.0 ISS ESG
009,Admiral Group plc,2025,009_admiral_group_plc_annual_report_2025.txt,Governance and accountability,responsible AI,responsible AI,66,Responsible AI,"ainability and Privacy monitoring of data quality across the business. This helps Initiative of the Year and a Data IQ Highly Commended ensure that our data is accurate, consistent, and reliable – Award for Responsible AI. essential for compliance and for delivering the best outcomes for our customers. Empowering our people Technology is changing f"
009,Admiral Group plc,2025,009_admiral_group_plc_annual_report_2025.txt,"Fairness, bias and ethics",bias,bias,206,bias,"raud through management override of controls, testing the appropriateness of journal entries and other adjustments; assessing whether the judgements made in making accounting estimates are indicative of a potential bias; and evaluating the business rationale of any significant transactions that are unusual or outside the normal course of business. We also communicated relevant identified laws and regulations and potential fraud ris"
009,Admiral Group plc,2025,009_admiral_group_plc_annual_report_2025.txt,"Fairness, bias and ethics",fairness,fairness,66,fairness,"the same: to use innovation responsibly and inclusively. • Admiral colleagues achieved industry-leading By focusing on fairness, security, and accessibility, certifications like CISSP and CISM, with others we build trust with customers, empower colleagues, pursuing postgraduate degrees in cyber secu"
009,Admiral Group plc,2025,009_admiral_group_plc_annual_report_2025.txt,"Fairness, bias and ethics",fairness,fairness,67,fairness,"For climate risk specifically, we align with the IIGCC Net Zero Investment Framework. In 2025, we continued to • Value means fairness and relevance, offering competitive strengthen this approach by maintaining exclusions for prices and products designed to meet diverse needs"
009,Admiral Group plc,2025,009_admiral_group_plc_annual_report_2025.txt,"Fairness, bias and ethics",fairness,fairness,110,fairness,"roduction of a new reward framework to oversee a rapidly evolving business landscape. for our UK colleagues. This project, designed to ensure More information on these appointments and what they fairness, transparency, and alignment with Admiral’s bring to the business can be found on pages 119 and 134. purpose and values, involved discussion and challenge At the executive level, we welcomed a new CEO at Admiral"
009,Admiral Group plc,2025,009_admiral_group_plc_annual_report_2025.txt,"Fairness, bias and ethics",fairness,fairness,157,fairness,"ee reviewed the risk-based and trust-by-design approach rolled out across the Group, discussing topics such as fairness, openness, transparency, and ethics. These discussions reflect the Committee's ongoing role in"
009,Admiral Group plc,2025,009_admiral_group_plc_annual_report_2025.txt,"Fairness, bias and ethics",fairness,fairness,186,fairness,"ne basis. Data for the measures is taken from the Group’s financial reports, which are reviewed by the Audit Committee and approved by the Board. Phase 2: Holistic review. The Committee will then consider the overall fairness of the formulaic Group scorecard outcome in the context of the business performance in the prevailing market conditions, which can be assessed against a non- exhaustive basket of measures such as: • Executive Direct"
010,AJ Bell plc,2025,010_aj_bell_plc_annual_report_2025.txt,AI and related technologies,artificial intelligence,artificial intelligence,41,artificial intelligence,y of leadership and open communication to AJ Bell’s People Strategy. Our framework artificial intelligence (GenAI) to enhance development journey.remain central to our culture. We deliver a range is a set of activities and processes designed
010,AJ Bell plc,2025,010_aj_bell_plc_annual_report_2025.txt,AI and related technologies,artificial intelligence,artificial intelligence,164,Artificial Intelligence,162 Glossary AGM Annual General Meeting ExCo Executive Committee NED Non-Executive Director AI Artificial Intelligence FCA Financial Conduct Authority NGFS Network for Greening the Financial System AJBI AJ Bell Investments FRC Financ
010,AJ Bell plc,2025,010_aj_bell_plc_annual_report_2025.txt,AI and related technologies,AI,AI,7,AI,"service, allowing our customers to invest when they choose. Increasingly, we leverage generative AI (GenAI) to streamline back-office processes, enabling us to"
010,AJ Bell plc,2025,010_aj_bell_plc_annual_report_2025.txt,AI and related technologies,AI,AI,19,AI,"across various teams in the business. This year, we including the integration of generative AI (GenAI) across key Our philosophy has always been to share the processes and the deployment of robotics within back-office developed a ‘single customer view’ dashboard for our"
010,AJ Bell plc,2025,010_aj_bell_plc_annual_report_2025.txt,AI and related technologies,AI,AI,19,AI,"within back-office developed a ‘single customer view’ dashboard for our Customer Service Team using AI to monitor all customer benefits of operating at increasing scale with operations. We have streamlined workflows, reduced manual interactions and drive efficiencies and better customer"
010,AJ Bell plc,2025,010_aj_bell_plc_annual_report_2025.txt,AI and related technologies,AI,AI,164,AI,162 Glossary AGM Annual General Meeting ExCo Executive Committee NED Non-Executive Director AI Artificial Intelligence FCA Financial Conduct Authority NGFS Network for Greening the Financial System AJBI AJ Bell Investments
010,AJ Bell plc,2025,010_aj_bell_plc_annual_report_2025.txt,AI and related technologies,AI,AI,164,AI,t FX Foreign Exchange PCAF Partnership for Carbon Accounting Financials BAYE Buy As You Earn GenAI Generative AI PLC Public Limited Company BPS Basis points GHG Greenhouse Gas PR&U Principal Risks and Uncertaintie
010,AJ Bell plc,2025,010_aj_bell_plc_annual_report_2025.txt,AI and related technologies,automation,automation,12,automation,"in proposition, in June 2025 and are enhancing cash further growth in FY26 and beyond. the pension tax system throughout this Parliament, management and investment automation on our full- focusing on tax-free cash and tax relief. service advised platform. Link to strategy:"
010,AJ Bell plc,2025,010_aj_bell_plc_annual_report_2025.txt,AI and related technologies,automation,automation,15,automation,"amework. propositions, with a focus on ease of use. This The unwelcome theme of unnecessary Michael Summersgill includes increasing automation in the adviser journey, allowing advisers to serve their clients Campaigning for better complexity and poorly constructed policy has Chief Executive Officer more efficiently, and launching a new"
010,AJ Bell plc,2025,010_aj_bell_plc_annual_report_2025.txt,AI and related technologies,automation,automation,17,automation,"According to a recent survey 1 Work is also underway to bring greater automation to the What this means for our customers investment and divestment processes for advisers, delivering 65% and advisers"
010,AJ Bell plc,2025,010_aj_bell_plc_annual_report_2025.txt,AI and related technologies,automation,automation,19,automation,Several projects are underway to drive further operational 0.15 bps efficiencies across the business through the automation of (FY24: 0.16 bps) back-office processes. Our philosophy remains to share the
010,AJ Bell plc,2025,010_aj_bell_plc_annual_report_2025.txt,AI and related technologies,automation,automation,24,automation,"elerated platform enhancements, including of FX dealing activity experienced in the year. As part of the wind down of our non-platform business, the launch of AJ Bell Touch in the year, as well as implementing further automation in our advised revenues of £12.7 million recognised in FY25 will not recur in FY26. propositions. Although these initiatives have elevated short-term costs, they form part of our stra"
010,AJ Bell plc,2025,010_aj_bell_plc_annual_report_2025.txt,AI and related technologies,automation,automation,35,automation,"We will continue to enhance AJ Bell Touch with Strategy Accessible solutions – We believe investing further functionality, automation and integratedResponsible is for everyone. Our low-cost, easy-to-use advice tools, supporting our ambition to make"
010,AJ Bell plc,2025,010_aj_bell_plc_annual_report_2025.txt,AI and related technologies,automation,automation,95,automation,"deliver good and disaster recovery capabilities, and continues the implementation of a new Governance and Risk (ICARA) at Committee meetings and customer outcomes, was reviewed by the to invest in automation, where appropriate. Risk & Control platform; members of the Committee and other Board Committee before being approved by the Board. In addition to the bi-annual operational • ensuring that r"
010,AJ Bell plc,2025,010_aj_bell_plc_annual_report_2025.txt,AI and related technologies,automation,automation,109,automation,"udited) the business, driving continued operational gearing through a focus on increased As set out in last year’s Directors Remuneration Report, Roger Stott retired and stepped down as automation, strategic workforce planning and contract renegotiations. These an Executive Director on 31 December 2024. As disclosed in the total single figure of remuneration, initiatives have delivered"
010,AJ Bell plc,2025,010_aj_bell_plc_annual_report_2025.txt,AI and related technologies,generative AI,generative AI,7,generative AI,"service, allowing our customers to invest when they choose. Increasingly, we leverage generative AI (GenAI) to streamline back-office processes, enabling us to"
010,AJ Bell plc,2025,010_aj_bell_plc_annual_report_2025.txt,AI and related technologies,generative AI,generative AI,19,generative AI,"across various teams in the business. This year, we including the integration of generative AI (GenAI) across key Our philosophy has always been to share the processes and the deployment of robotics within back-office developed a ‘single customer view’ dashboard for our"
010,AJ Bell plc,2025,010_aj_bell_plc_annual_report_2025.txt,AI and related technologies,generative AI,generative AI,164,Generative AI,r Management FX Foreign Exchange PCAF Partnership for Carbon Accounting Financials BAYE Buy As You Earn GenAI Generative AI PLC Public Limited Company BPS Basis points GHG Greenhouse Gas PR&U Principal Risks and Uncertaintie
010,AJ Bell plc,2025,010_aj_bell_plc_annual_report_2025.txt,"Fairness, bias and ethics",bias,bias,43,bias,"ble representation. creating psychological safety, understanding AJ Bell’s dedication to diversity, equity and cognitive bias and leading inclusively. Feedback Total number of employees 20251 inclusion is embedded in our policies, ensu"
010,AJ Bell plc,2025,010_aj_bell_plc_annual_report_2025.txt,"Fairness, bias and ethics",fairness,fairness,39,fairness,"to our success, and as Why it is important Place to Work® survey were fairness, inclusion a responsible employer, we are Our success is built on delivering a Principled and safety in the workplace, reflecting the"
010,AJ Bell plc,2025,010_aj_bell_plc_annual_report_2025.txt,"Fairness, bias and ethics",fairness,fairness,104,fairness,"The targets are set by reference to strategic objectives. • participation in or responsibility for conduct resulting in significant loss to a Group company; • failure to meet appropriate standards of fairness and propriety including fraud, material Deferred awards are subject to specific conditions that are designed to protect shareholder value dishonesty or material wrongdoing;"
011,IG Group Holdings plc,2025,011_ig_group_holdings_plc_annual_report_2025.txt,AI and related technologies,artificial intelligence,artificial intelligence,17,artificial intelligence,st in prioritise investment in larger and fast- and enabling cryptocurrency deposits automation and artificial intelligence across growing markets. and withdrawals for seven digital assets. the business to enhance scalability.
011,IG Group Holdings plc,2025,011_ig_group_holdings_plc_annual_report_2025.txt,AI and related technologies,artificial intelligence,artificial intelligence,43,Artificial Intelligence,dditional oversight with membership of our RMF and sets the tone for conduct comprised of senior management Vendor Risk Management Committee Transaction Reporting Committee Artificial Intelligence Committee in all business activities and expected with subject matter expertise.
011,IG Group Holdings plc,2025,011_ig_group_holdings_plc_annual_report_2025.txt,AI and related technologies,artificial intelligence,artificial intelligence,57,Artificial Intelligence,Vendor Risk Transaction Reporting Artificial Intelligence Pricing Committee Technology Committee Management
011,IG Group Holdings plc,2025,011_ig_group_holdings_plc_annual_report_2025.txt,AI and related technologies,artificial intelligence,artificial intelligence,86,Artificial Intelligence,"functions implications and opportunities presented by assessment process and outcomes for  Review the design and implementation of Artificial Intelligence, and we will continue to the Risk and Compliance functions. risk management policy and measurement The Terms of Reference of the Committee monitor management’s response to these"
011,IG Group Holdings plc,2025,011_ig_group_holdings_plc_annual_report_2025.txt,AI and related technologies,AI,AI,20,AI,"FY23 Reported 358.5 FY23 Reported 72.6 FY23 35% In FY25 we invested in an agile, AI-powered employee The number of active customers is the most relevant metric for First trades refers to a new customer funding their account and Our gender diversity metric represents the percentage"
011,IG Group Holdings plc,2025,011_ig_group_holdings_plc_annual_report_2025.txt,AI and related technologies,AI,AI,47,AI,"igate the ever-present and changing processes, people, systems, cyber threats or external events.  AI controls ensure that any sensitive information is only used in private, paid for and licensed services so as not to be mad"
011,IG Group Holdings plc,2025,011_ig_group_holdings_plc_annual_report_2025.txt,AI and related technologies,AI,AI,47,AI,"ng and maturing their attack methods and Trading  A 24/7 approach with trading desks located in London, Frankfurt and Australia providing targets. The incorporation of AI to improve The risk related to any issues around 24-hour coverage. We apply Board-approved market risk limits and operate under a robust efficiency and productivity, as well as our internal hed"
011,IG Group Holdings plc,2025,011_ig_group_holdings_plc_annual_report_2025.txt,AI and related technologies,AI,AI,48,AI,"ur risk Improving understanding the Group’s business and identify any of the Group’s financial materiality and framework remains culture, processes and and controls around AI areas for potential enhancement. risk framework as we accountability across the effective and agile as we practices across new technology and digital"
011,IG Group Holdings plc,2025,011_ig_group_holdings_plc_annual_report_2025.txt,AI and related technologies,AI,AI,61,AI,"participated in cryptocurrency market evolution, stakeholder groups. Find out more on pages 72-73 shareholder interactions technology infrastructure, AI implementation and tax planning"
011,IG Group Holdings plc,2025,011_ig_group_holdings_plc_annual_report_2025.txt,AI and related technologies,AI,AI,72,AI,"ect engagement opportunities 3 Internal evaluation via FY27  Strengthen the Board’s knowledge in areas highlighted by members as priorities, questionnaire and including AI, cybersecurity, crypto, and regulatory landscapes across key markets individual director  Ensure alignment between the Board and Executives on Diversity and Inc"
011,IG Group Holdings plc,2025,011_ig_group_holdings_plc_annual_report_2025.txt,AI and related technologies,AI,AI,73,AI,"6/11 3/11 2/11 Schedule dedicated training or The Board received training on these topics, including Board discussions on D&I, sessions on AI, crypto, and Powering Inclusion. Board Consumer Marketing 5/11 1/11 6/11 cryptocurrencies and Artificial members have expressed interest"
011,IG Group Holdings plc,2025,011_ig_group_holdings_plc_annual_report_2025.txt,AI and related technologies,AI,AI,73,AI,"ard Consumer Marketing 5/11 1/11 6/11 cryptocurrencies and Artificial members have expressed interest in continued updates Intelligence (AI) in the context of in these areas, especially as they relate to product Auditing 5/11 4/11 2/11 our business"
011,IG Group Holdings plc,2025,011_ig_group_holdings_plc_annual_report_2025.txt,AI and related technologies,AI,AI,87,AI," Received updates on cryptocurrency hedging developments and approach in March 2025  Reviewed reporting on current and emerging risks facing the business in March 2025 and May 2025, including cyber risk, AI adoption opportunities, and macro factors driving market  Recommended market risk limit increases for equity indices from £200m to £300m to volatility"
011,IG Group Holdings plc,2025,011_ig_group_holdings_plc_annual_report_2025.txt,AI and related technologies,AI,AI,87,AI,mber 2024 and May 2025  Recommended the CRO’s annual assessment of the effectiveness of the Risk Management  Considered AI risks in ICARA operational risk scenarios as part of forward-looking stress and Internal Control Framework to the Audit Committee and the Board in May 2025 testing requirements
011,IG Group Holdings plc,2025,011_ig_group_holdings_plc_annual_report_2025.txt,AI and related technologies,AI,AI,88,AI,"specific questions, the review found that Other Compliance Matters the Committee had the right combination opportunities associated with AI technology and cryptocurrency in"
011,IG Group Holdings plc,2025,011_ig_group_holdings_plc_annual_report_2025.txt,AI and related technologies,AI,AI,88,AI,"isional structure Insurance  Reviewed the adequacy of our Global Insurance Programme and recommended the annual renewal proposal for Board approval in March 2025, including consideration of cyber insurance coverage AI and Cryptocurrency  Received reporting on AI opportunities and risks, including efficiency gains in customer servicing and manual processes, while monitoring management’s measured approach to implementation with pr"
011,IG Group Holdings plc,2025,011_ig_group_holdings_plc_annual_report_2025.txt,AI and related technologies,AI,AI,88,AI,"quacy of our Global Insurance Programme and recommended the annual renewal proposal for Board approval in March 2025, including consideration of cyber insurance coverage AI and Cryptocurrency  Received reporting on AI opportunities and risks, including efficiency gains in customer servicing and manual processes, while monitoring management’s measured approach to implementation with proportionate risk controls  Reviewed cryptocur"
011,IG Group Holdings plc,2025,011_ig_group_holdings_plc_annual_report_2025.txt,AI and related technologies,automation,automation,11,automation,Taking ownership and increasing Increase digital servicing and accountability to enhance automation to lower fixed costs and outcomes enhance scalability. Make the right choices about where to invest and
011,IG Group Holdings plc,2025,011_ig_group_holdings_plc_annual_report_2025.txt,AI and related technologies,automation,automation,12,automation, Lowering fixed costs to enhance scalability  Exiting initiatives delivering unacceptable Delivering on self-help via digital servicing and automation returns02.  Increasing conversion of customer fee and measures to unlock our potential
011,IG Group Holdings plc,2025,011_ig_group_holdings_plc_annual_report_2025.txt,AI and related technologies,automation,automation,17,automation,ontinue to invest in prioritise investment in larger and fast- and enabling cryptocurrency deposits automation and artificial intelligence across growing markets. and withdrawals for seven digital assets. the business to enhance scalabili
011,IG Group Holdings plc,2025,011_ig_group_holdings_plc_annual_report_2025.txt,"Fairness, bias and ethics",bias,bias,117,bias,"of the US (tastytrade) CGU involves a  Assessed whether judgements made in deriving the assumptions gave rise to indicators of possible management bias. significant degree of judgement and the estimation uncertainty is high. As part of our risk assessment procedures, we also assessed the Representations were obtained from management that assumptions used were their be"
011,IG Group Holdings plc,2025,011_ig_group_holdings_plc_annual_report_2025.txt,"Fairness, bias and ethics",fairness,fairness,23,fairness,"ocess, with data trackedwith our business objectives, ensuring that culture where diverse talent of all throughout to ensure fairness, objectivityinclusion continues to be a lever for growth, backgrounds, identities and experiences and a meritocratic approach tohigh p"
012,CMC Markets plc,2025,012_cmc_markets_plc_annual_report_2025.txt,AI and related technologies,artificial intelligence,artificial intelligence,25,artificial intelligence,"os. Operational risks | Risks arising from our people, processes, systems and external service providers Emerging risks We monitor emerging regulatory developments and technological advancements, including the rise of artificial intelligence and broader digital disruption. These trends have the potential to reshape how financial services are delivered and consumed. As part of our strategy, we aim to adapt our platforms, processes and product offerings to re"
012,CMC Markets plc,2025,012_cmc_markets_plc_annual_report_2025.txt,AI and related technologies,AI,AI,32,ai,"lity principles ypilla Our ESG strategy rs aligns with several United Ourthree sust ai nabilit Nations Sustainable Development Goals The Board oversees the conduct of our business, shaping"
012,CMC Markets plc,2025,012_cmc_markets_plc_annual_report_2025.txt,AI and related technologies,automation,automation,74,automation,ve close to complete. aligning the value proposition. Lead the automation roll out of the robotics across 75% Project progresses to time with several business Expanding depth and breadth of product offering 75% Project has successfully delivered 3 of 4 defined agreed teams a
012,CMC Markets plc,2025,012_cmc_markets_plc_annual_report_2025.txt,"Fairness, bias and ethics",bias,bias,90,bias,ing whether the judgements made in making accounting estimates are procedures relating to: indicative of a potential bias; and evaluating the business rationale of any significant transactions that are unusual or outside the
013,IntegraFin Holdings plc,2025,013_integrafin_holdings_plc_annual_report_2025.txt,AI and related technologies,artificial intelligence,artificial intelligence,53,Artificial intelligence,"economic environment and consumer behaviour and confidence as well as increasing Time horizon: ongoing the risk of civil unrest and cyber attacks, particularly state sponsored or politically motivated cyber attacks. Artificial intelligence AI is a constantly evolving opportunity and risk for the Group. Key areas of activity have included business Time horizon: ongoing proposition and competitive advantage, day-to-day operations, workforce educatio"
013,IntegraFin Holdings plc,2025,013_integrafin_holdings_plc_annual_report_2025.txt,AI and related technologies,AI,AI,10,AI,heir the adviser platform market to grow at 12% propositions and our overall IHP integrations data and unique access to AI capabilities. per annum from £806 billion at the end of strategy are aligned to these trends.
013,IntegraFin Holdings plc,2025,013_integrafin_holdings_plc_annual_report_2025.txt,AI and related technologies,AI,AI,53,AI,"umer behaviour and confidence as well as increasing Time horizon: ongoing the risk of civil unrest and cyber attacks, particularly state sponsored or politically motivated cyber attacks. Artificial intelligence AI is a constantly evolving opportunity and risk for the Group. Key areas of activity have included business Time horizon: ongoing proposition and competitive advantage, day-to-day operations, workforce education, cyber"
013,IntegraFin Holdings plc,2025,013_integrafin_holdings_plc_annual_report_2025.txt,AI and related technologies,AI,AI,53,AI,"orce education, cyber security, workforce impact, data protection and IP risk as well as many ethical and social implications. In order to harness the benefits of AI whilst effectively managing the associated risks it presents to the Group and society: l our people must be AI informed; AI awareness training is a core part of AI adoption alongside active"
013,IntegraFin Holdings plc,2025,013_integrafin_holdings_plc_annual_report_2025.txt,AI and related technologies,AI,AI,53,AI,"ocial implications. In order to harness the benefits of AI whilst effectively managing the associated risks it presents to the Group and society: l our people must be AI informed; AI awareness training is a core part of AI adoption alongside active monitoring of AI societal, ethical or industry impacts; l adoption happens within a go"
013,IntegraFin Holdings plc,2025,013_integrafin_holdings_plc_annual_report_2025.txt,AI and related technologies,AI,AI,53,AI,"tions. In order to harness the benefits of AI whilst effectively managing the associated risks it presents to the Group and society: l our people must be AI informed; AI awareness training is a core part of AI adoption alongside active monitoring of AI societal, ethical or industry impacts; l adoption happens within a governance fram"
013,IntegraFin Holdings plc,2025,013_integrafin_holdings_plc_annual_report_2025.txt,AI and related technologies,AI,AI,53,AI,"benefits of AI whilst effectively managing the associated risks it presents to the Group and society: l our people must be AI informed; AI awareness training is a core part of AI adoption alongside active monitoring of AI societal, ethical or industry impacts; l adoption happens within a governance framework; l the use"
013,IntegraFin Holdings plc,2025,013_integrafin_holdings_plc_annual_report_2025.txt,AI and related technologies,AI,AI,53,AI,"ated risks it presents to the Group and society: l our people must be AI informed; AI awareness training is a core part of AI adoption alongside active monitoring of AI societal, ethical or industry impacts; l adoption happens within a governance framework; l the use of AI is continuously monitored; and l data gove"
013,IntegraFin Holdings plc,2025,013_integrafin_holdings_plc_annual_report_2025.txt,AI and related technologies,AI,AI,53,AI,"ption alongside active monitoring of AI societal, ethical or industry impacts; l adoption happens within a governance framework; l the use of AI is continuously monitored; and l data governance is a critical practice that supports positive AI outcomes. Blockchain, The prevalence of blockchain, tokenisation and digital asset a"
013,IntegraFin Holdings plc,2025,013_integrafin_holdings_plc_annual_report_2025.txt,AI and related technologies,AI,AI,53,AI,"l adoption happens within a governance framework; l the use of AI is continuously monitored; and l data governance is a critical practice that supports positive AI outcomes. Blockchain, The prevalence of blockchain, tokenisation and digital asset adoption in the financial services industry is gaining tokenisation, and momentum, and beginning to gain traction wit"
013,IntegraFin Holdings plc,2025,013_integrafin_holdings_plc_annual_report_2025.txt,AI and related technologies,automation,automation,72,automation,"t out in last year’s Directors’ is appropriate to retain and reward 30 September and continuing delivery against Remuneration Report and can be found in employees, and remains competitive our automation and integration strategy. the Investor Relations section of our website. and appropriate For the financial"
014,Wise plc,2025,014_wise_plc_annual_report_2025.txt,AI and related technologies,artificial intelligence,artificial intelligence,62,artificial intelligence,"We expect to focus on model risk and the governance of At Wise we recognise that good risk management enables management system. This has significantly improved feedback artificial intelligence, as well as further strengthening our the business to make better decisions, avoid pitfalls, loops between risk controls and risk assessments, and has defences in financial crime where we will uplift"
014,Wise plc,2025,014_wise_plc_annual_report_2025.txt,AI and related technologies,artificial intelligence,artificial intelligence,62,artificial intelligence,"to in GRC tooling, process mapping, risk analytics, report capabilities in both the first and second lines of defence. relevant controls. This will help us in several ways to measure automation, artificial intelligence and Large Language We have made significant new specialist hires within the control effectiveness and reflect improved risk assessments; Model integrations. Risk and Product Compliance teams at both a Gr"
014,Wise plc,2025,014_wise_plc_annual_report_2025.txt,AI and related technologies,artificial intelligence,artificial intelligence,67,artificial intelligence,"and feedback are critical inputs into our design and planning Technological – Emergence of new technology, Resilience; Cyber; Data • Oversight through AI Forum and AI governance action plan like generative artificial intelligence (AI), creates Privacy; Financial Crime; • Additional vendor technology usage controls introduced in due diligence and ongoing monitoring new risks through both industry and threat Operations"
014,Wise plc,2025,014_wise_plc_annual_report_2025.txt,AI and related technologies,AI,AI,21,AI,"service, it should be as easy and frictionless as possible. We have invested in AI, as well as our servicing team, to reduce contact rates; last year bringing the contact rate per active user to around"
014,Wise plc,2025,014_wise_plc_annual_report_2025.txt,AI and related technologies,AI,AI,21,AI,hours. We will continue to invest in improving the service we offer our customers and we are focusing on leveraging AI and automation tools to deliver a better experience and to keep customer money moving around the world
014,Wise plc,2025,014_wise_plc_annual_report_2025.txt,AI and related technologies,AI,AI,23,AI,"the biggest areas of progress in What differentiates Servicing at Wise from How are you using automation and Servicing this year? the competition? AI in Servicing? We are constantly striving towards our ‘instant’ goal, to Our customers are truly global and therefore so is our Today, we process over a million documents a month not make our customers"
014,Wise plc,2025,014_wise_plc_annual_report_2025.txt,AI and related technologies,AI,AI,23,AI,"so is our Today, we process over a million documents a month not make our customers wait more than 1 minute for live service. This means that our customers can expect the using automation and AI, and our single global view of all support, or more than 1 hour for back-office cases, and same level of service no matter where they are. We have the transactions helps us continue to leverage this technolog"
014,Wise plc,2025,014_wise_plc_annual_report_2025.txt,AI and related technologies,AI,AI,23,AI,"ed To get there, we’ve been investing heavily in the latest continuity, which means we’re not reliant on one site or Large Language Model-driven co-pilots for teams in Financial technology, especially AI, alongside our 7,000+ strong country to operate. Crime and Customer Support, to help agents hone their Servicing team of in-house and outsourced agents, to ensure"
014,Wise plc,2025,014_wise_plc_annual_report_2025.txt,AI and related technologies,AI,AI,36,AI,"siness growth, creating out a shared service operating model to centralise processes, an irresistible employee experience to enhance the customer and using AI-driven tools to streamline query resolution and experience, and ensuring our ways of working are optimised improve employee experience globally. We wi"
014,Wise plc,2025,014_wise_plc_annual_report_2025.txt,AI and related technologies,AI,AI,43,AI,"eam to improve the way we identify and manage In FY2025, Wise recruited: risk around our activities and processes related to employees. FY2026.knowledgeThismanagement,model integratesand AI-drivencentralisedtoolsprocesses,to streamlinerobust 43 interns, 73 graduates, We assess and report on people risk on a quarterly basis in query resolution and improve employee experience globally"
014,Wise plc,2025,014_wise_plc_annual_report_2025.txt,AI and related technologies,AI,AI,43,AI,"analyse employee queries in order to identify key pain points. We then built, tested and ran a pilot of an AI-powered bot. This “The Servicing Operations graduate We launched three new benefits platform implementations service aims to resolve employee queries more efficiently and program offers invaluable lear"
014,Wise plc,2025,014_wise_plc_annual_report_2025.txt,AI and related technologies,AI,AI,67,AI,"proposed. Customer experience and feedback are critical inputs into our design and planning Technological – Emergence of new technology, Resilience; Cyber; Data • Oversight through AI Forum and AI governance action plan like generative artificial intelligence (AI), creates Privacy; Financial Crime; • Additional vendor technology usage controls introduced in due diligence and ongoing monito"
014,Wise plc,2025,014_wise_plc_annual_report_2025.txt,AI and related technologies,AI,AI,67,AI,"proposed. Customer experience and feedback are critical inputs into our design and planning Technological – Emergence of new technology, Resilience; Cyber; Data • Oversight through AI Forum and AI governance action plan like generative artificial intelligence (AI), creates Privacy; Financial Crime; • Additional vendor technology usage controls introduced in due diligence and ongoing monitoring new ris"
014,Wise plc,2025,014_wise_plc_annual_report_2025.txt,AI and related technologies,AI,AI,67,AI,"inputs into our design and planning Technological – Emergence of new technology, Resilience; Cyber; Data • Oversight through AI Forum and AI governance action plan like generative artificial intelligence (AI), creates Privacy; Financial Crime; • Additional vendor technology usage controls introduced in due diligence and ongoing monitoring new risks through both industry and threat Operations"
014,Wise plc,2025,014_wise_plc_annual_report_2025.txt,AI and related technologies,AI,AI,68,AI,"to a combination of internal and external factors. prevent customers using our services for financial crimes, such as money • Customer due diligence helps us to know who our customers AI’s growing role will both empower criminals and enhance our laundering, bribery and corruption are and how they utilise our services defences, particularly against identity"
014,Wise plc,2025,014_wise_plc_annual_report_2025.txt,AI and related technologies,AI,AI,69,AI,"s growing, Wise is likely to become a more of users through the improper use or system attacks. If this happens, our comprehensive incident attractive target for cyber attackers. Increasing use of AI to develop disclosure of their personal information. response procedures help us respond at speed. We have a robust highly targeted phishing attacks, bypass detection, and develop"
014,Wise plc,2025,014_wise_plc_annual_report_2025.txt,AI and related technologies,machine learning,machine learning,22,machine learning,"contact rate Proprietary Mastercard 24/7 coverage machine learning and Visa approach to fight financial crime, predict card issuance partnerships treasury money movements and help our customer support teams be more efficient"
014,Wise plc,2025,014_wise_plc_annual_report_2025.txt,AI and related technologies,automation,automation,21,automation,"o invest in improving the service we offer our customers and we are focusing on leveraging AI and automation tools to deliver a better experience and to keep customer money moving around the world. Last year, we"
014,Wise plc,2025,014_wise_plc_annual_report_2025.txt,AI and related technologies,automation,automation,22,automation,"split across 26 sites 3.5 million+ 6 30% transactions per day direct connections to domestic payment rails automation rate (2 more coming in FY2026) (proportion of manual workload automated) 1,000+ cloud-based services powerin"
014,Wise plc,2025,014_wise_plc_annual_report_2025.txt,AI and related technologies,automation,automation,23,automation,"Wise Annual Report and Accounts 2025 21 Q&A with Rohan Basu, Head of Global Operations What have been the biggest areas of progress in What differentiates Servicing at Wise from How are you using automation and Servicing this year? the competition? AI in Servicing? We are constantly striving towards our ‘instant’ goal, to Our customers are truly global"
014,Wise plc,2025,014_wise_plc_annual_report_2025.txt,AI and related technologies,automation,automation,23,automation,"and therefore so is our Today, we process over a million documents a month not make our customers wait more than 1 minute for live service. This means that our customers can expect the using automation and AI, and our single global view of all support, or more than 1 hour for back-office cases, and same level of service no matter where they are. We have the transactions helps us continue to leverage this te"
014,Wise plc,2025,014_wise_plc_annual_report_2025.txt,AI and related technologies,automation,automation,23,automation,"Crime and Customer Support, to help agents hone their Servicing team of in-house and outsourced agents, to ensure precision and efficiency. Our automation rate for manual we can always be there for our customers anywhere in the But beyond that, we also operate in close alignment with workload today is 30% and we keep investing in this space. world. This also a"
014,Wise plc,2025,014_wise_plc_annual_report_2025.txt,AI and related technologies,automation,automation,23,automation,"take customer calls and work queues once a year. behaviour, and run operations even more efficiently. Wisers in our Servicing team have been scaling and improving the service through automation and use of Large How can Servicing act as an enabler for growth? What’s your most important focus area for the Language Models as well as a ‘chat’ function for customers"
014,Wise plc,2025,014_wise_plc_annual_report_2025.txt,AI and related technologies,automation,automation,23,automation,"t is responsible for the issue which has arisen. This year process improvements, including ongoing use of automation. we dropped contact rates per active user from over 8.5% to around 7%. We also estimate the cost of each contact, and"
014,Wise plc,2025,014_wise_plc_annual_report_2025.txt,AI and related technologies,automation,automation,62,automation,"maintained in the GRC We will improve second-line effectiveness through system, and is being enhanced with information from all implementing automation and advanced capabilities Over the past year, we have added significantly to our tests conducted across the three lines of defence linked to in GRC tooling, process mapping, risk analytics, report"
014,Wise plc,2025,014_wise_plc_annual_report_2025.txt,AI and related technologies,automation,automation,62,automation,"fence linked to in GRC tooling, process mapping, risk analytics, report capabilities in both the first and second lines of defence. relevant controls. This will help us in several ways to measure automation, artificial intelligence and Large Language We have made significant new specialist hires within the control effectiveness and reflect improved risk assessments; Model integrations. Risk and Product Comp"
014,Wise plc,2025,014_wise_plc_annual_report_2025.txt,AI and related technologies,large language model,large language model,23,Large Language Model,"ty sites, and strong reduce handling time and costs. During the year we launched To get there, we’ve been investing heavily in the latest continuity, which means we’re not reliant on one site or Large Language Model-driven co-pilots for teams in Financial technology, especially AI, alongside our 7,000+ strong country to operate. Crime and Customer Support, to help agents hone their Ser"
014,Wise plc,2025,014_wise_plc_annual_report_2025.txt,AI and related technologies,large language model,large language model,43,Large Language Model,"ence globally. 5 apprentices linewill continuewith our Enterpriseto build outRiskourManagementglobal peopleFramework,policies andand In FY2025, we developed a Large Language Model to procedures in FY2026. analyse employee queries in order to identify key pain points."
014,Wise plc,2025,014_wise_plc_annual_report_2025.txt,"Fairness, bias and ethics",bias,bias,39,Bias,• Inclusive Ways of Working • Uncovering Unconscious Bias
015,CAB Payments Holdings plc,2025,015_cab_payments_holdings_plc_annual_report_2025.txt,AI and related technologies,artificial intelligence,artificial intelligence,16,artificial intelligence,"authorities to ensure a compliant this, artificial intelligence is transforming the currency crosses with Chinese solution"
015,CAB Payments Holdings plc,2025,015_cab_payments_holdings_plc_annual_report_2025.txt,AI and related technologies,artificial intelligence,artificial intelligence,74,artificial intelligence,"In considering the above, the Board considers the views of all – market view impacted stakeholders whilst acting in the best interests of the – artificial intelligence in industry Company and members as a whole, as set out in the – whistleblowing s172 Statement on pages 56 to 58. – digital currency market evol"
015,CAB Payments Holdings plc,2025,015_cab_payments_holdings_plc_annual_report_2025.txt,AI and related technologies,AI,AI,11,AI,"ategic Report Governance Statements Appendix 9 Chair’s Statement Embarking upon sustainable growth following a year of reset including AI, and diversified our revenue making as we support the executive team in streams. We are now more efficient, resilient delivering our purpose and strategy."
015,CAB Payments Holdings plc,2025,015_cab_payments_holdings_plc_annual_report_2025.txt,AI and related technologies,AI,AI,16,AI,"Renminbi (CNY) to offer more non- as fraud detection, compliance, and ■Invested in AI and automation to USD flexibility to clients customer service, ultimately reducing opti"
015,CAB Payments Holdings plc,2025,015_cab_payments_holdings_plc_annual_report_2025.txt,AI and related technologies,AI,AI,16,AI,"ary 2026 partnerships, digital currency solutions, and AI-driven efficiency. Empowering cross-border growth through unrivalled payment flexibi"
015,CAB Payments Holdings plc,2025,015_cab_payments_holdings_plc_annual_report_2025.txt,AI and related technologies,AI,AI,25,AI,"port our communities. Technology and innovation – including the ■Deliver Responsible Business capacity- responsible adoption of AI – are increasingly building and knowledge-sharing vital to delivering against these priorities. programmes for African Central Bankers,"
015,CAB Payments Holdings plc,2025,015_cab_payments_holdings_plc_annual_report_2025.txt,AI and related technologies,AI,AI,27,AI,including workforce wellbeing and digitalisation and the responsible use of AI. equitable opportunity with environmental We continue to show that responsible
015,CAB Payments Holdings plc,2025,015_cab_payments_holdings_plc_annual_report_2025.txt,AI and related technologies,AI,AI,27,AI,"technology and data solutions, including We champion equality We understand AI-enabled insights, to improve deliveryvalue. By aligning risk management with and invest in our our impact and are quality, tra"
015,CAB Payments Holdings plc,2025,015_cab_payments_holdings_plc_annual_report_2025.txt,AI and related technologies,AI,AI,37,AI,"acceleration more profitable than the last. We're we're more diversified acrosswe create value and where we're investing. matters because it shows momentum. The investing in that now: automation, and AI- The best things about our culture haven't headline is that our growth is relationship enabled processing will reduce costs per products and geographies and changed. We are purpose and client led and d"
015,CAB Payments Holdings plc,2025,015_cab_payments_holdings_plc_annual_report_2025.txt,AI and related technologies,AI,AI,48,AI,"existing control frameworks. incorporated into our principal risk assessments. In particular, advances in Internal control environmentartificial intelligence (AI) and other emerging technologies have the potential to reshape Embedded within our risk management our competitive position, workforce, and processes are the internal controls operational model. While these"
015,CAB Payments Holdings plc,2025,015_cab_payments_holdings_plc_annual_report_2025.txt,AI and related technologies,AI,AI,48,AI,"limited to financial reporting, commercial,To ensure an informed and coordinated operational and risk and complianceapproach, we have established an AI activities. The control framework includesWorking Group comprising senior leaders risk assessment, control"
015,CAB Payments Holdings plc,2025,015_cab_payments_holdings_plc_annual_report_2025.txt,AI and related technologies,AI,AI,48,AI,"to achieve compliance associated risks, and advising on with the material controls related elements opportunities for their safe and effective use. of the revised UK Corporate Governance In addition, our AI Policy, introduced during Code for our financial year commencing the financial year, provides a framework for 1 January 2026. This will require the Board the responsible adoption of AI across the to include"
015,CAB Payments Holdings plc,2025,015_cab_payments_holdings_plc_annual_report_2025.txt,AI and related technologies,AI,AI,48,AI,"Governance In addition, our AI Policy, introduced during Code for our financial year commencing the financial year, provides a framework for 1 January 2026. This will require the Board the responsible adoption of AI across the to include a declaration in the annual report Group. explaining how it has monitored and reviewed the effectiveness of th"
015,CAB Payments Holdings plc,2025,015_cab_payments_holdings_plc_annual_report_2025.txt,AI and related technologies,AI,AI,73,AI,"ational ■Board composition model. Board members consider there to have been strengths and determining modifications There has been good progress over the ■Monitor investment in AI and automation good progress on the areas of focus that would further improve its fulfilment of year to increase the Board’s diversity, to support developments into digital identified at the"
015,CAB Payments Holdings plc,2025,015_cab_payments_holdings_plc_annual_report_2025.txt,AI and related technologies,AI,AI,74,AI,"ement and external presentations covering critical actions arising from the employee engagement survey. areas such as geographic expansion, cyber security enhancements, technology infrastructure and AI implementation. Risk and compliance Governance and investor relations Key to Strategy lll"
015,CAB Payments Holdings plc,2025,015_cab_payments_holdings_plc_annual_report_2025.txt,AI and related technologies,machine learning,machine learning,50,machine learning,"g upgrades in 2024, Phase 2 enhancements were delivered in 2025, within CAB’s portfolio and Financial Institutions remain the largest segment introducing machine learning capabilities and improved alert handling. Additional of CAB’s Client portfolio. upgrades to sanctions screen"
015,CAB Payments Holdings plc,2025,015_cab_payments_holdings_plc_annual_report_2025.txt,AI and related technologies,automation,automation,16,automation,"Renminbi (CNY) to offer more non- as fraud detection, compliance, and ■Invested in AI and automation to USD flexibility to clients customer service, ultimately reducing optimise processing"
015,CAB Payments Holdings plc,2025,015_cab_payments_holdings_plc_annual_report_2025.txt,AI and related technologies,automation,automation,37,automation,"the first. That acceleration more profitable than the last. We're we're more diversified acrosswe create value and where we're investing. matters because it shows momentum. The investing in that now: automation, and AI- The best things about our culture haven't headline is that our growth is relationship enabled processing will reduce costs per products and geographies and changed. We are purpose and client led"
015,CAB Payments Holdings plc,2025,015_cab_payments_holdings_plc_annual_report_2025.txt,AI and related technologies,automation,automation,43,automation,over time. We expect additional investment in stood at £129.3m (2024: £116.0m) an increase of 12% retaining a £41.1m surplus above the client-facing teams and network to be partially offset by efficiency gains from automation Overall Capital Requirement. and process improvements. Liquidity metrics remain strong with both LCR and NSFR well above regulatory minimums at The Group expects Capi
015,CAB Payments Holdings plc,2025,015_cab_payments_holdings_plc_annual_report_2025.txt,AI and related technologies,automation,automation,51,automation,"ing hybrid-working and competitive employee benefits. frequently to ensure staffing levels reflect the size and complexity of the ■Process and control automation is proactively considered across the Group, Group. acknowledging that not all processes can be aut"
015,CAB Payments Holdings plc,2025,015_cab_payments_holdings_plc_annual_report_2025.txt,AI and related technologies,automation,automation,73,automation,"■Board composition model. Board members consider there to have been strengths and determining modifications There has been good progress over the ■Monitor investment in AI and automation good progress on the areas of focus that would further improve its fulfilment of year to increase the Board’s diversity, to support developments into digital identified at the start of 2025:"
015,CAB Payments Holdings plc,2025,015_cab_payments_holdings_plc_annual_report_2025.txt,AI and related technologies,automation,automation,146,automation,"8,350 7,599 The monthly average number of full-time equivalent staff employed within the Group, Process automation costs (see Note 32 B(ii)(a)) 2,484 2,115 including Executive Directors, was 362 (2024: 378) and the number of employees at year Professional fees"
015,CAB Payments Holdings plc,2025,015_cab_payments_holdings_plc_annual_report_2025.txt,AI and related technologies,automation,automation,171,automation,"into a one-year contract to assist with the ongoing NICs) 8,344 4,393 automation of manual processes. The following payments are due under the contract: Post-employment benefits 65 141 Share-based payments 365"
015,CAB Payments Holdings plc,2025,015_cab_payments_holdings_plc_annual_report_2025.txt,"Fairness, bias and ethics",bias,bias,124,bias,"he financial statements (including the risk of override of controls), and determined that the principal risks were related to posting inappropriate journal entries in relation to revenue and cost targets, and management bias in accounting estimates. Audit Other required reporting procedures performed by the engagement team included: Companies Act 2006 exception reporting ■"
015,CAB Payments Holdings plc,2025,015_cab_payments_holdings_plc_annual_report_2025.txt,"Fairness, bias and ethics",bias,bias,124,bias,xceptions to report arising from this responsibility. combinations; and ■Challenging significant assumptions and judgements made by management in its Appointment accounting estimates and assessing them for bias. We were first appointed by the Company for the financial year ended 31 December 2025. There are inherent limitations in the audit procedures described above. We are
015,CAB Payments Holdings plc,2025,015_cab_payments_holdings_plc_annual_report_2025.txt,"Fairness, bias and ethics",fairness,fairness,25,fairness,"ty must At the same time, they demand robust Looking to 2026, our efforts will remain drive innovation, value creation, and trust. governance to ensure fairness, focused on embedding sustainability deeper The Responsible Business Board Sub- transparency, and protection of people’s into governance and strategic"
015,CAB Payments Holdings plc,2025,015_cab_payments_holdings_plc_annual_report_2025.txt,"Fairness, bias and ethics",fairness,fairness,94,fairness,"and post- key consideration of the Remuneration Directors; Remuneration Committee will engage employment shareholding requirements. Committee will be on fairness and the ■the importance of attracting, retaining, regularly with the Company’s largest ■Predictability – certain elements of the remuneration outcomes across the and motivating high-calibre Exe"
015,CAB Payments Holdings plc,2025,015_cab_payments_holdings_plc_annual_report_2025.txt,"Fairness, bias and ethics",fairness,fairness,112,fairness,"he unique contributions of its diverse workforce, fostering a culture of openness, mutual respect, and collaboration. The Group prioritises equal opportunities, ensuring fairness and inclusivity in all aspects of employment with policies prohibiting discrimination based on various factors, including race, gender, disability, and age. Equal oppo"
016,Funding Circle Holdings plc,2025,016_funding_circle_holdings_plc_annual_report_2025.txt,AI and related technologies,artificial intelligence,artificial intelligence,59,Artificial intelligence,"ats: the dual nature of AI environment. By maintaining a disciplined and cybersecurity approach to risk while responsibly risk landscape of 2026.” Artificial intelligence is reshaping financial embracing innovation, we will support services. For us, AI is a powerful lever UK SMEs through the cycle and create"
016,Funding Circle Holdings plc,2025,016_funding_circle_holdings_plc_annual_report_2025.txt,AI and related technologies,artificial intelligence,artificial intelligence,63,artificial intelligence,"ness. Risk appetite We will make efficient use of our available resources to build a sustainable, diversified and profitable business that can successfully adapt to environment and technological changes (in particular artificial intelligence (‘‘AI’’)), and respond adequately to competition pressures. Risk(s) and potential impact Key risk considerations and mitigation actions Strategy execution Risk that we are unable to effectively"
016,Funding Circle Holdings plc,2025,016_funding_circle_holdings_plc_annual_report_2025.txt,AI and related technologies,AI,AI,4,AI,"Our product suite enables businesses to borrow, pay businesses with the funding they need by later and spend. Enabled by our proprietary data and leveraging our technology and data to deliver AI-powered technology, we provide SMEs with the a superior customer experience. With a large right product at the right time to support them through and underserved market, we are proud of every s"
016,Funding Circle Holdings plc,2025,016_funding_circle_holdings_plc_annual_report_2025.txt,AI and related technologies,AI,AI,8,AI,"like to extend my sincere gratitude to my Group’s most significant competitive predecessor, Andrew Learoyd. Having advantage. By leveraging AI-powered risk served on the Board since the Company models trained on 15 years of unique data was founded, Andrew’s leadership was sets, w"
016,Funding Circle Holdings plc,2025,016_funding_circle_holdings_plc_annual_report_2025.txt,AI and related technologies,AI,AI,8,AI,"erm profitability. In 2025, the Board’s oversight focused multi-product platform on ensuring that the Group successfully Our ongoing investment in Generative AI (“Gen AI”) applications is enhancing our secures Funding Circle’s transitioned from its 2024 reset into a ability to sca"
016,Funding Circle Holdings plc,2025,016_funding_circle_holdings_plc_annual_report_2025.txt,AI and related technologies,AI,AI,8,AI,oversight focused multi-product platform on ensuring that the Group successfully Our ongoing investment in Generative AI (“Gen AI”) applications is enhancing our secures Funding Circle’s transitioned from its 2024 reset into a ability to scale efficiently while maintaining
016,Funding Circle Holdings plc,2025,016_funding_circle_holdings_plc_annual_report_2025.txt,AI and related technologies,AI,AI,8,AI,"Following the successful execution of Committee, management steering groups, our 2024 plan to become a simpler, and internal audits of Gen AI controls. leaner, UK-focused business, we are now Monitoring the risks associated with this realising the full benefits"
016,Funding Circle Holdings plc,2025,016_funding_circle_holdings_plc_annual_report_2025.txt,AI and related technologies,AI,AI,10,AI,evidenced by our ability to deliver stays at the forefront of the Gen robust returns to our platform AI developments? investors even through challenging As we transition to becoming an
016,Funding Circle Holdings plc,2025,016_funding_circle_holdings_plc_annual_report_2025.txt,AI and related technologies,AI,AI,10,AI,"As we transition to becoming an macroeconomic cycles. AQ&A AI-native business in 2026 and Ken discusses 2025’s Q Shareholders are keen to beyond, the Board’s role will focus on understand your approach to"
016,Funding Circle Holdings plc,2025,016_funding_circle_holdings_plc_annual_report_2025.txt,AI and related technologies,AI,AI,10,AI,"ementation and record profitability, the capital allocation. Why did you governance. We are already utilising evolution of our multi- prioritise buybacks in 2025? Gen AI to improve productivity, The Board continuously assesses how and enhance customer experience, product"
016,Funding Circle Holdings plc,2025,016_funding_circle_holdings_plc_annual_report_2025.txt,AI and related technologies,AI,AI,10,AI,"must ensure that as we deepen the You joined Funding Circle at a value and its cash-generative profile. ​ Q use of AI, we also, in parallel, enhance pivotal moment. What was it about With unrestricted cash at healthy levels the rig"
016,Funding Circle Holdings plc,2025,016_funding_circle_holdings_plc_annual_report_2025.txt,AI and related technologies,AI,AI,10,AI,"ure in our own business is an efficient use infrastructure built to achieve it. We the entire team is AI fluent, and we are of funds. With our Term Loans business exist to help small businesses get the equally fo"
016,Funding Circle Holdings plc,2025,016_funding_circle_holdings_plc_annual_report_2025.txt,AI and related technologies,AI,AI,10,AI,"business model more resilient. frictionless experience for SMEs, we maintain a ‘human in the loop’ policy. This ensures that while we leverage AI to enhance decision quality and effectiveness, we retain the judgement necessary to navigate complex credit environments with a team of experienced underwriting experts. To maintain this b"
016,Funding Circle Holdings plc,2025,016_funding_circle_holdings_plc_annual_report_2025.txt,AI and related technologies,AI,AI,10,AI,"and effectiveness, we retain the judgement necessary to navigate complex credit environments with a team of experienced underwriting experts. To maintain this balance, we have embedded Gen AI risk management into our Enterprise Risk Management (“ERM”) framework and established structural oversight through a Gen AI steering committee (see page 58 for further information). 08"
016,Funding Circle Holdings plc,2025,016_funding_circle_holdings_plc_annual_report_2025.txt,AI and related technologies,AI,AI,10,AI,"ing experts. To maintain this balance, we have embedded Gen AI risk management into our Enterprise Risk Management (“ERM”) framework and established structural oversight through a Gen AI steering committee (see page 58 for further information). 08 Funding Circle Holdings plc | Annual Report and Accounts 2025"
016,Funding Circle Holdings plc,2025,016_funding_circle_holdings_plc_annual_report_2025.txt,AI and related technologies,AI,AI,13,AI,"technology, which delivers a competitive distribution channels and product sets, continuing to become our customers’ advantage. Our AI-powered risk models we are broadening the range of trusted financial partner. We enter 2026 are trained with our propriet"
016,Funding Circle Holdings plc,2025,016_funding_circle_holdings_plc_annual_report_2025.txt,AI and related technologies,AI,AI,13,AI,"financing, to fuel even more SME success distribution channels, and our new We continue to invest in our technology stories across the UK. partnership with TNT Sports, building and data stack. Gen AI forms part of this as on our existing partnership with we evolve into an AI-native organisation. Lisa Jacobs Gallagher PREM Ru"
016,Funding Circle Holdings plc,2025,016_funding_circle_holdings_plc_annual_report_2025.txt,AI and related technologies,AI,AI,13,AI,"We continue to invest in our technology stories across the UK. partnership with TNT Sports, building and data stack. Gen AI forms part of this as on our existing partnership with we evolve into an AI-native organisation. Lisa Jacobs Gallagher PREM Rugby, will also We are leveraging AI to improve customer"
016,Funding Circle Holdings plc,2025,016_funding_circle_holdings_plc_annual_report_2025.txt,AI and related technologies,AI,AI,13,AI,"ing partnership with we evolve into an AI-native organisation. Lisa Jacobs Gallagher PREM Rugby, will also We are leveraging AI to improve customer Chief Executive Officer put Funding Circle in front of new experience and productivity, from better"
016,Funding Circle Holdings plc,2025,016_funding_circle_holdings_plc_annual_report_2025.txt,AI and related technologies,AI,AI,13,AI,"omers faster, to speeding up3. Scale our product offering: We are product development. We are deploying driving our newer products, FlexiPay Gen AI thoughtfully and safely with a and Cashback card, towards scale and ‘human in the loop’ approach. profitability. We have made good progress building out product features"
016,Funding Circle Holdings plc,2025,016_funding_circle_holdings_plc_annual_report_2025.txt,AI and related technologies,AI,AI,17,AI,"INANCIALFINANCIAL STATEMENTSSTATEMENTS How we delivered in 2025 1 2 Get to ‘Yes’ Expand our audience When our customers win, we win. Our AI-powered risk models sit We are actively broadening our reach to become the first choice at the heart of our platform, enabling 73% of applicants to receive for all UK small businesses. Alongside expanded product sets"
016,Funding Circle Holdings plc,2025,016_funding_circle_holdings_plc_annual_report_2025.txt,AI and related technologies,AI,AI,17,AI,"industry-leading 79. toolkit indispensable for daily operations. We also enabled customers to draw down funds directly to bank accounts. We’re also investing in building Gen AI applications across As a result, transactions on our newer products, FlexiPay the business to enhance customer experience and improve and Cashback card increased 66% this year, with cumulative efficienc"
016,Funding Circle Holdings plc,2025,016_funding_circle_holdings_plc_annual_report_2025.txt,AI and related technologies,AI,AI,17,AI,"our newer products, FlexiPay the business to enhance customer experience and improve and Cashback card increased 66% this year, with cumulative efficiency. In our customer interactions, we’re using Gen AI spending surpassing £1.6 billion. applications for sentiment analysis and to provide tailored customer insights. We’re also usin"
016,Funding Circle Holdings plc,2025,016_funding_circle_holdings_plc_annual_report_2025.txt,AI and related technologies,AI,AI,17,AI,g surpassing £1.6 billion. applications for sentiment analysis and to provide tailored customer insights. We’re also using a Gen AI-powered coaching tool to enable our Account Managers to better serve customers. >£1.6bn 38 79 FlexiPay and Cashback card transactions to
016,Funding Circle Holdings plc,2025,016_funding_circle_holdings_plc_annual_report_2025.txt,AI and related technologies,AI,AI,24,AI,"ape. We enter Chief Technology Officer the next frontier of efficiency: becoming this year with a platform that is smarter, an AI-native organisation. We are moving scalable, and secure, ready to power beyond Gen AI experimentation to strategic our next phase of profitable growth."
016,Funding Circle Holdings plc,2025,016_funding_circle_holdings_plc_annual_report_2025.txt,AI and related technologies,AI,AI,24,AI,"ing this year with a platform that is smarter, an AI-native organisation. We are moving scalable, and secure, ready to power beyond Gen AI experimentation to strategic our next phase of profitable growth. transformation, deploying this evolving Delivering a superior customer experience Friction"
016,Funding Circle Holdings plc,2025,016_funding_circle_holdings_plc_annual_report_2025.txt,AI and related technologies,AI,AI,24,AI,"receiving an instant decision, delivering manage their finances effortlessly on the go. certainty when it matters most. Flexible modular architecture Gen AI-powered service Our flexible modular architecture enables the We use Gen AI to work more efficiently, drive rapid launch of new products. This modular"
016,Funding Circle Holdings plc,2025,016_funding_circle_holdings_plc_annual_report_2025.txt,AI and related technologies,AI,AI,24,AI,"go. certainty when it matters most. Flexible modular architecture Gen AI-powered service Our flexible modular architecture enables the We use Gen AI to work more efficiently, drive rapid launch of new products. This modular operational leverage through automation, and design was key to the successful rollout"
016,Funding Circle Holdings plc,2025,016_funding_circle_holdings_plc_annual_report_2025.txt,AI and related technologies,AI,AI,25,AI,"ERNANCE FINANCIAL STATEMENTS Customer Insights tool Having the right data at our fingertips allows us to provide a seamless customer experience. In 2025, we launched the Customer Insights tool, a proprietary, Gen AI-powered tool that synthesises data from across our entire ecosystem into a single, digital view of every SME. By surfacing rich, contextual insights instantly, the tool empowers our customer-facing teams to gain a deepe"
016,Funding Circle Holdings plc,2025,016_funding_circle_holdings_plc_annual_report_2025.txt,AI and related technologies,AI,AI,26,AI,"Technology and data continued STRATEGIC REPORT CORPORATE GOVERNANCE FINANCIAL STATEMENTS The future of data and AI Unlocking value through data, AI, and credit risk expertise. The data advantage: AI as a multiplier: 3x better risk discrimination 2026 and beyond Our credit risk expertise remains our"
016,Funding Circle Holdings plc,2025,016_funding_circle_holdings_plc_annual_report_2025.txt,AI and related technologies,AI,AI,26,AI,"Technology and data continued STRATEGIC REPORT CORPORATE GOVERNANCE FINANCIAL STATEMENTS The future of data and AI Unlocking value through data, AI, and credit risk expertise. The data advantage: AI as a multiplier: 3x better risk discrimination 2026 and beyond Our credit risk expertise remains our In 2025, we established t"
016,Funding Circle Holdings plc,2025,016_funding_circle_holdings_plc_annual_report_2025.txt,AI and related technologies,AI,AI,26,AI,"continued STRATEGIC REPORT CORPORATE GOVERNANCE FINANCIAL STATEMENTS The future of data and AI Unlocking value through data, AI, and credit risk expertise. The data advantage: AI as a multiplier: 3x better risk discrimination 2026 and beyond Our credit risk expertise remains our In 2025, we established the technical and 10bndefining competitive edge. Our propr"
016,Funding Circle Holdings plc,2025,016_funding_circle_holdings_plc_annual_report_2025.txt,AI and related technologies,AI,AI,26,AI,"10bndefining competitive edge. Our proprietary governance frameworks for the use of Gen SME data pointsmodels deliver 3x greater predictive power AI. Now, we are expanding its application in distinguishing between high and low to transform the business. We are building risk borrowers compared to traditional an AI-native culture where Gen AI credit bureau"
016,Funding Circle Holdings plc,2025,016_funding_circle_holdings_plc_annual_report_2025.txt,AI and related technologies,AI,AI,26,AI,"dels deliver 3x greater predictive power AI. Now, we are expanding its application in distinguishing between high and low to transform the business. We are building risk borrowers compared to traditional an AI-native culture where Gen AI credit bureau benchmarks. This superior supports our engineering, commercial andrisk discrimination allows us to price risk operational teams. By using third party 3x more accurately a"
016,Funding Circle Holdings plc,2025,016_funding_circle_holdings_plc_annual_report_2025.txt,AI and related technologies,AI,AI,26,AI,"ictive power AI. Now, we are expanding its application in distinguishing between high and low to transform the business. We are building risk borrowers compared to traditional an AI-native culture where Gen AI credit bureau benchmarks. This superior supports our engineering, commercial andrisk discrimination allows us to price risk operational teams. By using third party 3x more accurately and serve customers sof"
016,Funding Circle Holdings plc,2025,016_funding_circle_holdings_plc_annual_report_2025.txt,AI and related technologies,AI,AI,26,AI,"the cutting edge of SME volatile environments. finance. In the Collections and Recoveries team, to take ownership of their professional Gen AI has our priority is to support customers development while ensuring the highest through challenging times with empathy. standards for our customers. redefi"
016,Funding Circle Holdings plc,2025,016_funding_circle_holdings_plc_annual_report_2025.txt,AI and related technologies,AI,AI,26,AI,"becoming the blueprint for a suite of customer experience. tailored AI tools designed to elevate To solve this, we developed and performance and consistency across launched ‘Hannah Call Coach’, a Gen"
016,Funding Circle Holdings plc,2025,016_funding_circle_holdings_plc_annual_report_2025.txt,AI and related technologies,AI,AI,26,AI,"e developed and performance and consistency across launched ‘Hannah Call Coach’, a Gen all our customer-facing functions. AI-driven solution that automatically analyses calls for procedural adherence and effective problem-solving. This"
016,Funding Circle Holdings plc,2025,016_funding_circle_holdings_plc_annual_report_2025.txt,AI and related technologies,AI,AI,26,AI,"ata feeds directly into a bespoke call dashboard, shifting the focus from retrospective auditing to proactive Integration of Gen AI into self-coaching. our call quality monitoring The tool has significantly streamlined"
016,Funding Circle Holdings plc,2025,016_funding_circle_holdings_plc_annual_report_2025.txt,AI and related technologies,AI,AI,28,AI,"ext chapter. in 2024, 2025 has been defined by the collective commitment to our Central to this vision is our transformation resilience and renewed energy of our #ObsessOverTheCustomer value into an AI-native company. We are investing Circlers. We have transitioned from a phase which remains exceptionally high at in the growth of every Circler to ensure of change into a high performance culture 80%, signa"
016,Funding Circle Holdings plc,2025,016_funding_circle_holdings_plc_annual_report_2025.txt,AI and related technologies,AI,AI,28,AI,"phase which remains exceptionally high at in the growth of every Circler to ensure of change into a high performance culture 80%, signalling that Circlers are not just they can capitalise on the potential of AI, that is now fully ‘on a mission’ to drive our engaged with their work, but are creating a more productive, rewarding next chapter as an AI-native leader. invested in the impact we have on the w"
016,Funding Circle Holdings plc,2025,016_funding_circle_holdings_plc_annual_report_2025.txt,AI and related technologies,AI,AI,28,AI,"Circlers are not just they can capitalise on the potential of AI, that is now fully ‘on a mission’ to drive our engaged with their work, but are creating a more productive, rewarding next chapter as an AI-native leader. invested in the impact we have on the work environment and a superior businesses we serve. experience for our customers. The People Pact: ‘On"
016,Funding Circle Holdings plc,2025,016_funding_circle_holdings_plc_annual_report_2025.txt,AI and related technologies,AI,AI,29,AI,"We used this event to launch our refreshed expert ‘spotlights’ to external specialists, the Learning and development People Pact, ensuring every Circler week covered everything from technical AI understands how their growth drives fluency to physical and mental wellbeing, all our mission to back small businesses. designe"
016,Funding Circle Holdings plc,2025,016_funding_circle_holdings_plc_annual_report_2025.txt,AI and related technologies,AI,AI,29,AI,"align our Circler-led groups, and an exploration l Scale: Over 500 Circlers engagedon strategy, build connections, and fuel of how Gen AI will empower us to work in the sessions, and proactivelyour shared mission. In 2025, the event smarter, deliver more for our customers invested in their develop"
016,Funding Circle Holdings plc,2025,016_funding_circle_holdings_plc_annual_report_2025.txt,AI and related technologies,AI,AI,29,AI,"tomers invested in their development.was a celebration of our heritage and a and #MakeItHappen. l Sentiment: The week achievedbold look towards our future as an AI-native business. The momentum continued into Growth really positive feedback, reflecting Week, a dedicated series of development our Circlers’ engagem"
016,Funding Circle Holdings plc,2025,016_funding_circle_holdings_plc_annual_report_2025.txt,AI and related technologies,AI,AI,29,AI,"cated series of development our Circlers’ engagement in continuous activities launched in October. From internal learning and high performance culture. AI fluency By equipping our workforce with the l Enhanced innovation: By skills to navigate an AI-augmented automating routine tasks, w"
016,Funding Circle Holdings plc,2025,016_funding_circle_holdings_plc_annual_report_2025.txt,AI and related technologies,AI,AI,29,AI,"learning and high performance culture. AI fluency By equipping our workforce with the l Enhanced innovation: By skills to navigate an AI-augmented automating routine tasks, we free up Our vision is to become an AI-native landscape, we are directly improving our Circlers to focus on our mission"
016,Funding Circle Holdings plc,2025,016_funding_circle_holdings_plc_annual_report_2025.txt,AI and related technologies,AI,AI,29,AI,"our workforce with the l Enhanced innovation: By skills to navigate an AI-augmented automating routine tasks, we free up Our vision is to become an AI-native landscape, we are directly improving our Circlers to focus on our mission company to drive growth, create a how we support small bu"
016,Funding Circle Holdings plc,2025,016_funding_circle_holdings_plc_annual_report_2025.txt,AI and related technologies,AI,AI,29,AI,"to make our work more productive l Faster decisions for SMEs: to thrive. and rewarding for every Circler. For AI-enhanced productivity allows us to Funding Circle, being AI-native is not process information more efficiently, Through our AI learning and development an ambition to automate every process; leadin"
016,Funding Circle Holdings plc,2025,016_funding_circle_holdings_plc_annual_report_2025.txt,AI and related technologies,AI,AI,29,AI,": to thrive. and rewarding for every Circler. For AI-enhanced productivity allows us to Funding Circle, being AI-native is not process information more efficiently, Through our AI learning and development an ambition to automate every process; leading to quicker funding decisions programme, we are ensuring tha"
016,Funding Circle Holdings plc,2025,016_funding_circle_holdings_plc_annual_report_2025.txt,AI and related technologies,AI,AI,29,AI,"to thrive. and rewarding for every Circler. For AI-enhanced productivity allows us to Funding Circle, being AI-native is not process information more efficiently, Through our AI learning and development an ambition to automate every process; leading to quicker funding decisions programme, we are ensuring that rather, it represents a strategic maturity for the businesses t"
016,Funding Circle Holdings plc,2025,016_funding_circle_holdings_plc_annual_report_2025.txt,AI and related technologies,AI,AI,29,AI,"mate every process; leading to quicker funding decisions programme, we are ensuring that rather, it represents a strategic maturity for the businesses that rely on us. every Circler is not just ‘AI-ready’ but is where we #ThinkSmart to know when empowered to use these tools to better l Personalised support: AI fluency and how to leverage Gen AI"
016,Funding Circle Holdings plc,2025,016_funding_circle_holdings_plc_annual_report_2025.txt,AI and related technologies,AI,AI,29,AI,us. every Circler is not just ‘AI-ready’ but is where we #ThinkSmart to know when empowered to use these tools to better l Personalised support: AI fluency and how to leverage Gen AI to solve #ObsessOverTheCustomer every day. enables Circlers to use data-driven complex problems a
016,Funding Circle Holdings plc,2025,016_funding_circle_holdings_plc_annual_report_2025.txt,AI and related technologies,AI,AI,29,AI,AI-ready’ but is where we #ThinkSmart to know when empowered to use these tools to better l Personalised support: AI fluency and how to leverage Gen AI to solve #ObsessOverTheCustomer every day. enables Circlers to use data-driven complex problems and deliver tangible
016,Funding Circle Holdings plc,2025,016_funding_circle_holdings_plc_annual_report_2025.txt,AI and related technologies,AI,AI,35,AI,"to transition to greener Operational: l reducing or compensating technologies. l Compliance with more onerous for AI use; or Reputation: climate data, reporting or other Short– l suppliers passing on climate-related climate regulation or taxes could medium"
016,Funding Circle Holdings plc,2025,016_funding_circle_holdings_plc_annual_report_2025.txt,AI and related technologies,AI,AI,47,AI,"r experience. l We delivered a specially designed broker events. Gen AI event for our borrowers,l Promotion of our SME customers l Email updates to communicate new inviting business owners to our through video case studies across"
016,Funding Circle Holdings plc,2025,016_funding_circle_holdings_plc_annual_report_2025.txt,AI and related technologies,AI,AI,47,AI,"uct launches, the latest on offices to help equip them with marketing channels, including featuring government schemes, new features the tools they need to use Gen AI borrowers in our TV campaign across and service improvements for existing within their business. TNT Sports for the first time. customers"
016,Funding Circle Holdings plc,2025,016_funding_circle_holdings_plc_annual_report_2025.txt,AI and related technologies,AI,AI,48,AI,"daily Just Eat lunch offering and an opportunity to reinforce our values barista-made coffee, amongst others. and culture by bringing everyone l Empowering Circlers with structured AI together as ‘one team’. literacy programmes, equipping every l Meetings between Helen Beck, our team member with the skills to shape Workforce Engagement Non‑Ex"
016,Funding Circle Holdings plc,2025,016_funding_circle_holdings_plc_annual_report_2025.txt,AI and related technologies,AI,AI,48,AI,"eetings between Helen Beck, our team member with the skills to shape Workforce Engagement Non‑Executive their development and the future of the Director, and employee groups, business by becoming AI fluent. with subsequent feedback loops to the Board. Outcomes of engagement l Continued to embed our value, ‘obsessl Six Circler‑led groups (Women@FC,"
016,Funding Circle Holdings plc,2025,016_funding_circle_holdings_plc_annual_report_2025.txt,AI and related technologies,AI,AI,59,AI,"ud to sharper complex recovery competitive pressure. To address this, 2025 was a year of delivery. We we have embedded AI oversight directly executed our strategic pivot successfully, into our Enterprise Risk Management establishing Funding Circle as a"
016,Funding Circle Holdings plc,2025,016_funding_circle_holdings_plc_annual_report_2025.txt,AI and related technologies,AI,AI,59,AI,"at covers governance over these emerging risks. the full spectrum of UK SME needs: The intersection of AI and cybersecurity borrowing, paying, and spending. is now a focal po"
016,Funding Circle Holdings plc,2025,016_funding_circle_holdings_plc_annual_report_2025.txt,AI and related technologies,AI,AI,59,AI,"is now a focal point of our risk strategy. We managed this transformation We know AI can amplify threat capabilities, during a time of volatile economic especially in social engineering and recovery where lingerin"
016,Funding Circle Holdings plc,2025,016_funding_circle_holdings_plc_annual_report_2025.txt,AI and related technologies,AI,AI,59,AI,"underwriting remains as critical as ever. We are well equipped to navigate this. with the opportunities We monitor our portfolios closely to Our diversified funding, rigorous control presented by AI, we ensure our credit appetite stays aligned frameworks, and deep credit expertise with economic reality. provide a resilient foundation for a"
016,Funding Circle Holdings plc,2025,016_funding_circle_holdings_plc_annual_report_2025.txt,AI and related technologies,AI,AI,59,AI,undation for a stable are well positioned to risk outlook amidst a fast-evolving navigate the evolving Evolving threats: the dual nature of AI environment. By maintaining a disciplined and cybersecurity approach to risk while responsibly risk landscape of 2026.” Artificial intelligence is
016,Funding Circle Holdings plc,2025,016_funding_circle_holdings_plc_annual_report_2025.txt,AI and related technologies,AI,AI,59,AI,"proach to risk while responsibly risk landscape of 2026.” Artificial intelligence is reshaping financial embracing innovation, we will support services. For us, AI is a powerful lever UK SMEs through the cycle and create for efficiency, distribution, and better sustainable, long-term value."
016,Funding Circle Holdings plc,2025,016_funding_circle_holdings_plc_annual_report_2025.txt,AI and related technologies,AI,AI,63,AI,"ll make efficient use of our available resources to build a sustainable, diversified and profitable business that can successfully adapt to environment and technological changes (in particular artificial intelligence (‘‘AI’’)), and respond adequately to competition pressures. Risk(s) and potential impact Key risk considerations and mitigation actions Strategy execution Risk that we are unable to effectively Macroe"
016,Funding Circle Holdings plc,2025,016_funding_circle_holdings_plc_annual_report_2025.txt,AI and related technologies,AI,AI,63,AI,"nually, the Board has oversight of strategic risk and approves strategic business plans. The risk trend over the year Rapid advances in Gen AI technology and usage are both a risk and an opportunity. By embedding a Gen AI strategy into our business operations and upskilling all employees in AI"
016,Funding Circle Holdings plc,2025,016_funding_circle_holdings_plc_annual_report_2025.txt,AI and related technologies,AI,AI,63,AI,"plans. The risk trend over the year Rapid advances in Gen AI technology and usage are both a risk and an opportunity. By embedding a Gen AI strategy into our business operations and upskilling all employees in AI fluency, we prepare ourselves for the opportunities and manage the evolv"
016,Funding Circle Holdings plc,2025,016_funding_circle_holdings_plc_annual_report_2025.txt,AI and related technologies,AI,AI,63,AI,"AI technology and usage are both a risk and an opportunity. By embedding a Gen AI strategy into our business operations and upskilling all employees in AI fluency, we prepare ourselves for the opportunities and manage the evolving challenges brought by Gen AI. Environmental, social and governance risk Environment, social and/or go"
016,Funding Circle Holdings plc,2025,016_funding_circle_holdings_plc_annual_report_2025.txt,AI and related technologies,AI,AI,63,AI,"erations and upskilling all employees in AI fluency, we prepare ourselves for the opportunities and manage the evolving challenges brought by Gen AI. Environmental, social and governance risk Environment, social and/or governance We have further integrated climate-related risks into the ERMF, having approved the events or circumstances could cause Climate Risk"
016,Funding Circle Holdings plc,2025,016_funding_circle_holdings_plc_annual_report_2025.txt,AI and related technologies,AI,AI,65,AI,nue to focus on governance and controls and train all employees in such matters relevant to their role; and l we recognise that the adoption of Gen AI creates potential risks to ethical business practices and compliance with certain legal and regulatory regimes and we established governa
016,Funding Circle Holdings plc,2025,016_funding_circle_holdings_plc_annual_report_2025.txt,AI and related technologies,AI,AI,66,AI,"onal risk Operational risk is the risk of loss resulting from inadequate or failed internal processes, people, and systems or from external events. This definition includes operational failures resulting from the use of AI systems, such as flawed model outputs leading to poor business decisions, process automation failures, inadequate ‘human-in-the-loop’ oversight, or fraud losses resulting from AI enabled attacks. Risk appetite Funding"
016,Funding Circle Holdings plc,2025,016_funding_circle_holdings_plc_annual_report_2025.txt,AI and related technologies,AI,AI,66,AI,"ional failures resulting from the use of AI systems, such as flawed model outputs leading to poor business decisions, process automation failures, inadequate ‘human-in-the-loop’ oversight, or fraud losses resulting from AI enabled attacks. Risk appetite Funding Circle will operate well managed processes with reliable performance and effective controls preventing significant and non-anticipated operational risk losses. Risk(s) and poten"
016,Funding Circle Holdings plc,2025,016_funding_circle_holdings_plc_annual_report_2025.txt,AI and related technologies,AI,AI,66,AI,"thentication (‘‘MFA’’) for account access; l continuously monitor fraud trends and adjust our controls to address evolving threats, including AI attacks; and l deliver ongoing fraud prevention guidance to borrowers and employees. Our internal fraud controls are designed around the principles of rest"
016,Funding Circle Holdings plc,2025,016_funding_circle_holdings_plc_annual_report_2025.txt,AI and related technologies,AI,AI,68,AI,"the portfolio level in line with Funding Circle management’s expectations, in terms of net loss rate, risk-adjusted rate of return and volatility through economic cycles. This includes management of potential risks from AI and machine learning (‘‘ML’’) models integrated in the credit risk assessment. Risk appetite Whether or not Funding Circle owns any credit risk, credit risk resulting from our lending activities will be managed with th"
016,Funding Circle Holdings plc,2025,016_funding_circle_holdings_plc_annual_report_2025.txt,AI and related technologies,AI,AI,69,AI,"oftware, and data management systems. Technology risks can arise from a variety of sources, including hardware failures, software bugs, cyber attacks, data breaches, user errors, and security vulnerabilities specific to AI systems. Risk appetite We will manage our technology, data, and security risks with effective controls preventing significant and non-anticipated loss of confidentiality, integrity and availability of systems and data."
016,Funding Circle Holdings plc,2025,016_funding_circle_holdings_plc_annual_report_2025.txt,AI and related technologies,AI,AI,69,AI,"and data, including as a result cyber attacks this year, and we continuously monitor potential threats, as well as the of a cyber attack, which threatens the potential security implications of the proliferation of AI, to inform our priorities. We confidentiality, integrity, and availability continue to invest into our control environment and will conduct an ongoing review of of data and/or systems. our controls and"
016,Funding Circle Holdings plc,2025,016_funding_circle_holdings_plc_annual_report_2025.txt,AI and related technologies,AI,AI,70,AI,"merging risks continued Identifying and managing emerging risks continued Emerging risk 2026+ Outlook Risk management approach New technology risk As 2026 marks a pivotal Our Board-led AI strategy and dedicated Gen AI Steering Committee year for widespread AI oversee the ethical and operational integration of AI. We have integration, we"
016,Funding Circle Holdings plc,2025,016_funding_circle_holdings_plc_annual_report_2025.txt,AI and related technologies,AI,AI,70,AI,"fying and managing emerging risks continued Emerging risk 2026+ Outlook Risk management approach New technology risk As 2026 marks a pivotal Our Board-led AI strategy and dedicated Gen AI Steering Committee year for widespread AI oversee the ethical and operational integration of AI. We have integration, we face new embedded AI risk a"
016,Funding Circle Holdings plc,2025,016_funding_circle_holdings_plc_annual_report_2025.txt,AI and related technologies,AI,AI,70,AI,"026+ Outlook Risk management approach New technology risk As 2026 marks a pivotal Our Board-led AI strategy and dedicated Gen AI Steering Committee year for widespread AI oversee the ethical and operational integration of AI. We have integration, we face new embedded AI risk assessments directly into our ERM framework. l AI"
016,Funding Circle Holdings plc,2025,016_funding_circle_holdings_plc_annual_report_2025.txt,AI and related technologies,AI,AI,70,AI,"ology risk As 2026 marks a pivotal Our Board-led AI strategy and dedicated Gen AI Steering Committee year for widespread AI oversee the ethical and operational integration of AI. We have integration, we face new embedded AI risk assessments directly into our ERM framework. l AI strategic and tactical"
016,Funding Circle Holdings plc,2025,016_funding_circle_holdings_plc_annual_report_2025.txt,AI and related technologies,AI,AI,70,AI,"ed Gen AI Steering Committee year for widespread AI oversee the ethical and operational integration of AI. We have integration, we face new embedded AI risk assessments directly into our ERM framework. l AI strategic and tactical We anticipate that AI will supercharge social engineering, malware"
016,Funding Circle Holdings plc,2025,016_funding_circle_holdings_plc_annual_report_2025.txt,AI and related technologies,AI,AI,70,AI,"year for widespread AI oversee the ethical and operational integration of AI. We have integration, we face new embedded AI risk assessments directly into our ERM framework. l AI strategic and tactical We anticipate that AI will supercharge social engineering, malware challenges spanning l Cybersecurity"
016,Funding Circle Holdings plc,2025,016_funding_circle_holdings_plc_annual_report_2025.txt,AI and related technologies,AI,AI,70,AI,"integration, we face new embedded AI risk assessments directly into our ERM framework. l AI strategic and tactical We anticipate that AI will supercharge social engineering, malware challenges spanning l Cybersecurity creation, and impersonation campaigns. In response, technology"
016,Funding Circle Holdings plc,2025,016_funding_circle_holdings_plc_annual_report_2025.txt,AI and related technologies,AI,AI,70,AI,to ensure they are equipped with the knowledge and expertise to recognise the opportunities of the risk of the AI and at the same time implementing guardrails to ensure ethical use and mindful dependency on the new technology.
016,Funding Circle Holdings plc,2025,016_funding_circle_holdings_plc_annual_report_2025.txt,AI and related technologies,AI,AI,70,AI,"on the new technology. Economic and The global economic outlook We recognise the high risk of asset price corrections, particularly geopolitical risks for 2026 suggests modest in tech and AI sectors and the potential for a private credit meltdown. growth, yet significant We maintain resilience through rigorous stress testing, healthy"
016,Funding Circle Holdings plc,2025,016_funding_circle_holdings_plc_annual_report_2025.txt,AI and related technologies,AI,AI,79,AI,"itions including launch l Capital allocation framework review and approval of third of Short Term Loans share buyback l Technology deep dive (including Gen AI) l Funding model review Governance, risk Culture and and compliance engagement l Risk updates and macro and credit deep div"
016,Funding Circle Holdings plc,2025,016_funding_circle_holdings_plc_annual_report_2025.txt,AI and related technologies,AI,AI,84,AI,"’s annual strategy review cycle to bi-annual sessions, providing the Board with greater opportunity to evaluate near-term performance trends alongside long-term strategic evolution; l scheduling regular updates on Gen AI/technology and cyber risk; and l ensuring regular review of the Group’s capital allocation framework. Progress against actions identified in 2024 effectiveness review Set out below is the progress during 2025 against a"
016,Funding Circle Holdings plc,2025,016_funding_circle_holdings_plc_annual_report_2025.txt,AI and related technologies,AI,AI,90,AI,"proach to deferred tax and reputational, and technology risks recognition (further detail on page 90). (including cyber and Gen AI), including l Reviewed letter from FRC and applying scrutiny to information security"
016,Funding Circle Holdings plc,2025,016_funding_circle_holdings_plc_annual_report_2025.txt,AI and related technologies,AI,AI,91,AI,"ols attestation requirements. l As the Group continues to embrace new products and increase automation, particularly with new technology Committee composition, skills and experience initiatives (including Gen AI), the Committee will monitor The membership of the Audit Committee complies with the associated risks, both prior to and post-implementation, Provision 24 of the Code, requiring a minimum membership of as t"
016,Funding Circle Holdings plc,2025,016_funding_circle_holdings_plc_annual_report_2025.txt,AI and related technologies,AI,AI,93,AI,"tion continues migration to scalable, growth-enabling infrastructure and to support the Group’s robust defence against financial crime. overseeing the development of a comprehensive policy framework that aligns AI adoption to the Group’s risk appetite. Based on these activities, the Risk Committee confirmed to the Audit Committee and to the Board its assessment tha"
016,Funding Circle Holdings plc,2025,016_funding_circle_holdings_plc_annual_report_2025.txt,AI and related technologies,AI,AI,95,AI,Chair of the Audit Committee Chair of the Risk Committee l new product launch – STL product enhancements; 5 March 2026 5 March 2026 l FlexiPay and Card Platform; l Gen AI; and l Provision 29. The team also continued to validate and close open audit issues raised in the previous years. Internal Audit effectiveness review An effectiveness review was conducted by the Audit Committee to eva
016,Funding Circle Holdings plc,2025,016_funding_circle_holdings_plc_annual_report_2025.txt,AI and related technologies,AI,AI,106,AI,"75%. l Profitability and growth: Delivered strong revenue growth of c.28% against cost growth of c.11%, driven by efficiency improvements. Initiated strategic investments in technology, AI, and go-to-market strategy. l Shareholder engagement: Hosted inaugural Capital Markets Day in June and successfully onboarded five new major institutional investors. Stewardship"
016,Funding Circle Holdings plc,2025,016_funding_circle_holdings_plc_annual_report_2025.txt,AI and related technologies,machine learning,machine learning,24,machine learning,"perior customer experience Frictionless digital experience Automated decision engine Our highly flexible interface provides At the heart of our platform, machine learning an intuitive experience across desktop models automate complex underwriting and mobile. As we have expanded our tasks. This enables SMEs to a"
016,Funding Circle Holdings plc,2025,016_funding_circle_holdings_plc_annual_report_2025.txt,AI and related technologies,machine learning,machine learning,68,machine learning,"tfolio level in line with Funding Circle management’s expectations, in terms of net loss rate, risk-adjusted rate of return and volatility through economic cycles. This includes management of potential risks from AI and machine learning (‘‘ML’’) models integrated in the credit risk assessment. Risk appetite Whether or not Funding Circle owns any credit risk, credit risk resulting from our lending activities will be managed with the utmost care and att"
016,Funding Circle Holdings plc,2025,016_funding_circle_holdings_plc_annual_report_2025.txt,AI and related technologies,automation,automation,24,automation,"Our flexible modular architecture enables the We use Gen AI to work more efficiently, drive rapid launch of new products. This modular operational leverage through automation, and design was key to the successful rollout deepen our SME relationships by analysing and iteration of our FlexiPay and Cashback customer sentime"
016,Funding Circle Holdings plc,2025,016_funding_circle_holdings_plc_annual_report_2025.txt,AI and related technologies,automation,automation,66,automation,"ternal processes, people, and systems or from external events. This definition includes operational failures resulting from the use of AI systems, such as flawed model outputs leading to poor business decisions, process automation failures, inadequate ‘human-in-the-loop’ oversight, or fraud losses resulting from AI enabled attacks. Risk appetite Funding Circle will operate well managed processes with reliable performance and effective controls p"
016,Funding Circle Holdings plc,2025,016_funding_circle_holdings_plc_annual_report_2025.txt,AI and related technologies,automation,automation,91,automation,"ght of the implementation of the Provision 29 material controls attestation requirements. l As the Group continues to embrace new products and increase automation, particularly with new technology Committee composition, skills and experience initiatives (including Gen AI), the Committee will monitor The membership of the Audit Committee complies with the associate"
016,Funding Circle Holdings plc,2025,016_funding_circle_holdings_plc_annual_report_2025.txt,AI and related technologies,generative AI,generative AI,8,Generative AI,"ives long-term profitability. In 2025, the Board’s oversight focused multi-product platform on ensuring that the Group successfully Our ongoing investment in Generative AI (“Gen AI”) applications is enhancing our secures Funding Circle’s transitioned from its 2024 reset into a ability to sca"
016,Funding Circle Holdings plc,2025,016_funding_circle_holdings_plc_annual_report_2025.txt,Human oversight,human-in-the-loop,human-in-the-loop,66,human-in-the-loop,"tems or from external events. This definition includes operational failures resulting from the use of AI systems, such as flawed model outputs leading to poor business decisions, process automation failures, inadequate ‘human-in-the-loop’ oversight, or fraud losses resulting from AI enabled attacks. Risk appetite Funding Circle will operate well managed processes with reliable performance and effective controls preventing significant and non-anticipate"
016,Funding Circle Holdings plc,2025,016_funding_circle_holdings_plc_annual_report_2025.txt,"Fairness, bias and ethics",bias,bias,30,bias,"ed groups to hire and promote top talent, based on Our Circler-led groups are at the forefront of performance and potential, while mitigating our culture, driving the initiatives that make bias and ensuring we attract diverse Funding Circle unique. 2025 highlights applicants. This is also supported by our included Circle of Pride, spotlighting Female Empowerment Programme, now queer-owned small busi"
016,Funding Circle Holdings plc,2025,016_funding_circle_holdings_plc_annual_report_2025.txt,"Fairness, bias and ethics",bias,bias,125,bias,"ements (including the risk of override of controls), Under the Companies Act 2006 we are required to report to and determined that the principal risks were related to bias you if, in our opinion: in accounting estimates and posting of journal entries to manipulate financial performance. Audit procedures l we have not obtained a"
016,Funding Circle Holdings plc,2025,016_funding_circle_holdings_plc_annual_report_2025.txt,"Fairness, bias and ethics",bias,bias,125,bias,"mptions and judgements made interest entity for eight of those financial years. by management in its accounting estimates and assessing them for bias, including those relating to the allowance for Other matter expected credit losses for FlexiPay lines of credit and The C"
016,Funding Circle Holdings plc,2025,016_funding_circle_holdings_plc_annual_report_2025.txt,"Fairness, bias and ethics",fairness,fairness,31,fairness,"34% 2021 21% 2021 32% 2021 31% Diversity, Equity and Inclusion (“DEI”) Statement our customers, we back our people by ensuring fairness ‘On A Mission, together’ iscompensationwoven into everythingto career development.we do, from recruitmentThis includesand ensuring all application"
017,Boku Inc.,2025,017_boku_inc_annual_report_2025.txt,AI and related technologies,AI,AI,4,AI,"utomation and scalability through +30% vs 2024 (+29% CER) operational infrastructure enhancements Growing EBITDA $41.3m +36% vs 2024 Invested in key capabilities including data, AI, product and transformation to drive scalability Operating proﬁt $18.9M +205% vs 2024 Launched Singapore Innovation Hub B"
017,Boku Inc.,2025,017_boku_inc_annual_report_2025.txt,AI and related technologies,AI,AI,10,AI,"clear priority. • Innovate: Innovation remains central to our culture and a core differentiator for Boku. During the year, we advanced our platform beyond core payment processing, investing in automation, AI and data-driven capabilities to enhance transaction conversion rates, settlement speed and scalability for our merchants, while reducing friction across the payment journey. In November 2025, we"
017,Boku Inc.,2025,017_boku_inc_annual_report_2025.txt,AI and related technologies,AI,AI,10,AI,"our business and a part of the world that is seeing rapid developments in payments innovation. The Hub brings together a dedicated team working on FX solutions, payouts and emerging technologies, including AI and digital assets (stablecoin), enabling the development of payment infrastructure that reduces complexity for our merchants while expanding their global reach. Boku, Inc. Annual Report and Accounts for the"
017,Boku Inc.,2025,017_boku_inc_annual_report_2025.txt,AI and related technologies,AI,AI,12,AI,"at the same rate. • Build the platform of the future: We are committed to evolving Boku’s platform to remain at the forefront of global payments. This includes the intentional and responsible incorporation of AI tools, including agentic AI, across the business, spanning areas such as fraud and risk management, customer support, operational automation, data analysis and product development. AI will be an enabler of bette"
017,Boku Inc.,2025,017_boku_inc_annual_report_2025.txt,AI and related technologies,AI,AI,12,AI,"the platform of the future: We are committed to evolving Boku’s platform to remain at the forefront of global payments. This includes the intentional and responsible incorporation of AI tools, including agentic AI, across the business, spanning areas such as fraud and risk management, customer support, operational automation, data analysis and product development. AI will be an enabler of better decision making, faster ex"
017,Boku Inc.,2025,017_boku_inc_annual_report_2025.txt,AI and related technologies,AI,AI,12,AI,"esponsible incorporation of AI tools, including agentic AI, across the business, spanning areas such as fraud and risk management, customer support, operational automation, data analysis and product development. AI will be an enabler of better decision making, faster execution and improved outcomes for both merchants and consumers. Building on the establishment of our Innovation Hub in Singapore in 2025, we will continue to"
017,Boku Inc.,2025,017_boku_inc_annual_report_2025.txt,AI and related technologies,AI,AI,19,AI,"ategic growth & investment: The Group competitive environment invests in innovative products, new markets, and emerging technologies including AI, to support The Group operates in a fast-evolving competitiveness and adaptability, alongside the ongoing evaluation of new business models, payments i"
017,Boku Inc.,2025,017_boku_inc_annual_report_2025.txt,AI and related technologies,AI,AI,19,AI,"supports growth in both new and competitive landscape. Changes in market existing markets. dynamics, including the emergence of new payment technologies, AI-enabled • Product and service expansion and solutions, evolving user behaviour, optimisation: The Group tests and develops new regulatory shifts, and pricing pressures,"
017,Boku Inc.,2025,017_boku_inc_annual_report_2025.txt,AI and related technologies,AI,AI,19,AI,". Ongoing training, certifications, and development programmes, including the use of modern digital platforms and AI tools, support continuous learning and awareness of emerging technologies and industry trends."
017,Boku Inc.,2025,017_boku_inc_annual_report_2025.txt,AI and related technologies,AI,AI,20,AI,"maintained and continues to production systems, particularly those evolve to accommodate anticipated growth and underpinning transaction processing and expansion. This may include scalable, AI-enabled settlement, is essential to maintaining technologies where appropriate to support service reliability. automation and operational resilience. Failure to sc"
017,Boku Inc.,2025,017_boku_inc_annual_report_2025.txt,AI and related technologies,AI,AI,21,AI,"policies and procedures aligned to applicable The evolving regulatory landscape, obligations. A strengthened compliance monitoring including emerging regulation related to AI, and testing programme enhances early identification may impact operational processes and of non-compliance risks and timely remediation. service delivery. Failure to comply with applic"
017,Boku Inc.,2025,017_boku_inc_annual_report_2025.txt,AI and related technologies,AI,AI,23,AI,"systems, including threat detection, endpoint affect the Group’s financial position, protection, network security, and AI-enabled reputation, and long-term competitiveness. analytics and automated response capabilities. Risk level: High"
017,Boku Inc.,2025,017_boku_inc_annual_report_2025.txt,AI and related technologies,automation,automation,4,automation,"cies ISO 27001 certiﬁed Profitable growth driven by scale, diversification and financial strength Excellent ﬁnancial results Platform innovation Broad based revenue growth $128.8M Improved automation and scalability through +30% vs 2024 (+29% CER) operational infrastructure enhancements Growing EBITDA $41.3m +36% vs 2024 Invested in key capabilities including data, AI,"
017,Boku Inc.,2025,017_boku_inc_annual_report_2025.txt,AI and related technologies,automation,automation,10,automation,"ins a clear priority. • Innovate: Innovation remains central to our culture and a core differentiator for Boku. During the year, we advanced our platform beyond core payment processing, investing in automation, AI and data-driven capabilities to enhance transaction conversion rates, settlement speed and scalability for our merchants, while reducing friction across the payment journey. In November 2025,"
017,Boku Inc.,2025,017_boku_inc_annual_report_2025.txt,AI and related technologies,automation,automation,12,automation,"lobally. • Drive scalability: As volumes and complexity increase, scalable operations are critical. Building on our programme to modernise payment operations and settlement systems, we will continue to invest in automation, straight-through processing, treasury and finance infrastructure together with global compliance capabilities. These initiatives will support automated reconciliation and near real-time fund flows across our int"
017,Boku Inc.,2025,017_boku_inc_annual_report_2025.txt,AI and related technologies,automation,automation,12,automation,"lobal payments. This includes the intentional and responsible incorporation of AI tools, including agentic AI, across the business, spanning areas such as fraud and risk management, customer support, operational automation, data analysis and product development. AI will be an enabler of better decision making, faster execution and improved outcomes for both merchants and consumers. Building on the establishment of our Innovation Hu"
017,Boku Inc.,2025,017_boku_inc_annual_report_2025.txt,AI and related technologies,automation,automation,20,automation,"nd expansion. This may include scalable, AI-enabled settlement, is essential to maintaining technologies where appropriate to support service reliability. automation and operational resilience. Failure to scale effectively could result in • Capability and expertise enhancement: The processing disruptions, settlement delays, Group seeks to strengthen operatio"
017,Boku Inc.,2025,017_boku_inc_annual_report_2025.txt,AI and related technologies,automation,automation,20,automation,"on of best practices and continuous improvement across teams. Risk movement: Unchanged • Back-office transformation and automation: Continued investment is being made in operations, finance, treasury, and human resources systems"
017,Boku Inc.,2025,017_boku_inc_annual_report_2025.txt,AI and related technologies,automation,automation,20,automation,"ued investment is being made in operations, finance, treasury, and human resources systems to enhance automation, strengthen controls, improve efficiency, and support scalability. Transformation initiatives including straight"
017,Boku Inc.,2025,017_boku_inc_annual_report_2025.txt,AI and related technologies,automation,automation,21,automation,"Regulatory and legal readiness assessments are conducted prior to launching new services, supported by continued automation of key compliance processes to enhance control and reduce manual risk. Boku, Inc. Annual Report and Accounts for"
017,Boku Inc.,2025,017_boku_inc_annual_report_2025.txt,AI and related technologies,automation,automation,42,automation,"control and risk assurance framework Last year Boku commenced a review and strengthening of its internal control and risk assurance framework to ensure it remains fit for purpose. The Finance team continues to focus on automation and enhancement of our internal financial controls framework, related processes and underlying systems. During the year, this included two successful upgrades of our general ledger to strengthen financial reporting and"
017,Boku Inc.,2025,017_boku_inc_annual_report_2025.txt,"Fairness, bias and ethics",fairness,fairness,48,fairness,"Committee applies this approach to the Executive Directors and Global Leadership Team, ensuring they are incentivised to deliver value for shareholders while maintaining a strong focus on risk management, affordability, fairness in relation to the wider workforce, and alignment with AIM Rules and principles. Executive Directors Executive Director remuneration consists of 5 elements: • Salary • Annual Bonus • Long Term Incent"
017,Boku Inc.,2025,017_boku_inc_annual_report_2025.txt,"Fairness, bias and ethics",fairness,fairness,56,fairness,"ving senior leaders. Progress was also made in strengthening reward and pay governance through the development of a clear Reward Philosophy and job-levelling framework, designed to promote consistency, transparency and fairness in pay and career progression. The Group is committed to providing equal opportunities and promoting inclusive behaviours, which are viewed as important enablers of innovation, effective decision-making and long-term p"
018,PayPoint plc,2025,018_paypoint_plc_annual_report_2025.txt,AI and related technologies,AI,AI,14,AI,"with the launch of a new consumers and our carrier partners. We have also demonstrable performance optimisation and AI-driven statement reader to further speed expanded our Zebra printer technology to over services adoption. In addition, we continue to drive"
018,PayPoint plc,2025,018_paypoint_plc_annual_report_2025.txt,AI and related technologies,AI,AI,49,AI,"cial distress. Retailer Rewards scheme, launched in September our core proposition, with the launch of a new services in the year. We continue to have a 2024, giving retailers additional commission for AI-driven statement reader to further speed strong community impact through our work with Our Community Cash Access and Banking Network scanning goods in store. Our next generation up and enhance the mer"
018,PayPoint plc,2025,018_paypoint_plc_annual_report_2025.txt,AI and related technologies,AI,AI,56,AI,xperience enhanced in the year: new We provide card use a range of channels and methods to communicate Executive Board. AI-driven statement reader launched to payments services with and seek feedback from new and existing enhance th
018,PayPoint plc,2025,018_paypoint_plc_annual_report_2025.txt,AI and related technologies,AI,AI,61,AI,"nological developments, including Risk is stable as Group acquisitions, investments and Trend = technology supporting the service provision. Pressures the evolution of AI, to understand how new technologies partnerships have helped to mitigate risks associated with to deliver new and innovative products remain with new can be used to support"
018,PayPoint plc,2025,018_paypoint_plc_annual_report_2025.txt,AI and related technologies,automation,automation,5,automation,"organisational a reduction of at least in the range of 5% to framework which 20% of our issued share 8% per annum across will deliver greater capital, with scope for the Group automation of processes leverage in the range and greater agility to of 1.2x to 1.5x support the delivery of our plan Our strategy over the past five ye"
018,PayPoint plc,2025,018_paypoint_plc_annual_report_2025.txt,AI and related technologies,automation,automation,5,automation,in the range of 1.2x to 1.5x. growth rate in the range of 5-8% per annum. operational structure and business processes today and develop a plan to deliver greater automation and business agility in the future to support the delivery of our plan.
018,PayPoint plc,2025,018_paypoint_plc_annual_report_2025.txt,AI and related technologies,automation,automation,9,automation,to Love2shop vouchers/rewards and prepaid solutions. 8% per annum across the Group; • Establishing an organisational framework which will deliver greater automation of processes and greater agility to support the delivery of our plan; and • Delivering a reduction of at least 20% of our issued share capital through an enhanced share buyback programme. Unpara
018,PayPoint plc,2025,018_paypoint_plc_annual_report_2025.txt,AI and related technologies,automation,automation,9,automation,ough an enhanced share buyback programme. Unparalleled retailer & SME Organisational framework Enhanced rewards for networks delivering vital to deliver greater automation shareholders with increased and community services and agility extended share buyback programme Our expanded proposition helps our SMEs and retailer
018,PayPoint plc,2025,018_paypoint_plc_annual_report_2025.txt,AI and related technologies,automation,automation,9,automation,"operational structure and business processes today Programme based on business performance, market and develop a plan to deliver greater automation and conditions, cash generation and the overall capital needs business agility in the future to support the delivery of the business."
018,PayPoint plc,2025,018_paypoint_plc_annual_report_2025.txt,AI and related technologies,automation,automation,13,automation,"of FY28, reflecting our confidence in the growth the Group automation of leverage in the range prospects of the business and our processes and of 1.2x to 1.5x continued commitment to"
018,PayPoint plc,2025,018_paypoint_plc_annual_report_2025.txt,AI and related technologies,automation,automation,13,automation,5-8% per annum. business processes today and develop a plan to deliver greater automation and business agility in the future to support
018,PayPoint plc,2025,018_paypoint_plc_annual_report_2025.txt,AI and related technologies,automation,automation,17,automation,e end Nick Wiles of FY28: achieving net revenue growth in the Chief Executive range of 5% to 8% per annum across the Group; 11 June 2025 establishing an organisational framework which will deliver greater automation of processes and
018,PayPoint plc,2025,018_paypoint_plc_annual_report_2025.txt,"Fairness, bias and ethics",bias,bias,119,bias,ement is materially consistent with the financial inappropriate journal entries to increase revenue and management bias in accounting estimates. The statements and our knowledge obtained during the audit: group engagement team shared this risk asse
019,London Stock Exchange Group plc,2025,019_london_stock_exchange_group_plc_annual_report_2025.txt,AI and related technologies,artificial intelligence,artificial intelligence,8,Artificial intelligence,"n track record of delivering real value through long-term partnership. David Schwimmer Chief Executive Officer AI strategy 25 February, 2026 Artificial intelligence is transforming financial markets. With our unmatched data, infrastructure and partnerships, LSEG is at London Stock Exchange Group plc | An"
019,London Stock Exchange Group plc,2025,019_london_stock_exchange_group_plc_annual_report_2025.txt,AI and related technologies,artificial intelligence,artificial intelligence,13,Artificial intelligence,"creates the opportunity for strong partnership. From developing our clearing Artificial intelligence is transforming financial markets. With our unmatched data, infrastructure houses to now building new products and partnerships, we are"
019,London Stock Exchange Group plc,2025,019_london_stock_exchange_group_plc_annual_report_2025.txt,AI and related technologies,artificial intelligence,artificial intelligence,55,artificial intelligence,"d Change Frameworks, Rapid market and technological shifts, including the which provide standards and guidance for effective programme continued advancement of artificial intelligence (AI), assessment, execution and integration of acquisitions. Group Risk heighten the risk of disruption to our business model, monitor transformation activities and execution risk w"
019,London Stock Exchange Group plc,2025,019_london_stock_exchange_group_plc_annual_report_2025.txt,AI and related technologies,artificial intelligence,artificial intelligence,56,artificial intelligence,"our Model Risk Committee, supported financial loss or reputational harm. The growing use by divisional working groups to ensure full coverage and of artificial intelligence particularly ‘generative’ and alignment with risk objectives. Regular, independent review of ‘agentic’ models introduces new dimensions of risk, models by our Model Risk Man"
019,London Stock Exchange Group plc,2025,019_london_stock_exchange_group_plc_annual_report_2025.txt,AI and related technologies,artificial intelligence,artificial intelligence,67,artificial intelligence,"ers and other they take into account Directors’ duties key topics. During 2025, the Board participated key stakeholders (including the workforce, contained in the Companies Act 2006 (the in sessions relating to artificial intelligence customers, suppliers and regulators) to enable “Act”) and will consider the factors listed in strategy and governance as well as new LSEG to pursue long-term sustainable success. Section 172 of the Act"
019,London Stock Exchange Group plc,2025,019_london_stock_exchange_group_plc_annual_report_2025.txt,AI and related technologies,artificial intelligence,artificial intelligence,67,artificial intelligence,led within the respective Committee investment in Post Trade Solutions with key wider society. reports on pages 72 to 103. customer banks; challenges and opportunities presented by artificial intelligence; multi-year The Board: technology planning and innovation; and non-executive director rotations. – Provides leadership of the Company and
019,London Stock Exchange Group plc,2025,019_london_stock_exchange_group_plc_annual_report_2025.txt,AI and related technologies,artificial intelligence,artificial intelligence,199,Artificial intelligence,Derivatives are negotiated privately between designed to address challenges of Authorised AI two parties and may be cleared through Push Payment (APP) fraud. Artificial intelligence. a clearing house. Green Economy Mark AIM DigitalAssetClear
019,London Stock Exchange Group plc,2025,019_london_stock_exchange_group_plc_annual_report_2025.txt,AI and related technologies,AI,AI,3,AI,"em. risk management. We enable customers to create sustainable – We offer integrated solutions including growth by providing the tools and data that AI functionality. FTSE Russell enable financial markets to manage risk and – We operate an AI-enabled data machine Global benchmarks, indices and data make informed investment deci"
019,London Stock Exchange Group plc,2025,019_london_stock_exchange_group_plc_annual_report_2025.txt,AI and related technologies,AI,AI,3,AI,"g growth by providing the tools and data that AI functionality. FTSE Russell enable financial markets to manage risk and – We operate an AI-enabled data machine Global benchmarks, indices and data make informed investment decisions. and distribution. solutions covering a range of asset classes, supporting portfolio construction, asset"
019,London Stock Exchange Group plc,2025,019_london_stock_exchange_group_plc_annual_report_2025.txt,AI and related technologies,AI,AI,5,AI,"ion of share buybacks executed our partnership approach, we operate and grow critical since 20223. platforms that are developed in partnership with the industry. – Our LSEG Everywhere AI strategy is a natural extension of our open model, delivering our data in an easy-to-access way to where our customers are working. Recurring revenue (as a % of EBITDA margin expansion Capex (as"
019,London Stock Exchange Group plc,2025,019_london_stock_exchange_group_plc_annual_report_2025.txt,AI and related technologies,AI,AI,7,AI,"making it easier for April, helping them navigate the new world of customers to find, access and consume our AI with our trusted data, or sharing our insights data through our LSEG Everywhere strategy. with governments and regulators, we played a We have also continued to expand"
019,London Stock Exchange Group plc,2025,019_london_stock_exchange_group_plc_annual_report_2025.txt,AI and related technologies,AI,AI,7,AI,", these sources provide The growing demand for data in decision- an end-to-end curated view of private markets making is not new, but AI is driving that that others cannot match. demand to new heights. Electronification and digitalisation of trading als"
019,London Stock Exchange Group plc,2025,019_london_stock_exchange_group_plc_annual_report_2025.txt,AI and related technologies,AI,AI,7,AI,"and through Tradeweb and our digital markets supported by strong sales of our Analytics infrastructure, we are at the forefront of that API with AI enablement and natural language trend. And whether through FTSE Russell, functionality. Strategic partnerships with We have delivered Risk Int"
019,London Stock Exchange Group plc,2025,019_london_stock_exchange_group_plc_annual_report_2025.txt,AI and related technologies,AI,AI,8,AI,"ive Officer’s statement continued But our strategic vision goes far beyond the forefront of this change. Our LSEG Executive management team screening. Unlike competitors that tend to Everywhere AI strategy encompasses three provide individual solutions, we operate along key pillars: Trusted Data, Transformative David Schwimmer, Chief Executive Officer, the compliance lifecycle combining digital"
019,London Stock Exchange Group plc,2025,019_london_stock_exchange_group_plc_annual_report_2025.txt,AI and related technologies,AI,AI,8,AI,"we launched direct US Treasury For further information on David Schwimmer, bill trading on the ICD portal to further integrate Transformative Products: we are applying AI as well as on our Chief Financial Officer, workflows for corporate treasurers. We also to the products we build for our customers to Michel-Alain Proch, who are also members expanded algorithmic trad"
019,London Stock Exchange Group plc,2025,019_london_stock_exchange_group_plc_annual_report_2025.txt,AI and related technologies,AI,AI,8,AI,"to the Executive Committee innovation. It gives us the ability to have LSEG Steve John joined the Group in April 2025 Within Equities, we welcomed a number of AI-ready data safely presented alongside as Chief Corporate Affairs & Marketing Officer. listings on the London Stock Exchange and large language models (LLMs) and we have have an active pipeline for 2026."
019,London Stock Exchange Group plc,2025,019_london_stock_exchange_group_plc_annual_report_2025.txt,AI and related technologies,AI,AI,8,AI,"owered scale and efficiencies Chris Coleman was appointed as Head for the full asset lifecycle of a trade – from Intelligent Enterprise: we are deploying AI of Sales and Account Management, issuance, tokenisation and distribution to across our own business and operations – so succeeding Ron Lefferts. Chris joined post-trade asset settlement and servi"
019,London Stock Exchange Group plc,2025,019_london_stock_exchange_group_plc_annual_report_2025.txt,AI and related technologies,AI,AI,8,AI,"s Azure better. For example, in our data operations, we environment, and it is asset-class agnostic. are extracting content nine times faster where The first use case is in private markets and we we are using AI; and in customer operations, have completed the first private fund transaction. we have reduced the mean time to resolve We are adding other asset classes as adoption customer queries by 40%. builds. Fixed income is"
019,London Stock Exchange Group plc,2025,019_london_stock_exchange_group_plc_annual_report_2025.txt,AI and related technologies,AI,AI,8,AI,"customers around the world and for LSEG. and our proven track record of delivering real value through long-term partnership. David Schwimmer Chief Executive Officer AI strategy 25 February, 2026 Artificial intelligence is transforming financial markets. With our unmatched data, infrastructure and partnerships, LSEG is at"
019,London Stock Exchange Group plc,2025,019_london_stock_exchange_group_plc_annual_report_2025.txt,AI and related technologies,AI,AI,10,AI,"including AIfinancial markets and the global economy. Overview and impact Global demand continues to grow for AI is amplifying demand for reliable, high quality, trusted and accurate data auditable and proprietary data, particularly"
019,London Stock Exchange Group plc,2025,019_london_stock_exchange_group_plc_annual_report_2025.txt,AI and related technologies,AI,AI,10,AI,"ts and algorithmic strategies. and products covering new and alternative asset classes, such as private markets. AI is also creating new opportunities for Customers also increasingly expect innovation and raising client expectations"
019,London Stock Exchange Group plc,2025,019_london_stock_exchange_group_plc_annual_report_2025.txt,AI and related technologies,AI,AI,10,AI,"Advances in technology, particularly AI, are also driving opportunities for significant operational efficiencies"
019,London Stock Exchange Group plc,2025,019_london_stock_exchange_group_plc_annual_report_2025.txt,AI and related technologies,AI,AI,10,AI,"SEG response We continue to provide clients with We are executing our LSEG Everywhere a uniquely broad offering of reliable, AI strategy built on trusted data and auditable and proprietary data, including our open approach to unlock new from o"
019,London Stock Exchange Group plc,2025,019_london_stock_exchange_group_plc_annual_report_2025.txt,AI and related technologies,AI,AI,13,AI,"hies. Integrated solutions, including AI functionality We offer seamless integration across Global, multi-asset differen"
019,London Stock Exchange Group plc,2025,019_london_stock_exchange_group_plc_annual_report_2025.txt,AI and related technologies,AI,AI,13,AI,"Global, multi-asset different elements of our product set, Open class FMI and data including AI functionality, to drive greater ecosystem provider across insights from our data and reduce friction the trade"
019,London Stock Exchange Group plc,2025,019_london_stock_exchange_group_plc_annual_report_2025.txt,AI and related technologies,AI,AI,13,AI,e friction the trade lifecycle in customer workflows. AI-enabled data machine and distribution Integrated Deep partnership To enhance our ability to enrich
019,London Stock Exchange Group plc,2025,019_london_stock_exchange_group_plc_annual_report_2025.txt,AI and related technologies,AI,AI,13,AI,"solutions, including with our customers data offering and better monetise it, we are AI functionality investing in our ‘data turbine’, from content"
019,London Stock Exchange Group plc,2025,019_london_stock_exchange_group_plc_annual_report_2025.txt,AI and related technologies,AI,AI,13,AI,ingestion through to data management and distribution – accelerated by AI and our partnership with a number of the world’s
019,London Stock Exchange Group plc,2025,019_london_stock_exchange_group_plc_annual_report_2025.txt,AI and related technologies,AI,AI,13,AI,number of the world’s leading technology companies. Trusted to AI-enabled deliver services data machine meeting business- and distribution critica
019,London Stock Exchange Group plc,2025,019_london_stock_exchange_group_plc_annual_report_2025.txt,AI and related technologies,AI,AI,13,AI,the core of what we do; our customers trust and rely on us to serve critical needs. AI Strategy – LSEG Everywhere Deep partnership with our customers Our level of relevance to our customers
019,London Stock Exchange Group plc,2025,019_london_stock_exchange_group_plc_annual_report_2025.txt,AI and related technologies,AI,AI,13,AI,"houses to now building new products and partnerships, we are uniquely positioned at the forefront of this change across three powered by AI, we partner with our key pillars: customers to transform industries. Trusted Data Transformative Products Int"
019,London Stock Exchange Group plc,2025,019_london_stock_exchange_group_plc_annual_report_2025.txt,AI and related technologies,AI,AI,13,AI,"customers to transform industries. Trusted Data Transformative Products Intelligent Enterprise We curate trusted, We are reimagining We are deploying AI across Open ecosystem high-quality data to scale AI how financial services our own business, so we Interoperability is in our DNA. When other in financial services through professional"
019,London Stock Exchange Group plc,2025,019_london_stock_exchange_group_plc_annual_report_2025.txt,AI and related technologies,AI,AI,13,AI,"tries. Trusted Data Transformative Products Intelligent Enterprise We curate trusted, We are reimagining We are deploying AI across Open ecosystem high-quality data to scale AI how financial services our own business, so we Interoperability is in our DNA. When other in financial services through professionals work, with can innovate faster and exchange"
019,London Stock Exchange Group plc,2025,019_london_stock_exchange_group_plc_annual_report_2025.txt,AI and related technologies,AI,AI,13,AI,"Interoperability is in our DNA. When other in financial services through professionals work, with can innovate faster and exchange groups focused on vertical our open, LLM-agnostic AI-enabled products that serve our customers better. integration of trading and clearing, we partnership approach. bring speed, simplicity championed open access –"
019,London Stock Exchange Group plc,2025,019_london_stock_exchange_group_plc_annual_report_2025.txt,AI and related technologies,AI,AI,14,AI,"where strategy, we launched MCP Priorities for 2026 include: infrastructure, giving customers enhanced connectivity new markets and allowing them to create their own AI agents using – Scaling Open Directory – a cross-firm LSEG data in Microsoft Copilot Studio. LSEG’s AI-ready communications tool and collaboration"
019,London Stock Exchange Group plc,2025,019_london_stock_exchange_group_plc_annual_report_2025.txt,AI and related technologies,AI,AI,14,AI,"ers enhanced connectivity new markets and allowing them to create their own AI agents using – Scaling Open Directory – a cross-firm LSEG data in Microsoft Copilot Studio. LSEG’s AI-ready communications tool and collaboration content will also be accessible to licensed ChatGPT and network within Microsoft Teams, enriched"
019,London Stock Exchange Group plc,2025,019_london_stock_exchange_group_plc_annual_report_2025.txt,AI and related technologies,AI,AI,14,AI,"Claude users via MCP. with LSEG’s data and analytics – Rolling out Workspace AI functionality Other AI-driven distribution partnerships for our trusted at scale data launched during 2025 include Rogo, Databricks and – Dev"
019,London Stock Exchange Group plc,2025,019_london_stock_exchange_group_plc_annual_report_2025.txt,AI and related technologies,AI,AI,14,AI,"with LSEG’s data and analytics – Rolling out Workspace AI functionality Other AI-driven distribution partnerships for our trusted at scale data launched during 2025 include Rogo, Databricks and – Developing existing and new partnerships"
019,London Stock Exchange Group plc,2025,019_london_stock_exchange_group_plc_annual_report_2025.txt,AI and related technologies,AI,AI,14,AI,"– Delivering our modernisation programmes across FTSE Russell and FX We are increasingly embedding AI into our processes. – Accelerating the transformation of For example, our AI-powered Question and Answer our database estate to enable further"
019,London Stock Exchange Group plc,2025,019_london_stock_exchange_group_plc_annual_report_2025.txt,AI and related technologies,AI,AI,14,AI,"across FTSE Russell and FX We are increasingly embedding AI into our processes. – Accelerating the transformation of For example, our AI-powered Question and Answer our database estate to enable further Service (QAS) is now being used in over 80% of all multi-cloud content distribution"
019,London Stock Exchange Group plc,2025,019_london_stock_exchange_group_plc_annual_report_2025.txt,AI and related technologies,AI,AI,15,AI,"netising customers can now access FXall, FTSE Russell indices lifecycle and data value chain, underpinned our integrated and LCH data via Workspace. We have also consolidated by AI. business our proprietary research and content across communities (LSEG Research and Insights) into Workspace. Priorities for 2026 include:"
019,London Stock Exchange Group plc,2025,019_london_stock_exchange_group_plc_annual_report_2025.txt,AI and related technologies,AI,AI,15,AI,"ring resource mix of 80% internal We have realised efficiency gains from Zero-Based – Scaling use of AI productivity tools Budgeting for large components of our cost base and to increase operational efficiency, driven operating efficiencies from auto"
019,London Stock Exchange Group plc,2025,019_london_stock_exchange_group_plc_annual_report_2025.txt,AI and related technologies,AI,AI,16,AI,ess model What we do We are a leading provider of financial markets infrastructure and data. We bring deep expertise across the financial markets value chain and effectively leverage innovative technologies and AI. Divisions Data & Analytics FTSE Russell
019,London Stock Exchange Group plc,2025,019_london_stock_exchange_group_plc_annual_report_2025.txt,AI and related technologies,AI,AI,16,AI,"ytes >26,000 2025 FTSE Russell AUM total volume on customers in the top of LSEG data is being employees globally Tradeweb in 2025 100 global banks1 made AI-ready 1 Excluding Russian banks; top 100 banks by total assets. 2 D&A only. London Stock Exchange Group plc | Annual Report 2025"
019,London Stock Exchange Group plc,2025,019_london_stock_exchange_group_plc_annual_report_2025.txt,AI and related technologies,AI,AI,22,AI,"and three businesses. customers unlock critical insights through our legal entity information, now enhanced with data feeds, analytics, workflow and AI solutions. cloud-enabled distribution and AI-ready During the year, we The breadth, depth and reliability of our content formats for seamless integration into completed the successful empower"
019,London Stock Exchange Group plc,2025,019_london_stock_exchange_group_plc_annual_report_2025.txt,AI and related technologies,AI,AI,22,AI,"omers unlock critical insights through our legal entity information, now enhanced with data feeds, analytics, workflow and AI solutions. cloud-enabled distribution and AI-ready During the year, we The breadth, depth and reliability of our content formats for seamless integration into completed the successful empower users to make informed decisions, customers"
019,London Stock Exchange Group plc,2025,019_london_stock_exchange_group_plc_annual_report_2025.txt,AI and related technologies,AI,AI,22,AI,"h Performance based distribution of our communities, providing seamless access to +6.6% organic revenue growth, underpinned trusted data, analytics and AI tools through by strong demand for real-time data and data and analytics, with an open, interoperable architecture. continued expansion of cloud delivery. customers increasingly"
019,London Stock Exchange Group plc,2025,019_london_stock_exchange_group_plc_annual_report_2025.txt,AI and related technologies,AI,AI,22,AI,"ile Pricing & Reference Services (PRS) datasets, such as Tick integrated, end-to-end workflow solutions extended its reach with broader fixed History, via cloud channels. – Rapid adoption of AI and cloud-based income coverage and enhanced distribution. collaboration tools Partnerships with AI-native platforms, including In par"
019,London Stock Exchange Group plc,2025,019_london_stock_exchange_group_plc_annual_report_2025.txt,AI and related technologies,AI,AI,22,AI,"channels. – Rapid adoption of AI and cloud-based income coverage and enhanced distribution. collaboration tools Partnerships with AI-native platforms, including In parallel, we delivered the – Increasing demand for trusted data Databricks, Claude and Microsoft Copilot, first wave of solutions under and insights"
019,London Stock Exchange Group plc,2025,019_london_stock_exchange_group_plc_annual_report_2025.txt,AI and related technologies,AI,AI,22,AI,"delivered the – Increasing demand for trusted data Databricks, Claude and Microsoft Copilot, first wave of solutions under and insights supported early adoption of AI-driven use cases. our strategic partnership Performance Analytics with Microsoft. +3.1% organic revenue growth, supported by"
019,London Stock Exchange Group plc,2025,019_london_stock_exchange_group_plc_annual_report_2025.txt,AI and related technologies,AI,AI,22,AI,"oft Teams, improving productivity and private credit analytics and StarMine sentiment collaboration. We also began rolling out Open analysis, now enhanced with AI-powered tools Directory, a secure collaboration network and API-based delivery. Lo"
019,London Stock Exchange Group plc,2025,019_london_stock_exchange_group_plc_annual_report_2025.txt,AI and related technologies,AI,AI,23,AI,"ditional Information Divisional review continued Data & Analytics continued Structural market trends driving growth: VisualStudio Code environment. We also Alongside these milestones, – Rapid adoption of AI-driven analytics integrated LSEG’s trusted data into Microsoft our new LSEG Everywhere leveraging trusted deterministic asset class Copilot Studio, giving customers the ability specialist models"
019,London Stock Exchange Group plc,2025,019_london_stock_exchange_group_plc_annual_report_2025.txt,AI and related technologies,AI,AI,23,AI,"s trusted data into Microsoft our new LSEG Everywhere leveraging trusted deterministic asset class Copilot Studio, giving customers the ability specialist models to create custom AI agents and agentic strategy extended access – Cloud-native distribution and interoperability workflows that streamline decision-making to trusted data across new across platforms – from no analytics"
019,London Stock Exchange Group plc,2025,019_london_stock_exchange_group_plc_annual_report_2025.txt,AI and related technologies,AI,AI,23,AI,"Cloud-native distribution and interoperability workflows that streamline decision-making to trusted data across new across platforms – from no analytics and automate tasks. In trading, we re- AI-native environments, experience to developer environments platformed Autex Trade Routing on Azure, – Increasing demand for higher-quality insight creating a first-of-its-kind cloud solution for position"
019,London Stock Exchange Group plc,2025,019_london_stock_exchange_group_plc_annual_report_2025.txt,AI and related technologies,AI,AI,23,AI,"or higher-quality insight creating a first-of-its-kind cloud solution for positioning us as a key from data for use in building strategies 1,600 investment firms and brokers, delivering enabler of AI-driven and models greater speed, resilience and scalability. Alongside these launches, we advanced our workflows and setting Performan"
019,London Stock Exchange Group plc,2025,019_london_stock_exchange_group_plc_annual_report_2025.txt,AI and related technologies,AI,AI,23,AI,"nnovations represent just the first wave models. We expanded distribution through of delivery under our partnership, with more partnerships with Databricks, Claude and to come in 2026. Snowflake, enabling AI-driven use cases, and introduced Model-as-a-Service, allowing LSEG Everywhere customers to deploy custom models at scale. Delivering trusted data wherever customers work is"
019,London Stock Exchange Group plc,2025,019_london_stock_exchange_group_plc_annual_report_2025.txt,AI and related technologies,AI,AI,23,AI,"eploy custom models at scale. Delivering trusted data wherever customers work is the goal of our LSEG Everywhere 2025 highlights strategy. As AI adoption accelerates and Eikon migration to Workspace workflows become increasingly distributed, In 2025, LSEG completed a major platform customers need seamless access to migration, retiring the Eik"
019,London Stock Exchange Group plc,2025,019_london_stock_exchange_group_plc_annual_report_2025.txt,AI and related technologies,AI,AI,23,AI,"350,000 users to Workspace. environments. This is enabled by the Model This multi-year programme consolidated Context Protocol (MCP), an open standard fragmented workflows into a modern, modular that lets AI agents access LSEG’s high-quality, platform designed for speed, interoperability structured data safely and consistently across and innovation. The migration was executed platforms, embedding our content direct"
019,London Stock Exchange Group plc,2025,019_london_stock_exchange_group_plc_annual_report_2025.txt,AI and related technologies,AI,AI,23,AI,"or partnerships that extend our reach beyond trading, banking and investment workflows. traditional channels. Databricks enables It provides access to trusted data, insights and customers to build and deploy AI agents news, AI-powered analytics and collaboration powered by LSEG’s auditable data, while features, with full Microsoft 365 interoperability. Rogo integrates our content into intelligent Customer engagement has sur"
019,London Stock Exchange Group plc,2025,019_london_stock_exchange_group_plc_annual_report_2025.txt,AI and related technologies,AI,AI,23,AI,"ips that extend our reach beyond trading, banking and investment workflows. traditional channels. Databricks enables It provides access to trusted data, insights and customers to build and deploy AI agents news, AI-powered analytics and collaboration powered by LSEG’s auditable data, while features, with full Microsoft 365 interoperability. Rogo integrates our content into intelligent Customer engagement has surged, with"
019,London Stock Exchange Group plc,2025,019_london_stock_exchange_group_plc_annual_report_2025.txt,AI and related technologies,AI,AI,23,AI,"ith applications for investment banking trading users increasing desktop application workflows. Through Snowflake, customers usage by 40% year-on-year. This milestone can embed our datasets into Cortex AI tools, not only simplifies user experience but also and integration with Microsoft Copilot Studio accelerates our ability to deliver continuous brings our trusted data into productivity enhancements, positioni"
019,London Stock Exchange Group plc,2025,019_london_stock_exchange_group_plc_annual_report_2025.txt,AI and related technologies,AI,AI,23,AI,"perience but also and integration with Microsoft Copilot Studio accelerates our ability to deliver continuous brings our trusted data into productivity enhancements, positioning Workspace as the and agentic AI solutions. Most recently, our future central hub for LSEG’s broader offering. collaboration with Anthropic makes LSEG’s licensed AI-ready content available to Claude De"
019,London Stock Exchange Group plc,2025,019_london_stock_exchange_group_plc_annual_report_2025.txt,AI and related technologies,AI,AI,23,AI,"ning Workspace as the and agentic AI solutions. Most recently, our future central hub for LSEG’s broader offering. collaboration with Anthropic makes LSEG’s licensed AI-ready content available to Claude Delivering innovation through for Financial Services, and our work with the Microsoft Partnership OpenAI extends this access to ChatGPT 2025 marked a"
019,London Stock Exchange Group plc,2025,019_london_stock_exchange_group_plc_annual_report_2025.txt,AI and related technologies,AI,AI,23,AI,"the Microsoft Partnership OpenAI extends this access to ChatGPT 2025 marked a turning point in our strategic users, enabling secure, enterprise-grade collaboration with Microsoft, as we moved AI workflows. from product ideation to delivery. We launched Workspace integrations with Microsoft 365, Alongside these partnerships, we expanded including Excel and PowerPoint add-ins and multi-cloud distribution"
019,London Stock Exchange Group plc,2025,019_london_stock_exchange_group_plc_annual_report_2025.txt,AI and related technologies,AI,AI,23,AI,"Google, offering flexibility and choice to our seamless interoperability between financial customers. Together, these initiatives position workflows and enterprise productivity tools. LSEG as a key enabler of AI-driven workflows, These integrations have significantly improved ensuring our data and analytics are accessible user productivity, allowing customers to across every major consumption layer, from combine LSEG"
019,London Stock Exchange Group plc,2025,019_london_stock_exchange_group_plc_annual_report_2025.txt,AI and related technologies,AI,AI,25,AI,"e sustained demand for our World-Check LSEG’s deep expertise in combining trusted, enhanced our offering screening solutions and strong uptake of AI-enabled data with real-time architecture to with low‑latency, digital identity and fraud services, with over deliver market-leading compliance solutions. cloud‑native solutions."
019,London Stock Exchange Group plc,2025,019_london_stock_exchange_group_plc_annual_report_2025.txt,AI and related technologies,AI,AI,29,AI,"ur target leverage range. to Workspace, product development with We returned £2.1 billion to shareholders via Microsoft across our Data & Analytics portfolio, share repurchases in 2025 at an average investment in AI-ready data including the price of £93.44. development of Model Context Protocol (MCP) servers, ongoing Post Trade Solutions We plan to complete a further £3 billion innovation and continued investment in"
019,London Stock Exchange Group plc,2025,019_london_stock_exchange_group_plc_annual_report_2025.txt,AI and related technologies,AI,AI,49,AI,"of business a strong risk culture, and the growing transformation and change management initiatives. More information on employee importance of technology and AI. Employee – The Board discussed management actions to address engagement can be found on page 44 concerns raised in the forums were discussed concerns raised by colleagues, including the need for: of the St"
019,London Stock Exchange Group plc,2025,019_london_stock_exchange_group_plc_annual_report_2025.txt,AI and related technologies,AI,AI,51,AI,atters for stakeholder group and policymakers during the year. – Market competitiveness – Compliance with applicable laws and regulation – Data issues – Sustainability and governance – Innovation and technology – AI and digital assets – Operational resilience – Financial stability Investors Our shareholders are critical to the How the Board has engaged – Shareholders had access to comprehensive online
019,London Stock Exchange Group plc,2025,019_london_stock_exchange_group_plc_annual_report_2025.txt,AI and related technologies,AI,AI,51,AI,"dustry conferences in the How this engagement influenced Board discussions – Industry dynamics UK and internationally. In 2025, this included over – As a result of shareholders’ significant focus on AI – Impact of new technologies 580 investor engagements and attendance at and its potential impact on LSEG, the Board supported including AI 11 conferences across k"
019,London Stock Exchange Group plc,2025,019_london_stock_exchange_group_plc_annual_report_2025.txt,AI and related technologies,AI,AI,51,AI,"over – As a result of shareholders’ significant focus on AI – Impact of new technologies 580 investor engagements and attendance at and its potential impact on LSEG, the Board supported including AI 11 conferences across key markets. a more detailed disclosure around drivers of revenue – Remuneration – Regular IR updates were presented at sche"
019,London Stock Exchange Group plc,2025,019_london_stock_exchange_group_plc_annual_report_2025.txt,AI and related technologies,AI,AI,51,AI,"scheduled in Data & Analytics in our third-quarter trading update, – Board composition Board meetings, providing insights from investor which was followed by a full presentation of our AI feedback, outcomes of engagement activities, strategy at November’s Innovation Forum. sell-side research and market sentiment"
019,London Stock Exchange Group plc,2025,019_london_stock_exchange_group_plc_annual_report_2025.txt,AI and related technologies,AI,AI,53,AI,"Through this collaboration, LSEG is transforming access a structured evaluation of each partnership’s strategic to financial data by leveraging cutting-edge, AI-driven alignment with the Group’s objectives. Directors innovation at scale. The partnership enables customers considered how the partnerships would deliver"
019,London Stock Exchange Group plc,2025,019_london_stock_exchange_group_plc_annual_report_2025.txt,AI and related technologies,AI,AI,53,AI,"ectors innovation at scale. The partnership enables customers considered how the partnerships would deliver to build, deploy and scale agentic AI directly into their long-term value for shareholders and other workflows, supported by secure and seamless connectivity. stakeholders, including customers, suppliers,"
019,London Stock Exchange Group plc,2025,019_london_stock_exchange_group_plc_annual_report_2025.txt,AI and related technologies,AI,AI,53,AI,"security. The Board also reviewed potential risks Amazon Web Services collaboration and benefits associated with cloud migration, AI The Board continues to consider the interests of integration and data infrastructure modernisation. stakeholders in relation to LSEG’s cloud stra"
019,London Stock Exchange Group plc,2025,019_london_stock_exchange_group_plc_annual_report_2025.txt,AI and related technologies,AI,AI,53,AI,"Russell divisions. This builds on the existing relationship redefine the future of financial services through secure, between the two organisations and reflects the Board’s AI-powered innovation. By combining LSEG’s trusted commitment to enhancing operational resilience, security market data with Microsoft’s cloud and AI capabilities,"
019,London Stock Exchange Group plc,2025,019_london_stock_exchange_group_plc_annual_report_2025.txt,AI and related technologies,AI,AI,53,AI,"rganisations and reflects the Board’s AI-powered innovation. By combining LSEG’s trusted commitment to enhancing operational resilience, security market data with Microsoft’s cloud and AI capabilities, and innovation. LSEG empowers its customers while reinforcing its"
019,London Stock Exchange Group plc,2025,019_london_stock_exchange_group_plc_annual_report_2025.txt,AI and related technologies,AI,AI,53,AI,"ional services and products to customers. The adoption of excellence. It helps to ensure that stakeholder interests advanced cloud-based generative AI capabilities will are considered in the development and deployment enable the Risk Intelligence division to provide faster of cloud-based solutions, particularly in areas suc"
019,London Stock Exchange Group plc,2025,019_london_stock_exchange_group_plc_annual_report_2025.txt,AI and related technologies,AI,AI,55,AI,"Rapid market and technological shifts, including the which provide standards and guidance for effective programme continued advancement of artificial intelligence (AI), assessment, execution and integration of acquisitions. Group Risk heighten the risk of disruption to our business model, monitor transformation activities and execution risk with"
019,London Stock Exchange Group plc,2025,019_london_stock_exchange_group_plc_annual_report_2025.txt,AI and related technologies,AI,AI,56,AI,"ng and independent validation that considers their design, intended Divisional Group Heads, climate risk modelling. Risks arise from potential flaws use and input, including where AI capabilities are employed. Chief Risk Officer in the design, data sourcing, incorrect implementation Key models are subject to a formalised monitoring process. Risk trend"
019,London Stock Exchange Group plc,2025,019_london_stock_exchange_group_plc_annual_report_2025.txt,AI and related technologies,AI,AI,56,AI,"affect data service and delivery. As our reliance on migration is enhancing our service resilience, while improved digital platforms and use of AI grows, so does the monitoring tools support faster issue detection and recovery potential impact of technology-related incidents when incidents occur."
019,London Stock Exchange Group plc,2025,019_london_stock_exchange_group_plc_annual_report_2025.txt,AI and related technologies,AI,AI,57,AI,"xternal technology barriers to entry and intensify competition in the areas advisers. Investment scanning, proof-of-concept testing and in which we operate. Advances in AI and associated customer collaboration help us anticipate and respond to Executive lead generative technologies, cloud computing, quantum changing consumption patterns. We continue to build strong"
019,London Stock Exchange Group plc,2025,019_london_stock_exchange_group_plc_annual_report_2025.txt,AI and related technologies,AI,AI,57,AI,"enerative technologies, cloud computing, quantum changing consumption patterns. We continue to build strong Chief Information Officer, technologies and distributed ledger systems could partnerships with AI focused businesses to ensure our data Divisional Group Heads reshape market dynamics, introduce new competitors remains fully accessible within the evolving ecosystem of AI and challen"
019,London Stock Exchange Group plc,2025,019_london_stock_exchange_group_plc_annual_report_2025.txt,AI and related technologies,AI,AI,57,AI,"stems could partnerships with AI focused businesses to ensure our data Divisional Group Heads reshape market dynamics, introduce new competitors remains fully accessible within the evolving ecosystem of AI and challenge core services we provide. These enabled tools. We have also invested in upgrading and future Risk trend developments may impact our commercial mo"
019,London Stock Exchange Group plc,2025,019_london_stock_exchange_group_plc_annual_report_2025.txt,AI and related technologies,AI,AI,57,AI,"developments may impact our commercial models, proofing our technology so we can deliver our data quickly introduce new cybersecurity and data risks, and and seamlessly to new AI applications as they emerge. We also reduce demand for our centralised infrastructure. participate in industry and academic forums, and engage with"
019,London Stock Exchange Group plc,2025,019_london_stock_exchange_group_plc_annual_report_2025.txt,AI and related technologies,AI,AI,64,AI,large technology teams at Microsoft and has Scott Guthrie been Executive Vice President of Microsoft’s Non-Executive Director Cloud and AI division since 2014. He is responsible for Microsoft Azure and Microsoft’s Appointed to the Board in February 2023. Cloud and Data Platforms. Scott was previously
019,London Stock Exchange Group plc,2025,019_london_stock_exchange_group_plc_annual_report_2025.txt,AI and related technologies,AI,AI,66,AI,"initiatives and new products and services, including in relation – Held a direct customer engagement session during the visit to the to the partnership with Microsoft and the use of AI to improve New York office resulting in deeper insights gained on customer customer experience. needs and concerns. Strategy and – Discussed the long-term strategic direction an"
019,London Stock Exchange Group plc,2025,019_london_stock_exchange_group_plc_annual_report_2025.txt,AI and related technologies,AI,AI,66,AI,"ion, which comprised of the sale of a 20% for next-generation data and analytics, cloud infrastructure and equity stake in Post Trade Solutions to key customer banks, AI integration. in combination with an amendment and extension of the – Received regular updates on progress to transition to a product-led"
019,London Stock Exchange Group plc,2025,019_london_stock_exchange_group_plc_annual_report_2025.txt,AI and related technologies,AI,AI,66,AI,"on with an amendment and extension of the – Received regular updates on progress to transition to a product-led SwapClear revenue share arrangements. The partnership operating model, AI-ready products, transformation, achieving deepens the relationships with key customer banks, stated targets and synergies, customer matters, people and culture, supporting future growth."
019,London Stock Exchange Group plc,2025,019_london_stock_exchange_group_plc_annual_report_2025.txt,AI and related technologies,AI,AI,67,AI,"– Oversees key strategic matters and their on progress to embed the Group’s strategic related risks, including sustainability, ambitions around culture and an analysis of technology (including cyber and AI) and key areas of feedback from the annual human capital management. engagement survey results. Board members – Reviews and holds management to account also utilised engagement sessions with fo"
019,London Stock Exchange Group plc,2025,019_london_stock_exchange_group_plc_annual_report_2025.txt,AI and related technologies,AI,AI,70,AI,"versight including: delivery of the LSEG-Microsoft programmes to deliver next-generation data and analytics, cloud infrastructure and Partnership (LMP), operational transformation AI integration. and resilience, technology and AI, Data & – Monitored the ongoing transformation to a customer-centric and product-led Analytics strategy; and further incorporation"
019,London Stock Exchange Group plc,2025,019_london_stock_exchange_group_plc_annual_report_2025.txt,AI and related technologies,AI,AI,70,AI,"programmes to deliver next-generation data and analytics, cloud infrastructure and Partnership (LMP), operational transformation AI integration. and resilience, technology and AI, Data & – Monitored the ongoing transformation to a customer-centric and product-led Analytics strategy; and further incorporation organisation. of sustainability matte"
019,London Stock Exchange Group plc,2025,019_london_stock_exchange_group_plc_annual_report_2025.txt,AI and related technologies,AI,AI,70,AI,to a customer-centric and product-led Analytics strategy; and further incorporation organisation. of sustainability matters into Board discussions. – Received briefings on AI strategy and products. – Considered sustainability matters four times during the year. – Continued the focus on key s
019,London Stock Exchange Group plc,2025,019_london_stock_exchange_group_plc_annual_report_2025.txt,AI and related technologies,AI,AI,70,AI,"chnology resilience – Oversight of product development, in particular in relation to developments arising oversight alongside delivery of the technology strategy. from the partnership with Microsoft and AI-ready products. – Received updates on technology and product initiatives, which included the associate"
019,London Stock Exchange Group plc,2025,019_london_stock_exchange_group_plc_annual_report_2025.txt,AI and related technologies,AI,AI,71,AI,"f the review were reported to, In 2025, the Board undertook an externally delivery and culture and considered by, the Board and actions and facilitated review of the performance of the – AI, data and product development focus areas for the Board and its Committees Board, its Committees, the Chair and the – Risk management to undertake in 2026 were agreed. The"
019,London Stock Exchange Group plc,2025,019_london_stock_exchange_group_plc_annual_report_2025.txt,AI and related technologies,AI,AI,85,AI,"ncome growth– Summary of the current Remuneration Policy stake, enabling long-term value creation – Delivering our LSEG Everywhere AI strategyOur Annual Report on Remuneration, which centred on Trusted Data, Transformativesets out remuneration outcomes for 2025 and"
019,London Stock Exchange Group plc,2025,019_london_stock_exchange_group_plc_annual_report_2025.txt,AI and related technologies,AI,AI,94,AI,engagement with our products – Yield from pricing strategy customer queries. Over 80% of customer cases use our across the trade lifecycle and – Brand familiarity AI-powered Question and Answer Service (QAS) enabling data value chain half of customer queries to be resolved within an hour
019,London Stock Exchange Group plc,2025,019_london_stock_exchange_group_plc_annual_report_2025.txt,AI and related technologies,AI,AI,94,AI,"– Significant progress to optimise staff costs including workforce in-sourcing programme, and introducing use of AI tools in core functions to drive productivity and efficiency gains Sustainability Establish LSEG as strategic – ESG rating"
019,London Stock Exchange Group plc,2025,019_london_stock_exchange_group_plc_annual_report_2025.txt,AI and related technologies,AI,AI,95,AI,"– David is driving LSEG’s strategic transformation, with major internal and the upward trajectory that started during his first year of office and provides external programmes including leading our accelerated AI transformation, confidence in further improvement in 2026. This reflects Michel-Alain’s driving digitalisation capabilities across our market infrastructure and continued focus on operating leverage thr"
019,London Stock Exchange Group plc,2025,019_london_stock_exchange_group_plc_annual_report_2025.txt,AI and related technologies,AI,AI,95,AI,"a trusted figure amongst shareholders, markets and strategic partnership with 11 leading banks taking a 20% stake. The LSEG customers, displaying his rigorous understanding of our business and its Everywhere AI strategy, LSEG’s unmatched data and our infrastructure growth opportunities when co-hosting LSEG’s recent Innovation Forum. position us as a long-term strategic partner of choice, as do the new LSEG – He cont"
019,London Stock Exchange Group plc,2025,019_london_stock_exchange_group_plc_annual_report_2025.txt,AI and related technologies,AI,AI,108,AI,"nd commitment to support disability expertise features prominently in LSEG Holdco, Inc. pays for the PAC’s administrative – improves physical accessibility for research functions, including AI and large expenses; providing such support is not existing locations language models, quantitative and data-driven considered to be a political donation or"
019,London Stock Exchange Group plc,2025,019_london_stock_exchange_group_plc_annual_report_2025.txt,AI and related technologies,AI,AI,199,AI,unter (OTC) Global Account Verification; an API product Derivatives are negotiated privately between designed to address challenges of Authorised AI two parties and may be cleared through Push Payment (APP) fraud. Artificial intelligence. a clearing house.
019,London Stock Exchange Group plc,2025,019_london_stock_exchange_group_plc_annual_report_2025.txt,AI and related technologies,AI,AI,200,AI,"LSEG’s historical archive of real-time pricing Model Context Protocol; an open-source The all-share acquisition of Refinitiv by London data, covering OTC and exchange-traded standard for connecting AI applications Stock Exchange Group plc, completed on instruments from trading venues and third- to sources of data. 29 January 2021. party contributor"
019,London Stock Exchange Group plc,2025,019_london_stock_exchange_group_plc_annual_report_2025.txt,AI and related technologies,machine learning,machine learning,108,machine learning,"iding such support is not existing locations language models, quantitative and data-driven considered to be a political donation or modelling, machine learning and natural expenditure under US law. In accordance with language processing. Research also includes the applicable law, contributions from the PAC"
019,London Stock Exchange Group plc,2025,019_london_stock_exchange_group_plc_annual_report_2025.txt,AI and related technologies,automation,automation,10,automation,significant operational efficiencies through process automation. LSEG response We continue to provide clients with We are executing our LSEG Everywhere a uniq
019,London Stock Exchange Group plc,2025,019_london_stock_exchange_group_plc_annual_report_2025.txt,AI and related technologies,automation,automation,15,automation,"ncy improvements across implementation of a unified revenue the business through strengthened controls, process and billing platform automation and a focus on risk culture. We continue to integrate our leading content and Our goal is to deliver the best value possible products with Workspace, offe"
019,London Stock Exchange Group plc,2025,019_london_stock_exchange_group_plc_annual_report_2025.txt,AI and related technologies,automation,automation,15,automation,"f AI productivity tools Budgeting for large components of our cost base and to increase operational efficiency, driven operating efficiencies from automation of content particularly in Engineering, Operations, collection and ingestion. Sales and Marketing"
019,London Stock Exchange Group plc,2025,019_london_stock_exchange_group_plc_annual_report_2025.txt,AI and related technologies,automation,automation,94,automation,"bly for the markets issue closure – Further strengthened the organisation’s resilience through and our customers – Business risk maturity enhanced controls, process automation and an enhanced, assessment robust risk culture across the organisation – Further impr"
019,London Stock Exchange Group plc,2025,019_london_stock_exchange_group_plc_annual_report_2025.txt,AI and related technologies,generative AI,generative AI,53,generative AI,"and operational services and products to customers. The adoption of excellence. It helps to ensure that stakeholder interests advanced cloud-based generative AI capabilities will are considered in the development and deployment enable the Risk Intelligence division to provide faster of cloud-based solutions, particularly in areas suc"
019,London Stock Exchange Group plc,2025,019_london_stock_exchange_group_plc_annual_report_2025.txt,AI and related technologies,large language model,large language model,199,Large language model,"FTSE Russell FTSE International Limited and its subsidiaries, LLM the Group subsidiary that is a leading global Large language model. provider of index and analytics solutions. London Stock Exchange Group plc | Annual Rep"
019,London Stock Exchange Group plc,2025,019_london_stock_exchange_group_plc_annual_report_2025.txt,AI and related technologies,LLM,LLM,13,LLM,"n business, so we Interoperability is in our DNA. When other in financial services through professionals work, with can innovate faster and exchange groups focused on vertical our open, LLM-agnostic AI-enabled products that serve our customers better. integration of trading and clearing, we partnership approach. bring speed, simplicity champio"
019,London Stock Exchange Group plc,2025,019_london_stock_exchange_group_plc_annual_report_2025.txt,AI and related technologies,LLM,LLM,199,LLM,"insurance products. FTSE Russell FTSE International Limited and its subsidiaries, LLM the Group subsidiary that is a leading global Large language model. provider of index and analytics solutions."
019,London Stock Exchange Group plc,2025,019_london_stock_exchange_group_plc_annual_report_2025.txt,"Fairness, bias and ethics",bias,bias,47,bias,"4; At year-end, colleagues receive equally average completion rate of 73% for modules 1.8% of the raw pay gap was non-identifiable by weighted ratings for what they achieve – covering topics such as bias, anti-racism, the factors considered in our model. The raw aligned to personal, divisional and Group accessibility, and LGBTQ+ inclusion. ethnicity pay gap in the UK and US increased objec"
019,London Stock Exchange Group plc,2025,019_london_stock_exchange_group_plc_annual_report_2025.txt,"Fairness, bias and ethics",bias,bias,47,bias,"ll colleagues that is held accountable for creating an differences arise from protected characteristics are required to complete mandatory annual inclusive culture or improper bias. Our ambition is to reduce all training on our Code of Conduct, and in 2025 – Create merit-based processes, enabling pay gaps, particularly keeping non-identifiable 98.5% of colleagues completed the training."
019,London Stock Exchange Group plc,2025,019_london_stock_exchange_group_plc_annual_report_2025.txt,"Fairness, bias and ethics",bias,bias,84,bias,"– Continue to progress towards pay clarity Corporate Governance section of our website of 2025 Long-Term Incentive (LTI) awards and pay free from bias, ahead of the EU at https://www.lseg.com/en/about-us/– Remuneration approach for 2026, including Pay Transparency Directive implementation corporate-governance. t"
019,London Stock Exchange Group plc,2025,019_london_stock_exchange_group_plc_annual_report_2025.txt,"Fairness, bias and ethics",bias,bias,84,bias,. The review determined– Progress towards pay clarity and pay free that the Committee is performing well and from bias ahead of EU Pay Transparency operating effectively. Further details can be Directive implementation
019,London Stock Exchange Group plc,2025,019_london_stock_exchange_group_plc_annual_report_2025.txt,"Fairness, bias and ethics",bias,bias,89,bias,"to pay; and (iii) we are focused on clarity and pay free from bias. Fixed pay Salary Pension and Benefits Reflects value of individual roles, which is linked with individual Competitive benefits and pension pla"
019,London Stock Exchange Group plc,2025,019_london_stock_exchange_group_plc_annual_report_2025.txt,"Fairness, bias and ethics",bias,bias,108,bias,"ages 37 to 46. by the applicable laws in the countries in which we operate. For example, in the US under the – drives towards removing bias related to Research and development Federal Election Campaign Act, eligible disability hiring and provides the necessary LSEG undertakes research and development employees can establish n"
019,London Stock Exchange Group plc,2025,019_london_stock_exchange_group_plc_annual_report_2025.txt,"Fairness, bias and ethics",bias,bias,118,bias,r alleged fraud; adjustments; assessing whether the judgements made in making – the internal controls established to mitigate risks of fraud or accounting estimates are indicative of a potential bias; and evaluating non-compliance with laws and regulations; the business rationale of any significant transactions that are unusual – the matters discussed among the audit engagement team in
020,Experian plc,2025,020_experian_plc_annual_report_2025.txt,AI and related technologies,artificial intelligence,artificial intelligence,6,Artificial Intelligence,"rating of 4.2/5, Our client Net Promotor Score (NPS) has up from 4.1 four years ago increased for seven years running since FY18 Our Generative Artificial Intelligence >200m (GenAI)-enabled tool, Experian Assistant, Our free consumer member won the 2025 BIG Innovation Award in the"
020,Experian plc,2025,020_experian_plc_annual_report_2025.txt,AI and related technologies,artificial intelligence,artificial intelligence,13,Artificial Intelligence,"data – we combine it with powerful software, of Group revenue* analytics, and Artificial Intelligence (AI) to create solutions.What we do We help millions of people take control of their finances. We provide credit We integ"
020,Experian plc,2025,020_experian_plc_annual_report_2025.txt,AI and related technologies,artificial intelligence,artificial intelligence,83,Artificial Intelligence,"to an increasing number of events Office (GSO) has constantly updated processes, including those relating that have the potential to impact operations in a single location, to emerging threats, such as Generative Artificial Intelligence (GenAI). including extreme weather events, breakdowns in core infrastructure The Audit Committee was also briefed on the investment in people and or the emergence of a significant health-related event, we"
020,Experian plc,2025,020_experian_plc_annual_report_2025.txt,AI and related technologies,artificial intelligence,artificial intelligence,86,Artificial Intelligence,"control the use of data in certain areas. on regulations which have the potential to impact our business, Additional states have under consideration similar or more including regulations over Artificial Intelligence (AI) and cyber security, comprehensive privacy laws. The California Delete Act, which is rulings which could impact credit scores, and General Data Protection scheduled to go into effect in August 2026,"
020,Experian plc,2025,020_experian_plc_annual_report_2025.txt,AI and related technologies,artificial intelligence,artificial intelligence,100,Artificial Intelligence,"Management activities During the financial year regarding Privacy and Artificial Intelligence (AI), Consumer Credit and • The Chief Executive Officer (CEO) updates the Board at every scheduled regulatory trends and updates on the rulemaking and supervisory meeting on operational, financial, business, a"
020,Experian plc,2025,020_experian_plc_annual_report_2025.txt,AI and related technologies,artificial intelligence,artificial intelligence,121,Artificial Intelligence,"processes, including those relating to emerging Anti-Bribery and Corruption and Gifts and Hospitality Policies. These threats such as Generative Artificial Intelligence (GenAI). The Committee policies, together with regular communications on the Confidential was also briefed on the investment in people and technology and the Helpl"
020,Experian plc,2025,020_experian_plc_annual_report_2025.txt,AI and related technologies,artificial intelligence,artificial intelligence,244,Artificial Intelligence,"ions are used in this Annual Report, and are taken to have the following meanings: Abbreviation Meaning AGM Annual General Meeting AI Artificial Intelligence A/NZ Australia and New Zealand APAC Asia Pacific API Application Programming Interface B2B Business-to-Busi"
020,Experian plc,2025,020_experian_plc_annual_report_2025.txt,AI and related technologies,artificial intelligence,artificial intelligence,244,Artificial Intelligence,"Generally Accepted Accounting Practice GDP Gross Domestic Product GDPR General Data Protection Regulation GenAI Generative Artificial Intelligence GHGs Greenhouse gas emissions H1 The first half of Experian’s financial year, being the six months ending 30 September"
020,Experian plc,2025,020_experian_plc_annual_report_2025.txt,AI and related technologies,AI,AI,13,AI,"data – we combine it with powerful software, of Group revenue* analytics, and Artificial Intelligence (AI) to create solutions.What we do We help millions of people take control of their finances. We provide credit We integrate"
020,Experian plc,2025,020_experian_plc_annual_report_2025.txt,AI and related technologies,AI,AI,16,AI,"d confidently. Structural growth opportunities, examples, as we highlight in this report. Our Generative the breadth of our business and the trust we have built AI-powered Experian Assistant won a 2025 BIG Innovation shape our strategy and give us a strong platform to thrive. Award, and we delivered over 2,000 client solutions th"
020,Experian plc,2025,020_experian_plc_annual_report_2025.txt,AI and related technologies,AI,AI,17,AI,"enges for the Board over face of macroeconomic volatility? on fast-evolving trends like the next three to five years? Volatility has been a consistent feature of cyber security and AI? Talent is central. A major priority is to the global economy in recent years, and Cyber security is a standing priority. have the right leadership team in place. we expect tha"
020,Experian plc,2025,020_experian_plc_annual_report_2025.txt,AI and related technologies,AI,AI,20,AI,"These include empowered and FinTech sectors consumers, digital growth, fraud challenges, Banks across all markets are ramping up investments to meet advancements in AI and cloud technology, stricter rising customer expectations, comply with regulations, and privacy and regulatory demands, plus shifts in ad"
020,Experian plc,2025,020_experian_plc_annual_report_2025.txt,AI and related technologies,AI,AI,20,AI,"ion from FinTechs and emerging competitors. banking and other customer segments. To take Lenders are increasingly adopting analytics, cloud technology advantage of these opportunities, we invest to expand and AI to improve user experiences, enhance marketing and our data assets, develop our product range, enhance risk management, and streamline operations through the way we deliver our products to clients and extend aut"
020,Experian plc,2025,020_experian_plc_annual_report_2025.txt,AI and related technologies,AI,AI,20,AI,"performance and manage risks effectively. Our response: With a strong foundation in analytics, cloud solutions and AI, We are expanding our Consumer Services products and use we are confident that Experian’s expertise and breadth of cases to cover more areas of consumers’ financial lives. Our"
020,Experian plc,2025,020_experian_plc_annual_report_2025.txt,AI and related technologies,AI,AI,20,AI,"ors’ ongoing transformation. for instant access to financial services via smartphones. Our members are able to access credit offers instantly and our Insurance Marketplace in the USA has grown rapidly in Generative AI and other emerging scale. We have also introduced our Generative AI (GenAI) technologies financial assistant EVA, which helps our members to better The world of GenAI is rapidly evolving, offering both under"
020,Experian plc,2025,020_experian_plc_annual_report_2025.txt,AI and related technologies,AI,AI,20,AI,"s via smartphones. Our members are able to access credit offers instantly and our Insurance Marketplace in the USA has grown rapidly in Generative AI and other emerging scale. We have also introduced our Generative AI (GenAI) technologies financial assistant EVA, which helps our members to better The world of GenAI is rapidly evolving, offering both understand their credit data and work towards improving technolo"
020,Experian plc,2025,020_experian_plc_annual_report_2025.txt,AI and related technologies,AI,AI,21,AI,data coverage in the UK. integration with WaveHDC and leveraging AI-driven innovation in healthcare. WeProgress* TAM: Our ambitions are building a comprehensive digi
020,Experian plc,2025,020_experian_plc_annual_report_2025.txt,AI and related technologies,AI,AI,23,AI,products • Leverage advanced technologies • Build a US$1bn+ Marketplace Industry-leading and AI business innovation • Organise to expand at scale • Engage with consumers daily
020,Experian plc,2025,020_experian_plc_annual_report_2025.txt,AI and related technologies,AI,AI,24,AI,"4. Offer personalised support with advanced technology: 4. Expand in new and underpenetrated markets where we are ever-more tailored recommendations, which use AI, most relevant. open banking, and consumer-permissioned data. 5. Leverage advanced technologies, Generative AI and AI more 5. Reach new audiences: attract new customers and"
020,Experian plc,2025,020_experian_plc_annual_report_2025.txt,AI and related technologies,AI,AI,24,AI,"ts where we are ever-more tailored recommendations, which use AI, most relevant. open banking, and consumer-permissioned data. 5. Leverage advanced technologies, Generative AI and AI more 5. Reach new audiences: attract new customers and broadly to improve our product innovation and re-engineer re-engage existing members. our processes and costs to better position our businesses"
020,Experian plc,2025,020_experian_plc_annual_report_2025.txt,AI and related technologies,AI,AI,24,AI,"e we are ever-more tailored recommendations, which use AI, most relevant. open banking, and consumer-permissioned data. 5. Leverage advanced technologies, Generative AI and AI more 5. Reach new audiences: attract new customers and broadly to improve our product innovation and re-engineer re-engage existing members. our processes and costs to better position our businesses"
020,Experian plc,2025,020_experian_plc_annual_report_2025.txt,AI and related technologies,AI,AI,31,AI,"encourages transparency and proactive risk reporting. We drive cost effectiveness across our operations, improve service A recent example is our approach to Generative AI (GenAI). reliability, security and performance, and enable the organisation to Recognising both its potential and risks, we have put in place a clear a"
020,Experian plc,2025,020_experian_plc_annual_report_2025.txt,AI and related technologies,AI,AI,34,AI,"oyment data assets. Our vertical markets growth has been driven by leveraging our data and software capabilities, providing more integrated capabilities across our product suites and new product introductions such as AI-driven patient access products in Health. In Consumer Services, we have grown our membership base, driven higher engagement, and broadened our consumer offers. Our Experian"
020,Experian plc,2025,020_experian_plc_annual_report_2025.txt,AI and related technologies,AI,AI,36,AI,"ge. Our acquisition of WaveHDC last year enabled a new innovative solution called Patient Access Curator. This AI-driven offering is a leading eligibility and insurance identification product,"
020,Experian plc,2025,020_experian_plc_annual_report_2025.txt,AI and related technologies,AI,AI,38,AI,"r people, deepening the resources in our online Careers Hub, • We delivered strong growth in Benchmark earnings per share (EPS), and launching an AI coach. 81% of employees agreed that they which increased by 11% at constant and 8% at actual exchange rates, are developing professionally at Experian."
020,Experian plc,2025,020_experian_plc_annual_report_2025.txt,AI and related technologies,AI,AI,42,AI,"has always been a significant challenge for businesses, and it is becoming ever-more complex in today’s digital world. In 2023 alone, an estimated US$1 trillion was stolen due to fraudulent activities. With the rise of AI-driven fraud, criminals are using stolen personal information and login credentials from the dark web to create fraudulent accounts, break into existing accounts, or even fabricate entirely new identities. By cleverly m"
020,Experian plc,2025,020_experian_plc_annual_report_2025.txt,AI and related technologies,AI,AI,43,AI,"With NeuroID now fully integrated into Experian’s Ascend provide businesses with Platform, business clients can monitor and analyse digital AI-powered fraud detection behaviours in real time – all through a single platform. and identity verification For Experian, the addition of N"
020,Experian plc,2025,020_experian_plc_annual_report_2025.txt,AI and related technologies,AI,AI,57,AI,"to receive the payments they are owed by verifying simplify this experience.” insurance information upfront, using automation and AI to Tom Cox reduce data errors, speed up the submission of insurance"
020,Experian plc,2025,020_experian_plc_annual_report_2025.txt,AI and related technologies,AI,AI,57,AI,"payments, fewer appeals, and helping providers stay ahead of frequent changes in insurance requirements. Understanding that AI is critical to collecting and verifying accurate patient information as soon as a patient’s care journey begins, Experian Health took a bold step in"
020,Experian plc,2025,020_experian_plc_annual_report_2025.txt,AI and related technologies,AI,AI,57,AI,"journey begins, Experian Health took a bold step in 2024 by acquiring WaveHDC, a healthcare technology company specialising in AI-driven data curation. With this acquisition, we developed an innovative solution that provides the most accurate patient insurance details in real time,"
020,Experian plc,2025,020_experian_plc_annual_report_2025.txt,AI and related technologies,AI,AI,63,AI,"al journey (see page 59). SPOTLIGHT Our responsible approach to Artificial Intelligence (AI) At Experian, we champion the responsible use of AI, including machine learning and Generative AI (GenAI) to enhance"
020,Experian plc,2025,020_experian_plc_annual_report_2025.txt,AI and related technologies,AI,AI,63,AI,"Our responsible approach to Artificial Intelligence (AI) At Experian, we champion the responsible use of AI, including machine learning and Generative AI (GenAI) to enhance productivity, drive innovation, and improve sol"
020,Experian plc,2025,020_experian_plc_annual_report_2025.txt,AI and related technologies,AI,AI,63,AI,"Intelligence (AI) At Experian, we champion the responsible use of AI, including machine learning and Generative AI (GenAI) to enhance productivity, drive innovation, and improve solutions for evolving customer and"
020,Experian plc,2025,020_experian_plc_annual_report_2025.txt,AI and related technologies,AI,AI,63,AI,"client needs. Our Global Data Principles (see page 60) form the foundation of this approach, guiding us to use AI in ways that are safe, accurate, fair, transparent and inclusive. They must be explainable, with clear acco"
020,Experian plc,2025,020_experian_plc_annual_report_2025.txt,AI and related technologies,AI,AI,63,AI,"transparent and inclusive. They must be explainable, with clear accountabilities assigned. AI helps us foster financial inclusion by incorporating additional data types to give more accurate views of consumers' creditworthiness and"
020,Experian plc,2025,020_experian_plc_annual_report_2025.txt,AI and related technologies,AI,AI,63,AI,"isibles' gain access to the financial system and improve their financial health. Experian's Global AI Risk Council, including senior technical experts and representatives from Risk, Compliance and Legal, works with busine"
020,Experian plc,2025,020_experian_plc_annual_report_2025.txt,AI and related technologies,AI,AI,63,AI,"l experts and representatives from Risk, Compliance and Legal, works with business teams to ensure that advancements in AI are monitored, and any new risks are identified and responded to. The Council provides regular reporting into senior leade"
020,Experian plc,2025,020_experian_plc_annual_report_2025.txt,AI and related technologies,AI,AI,63,AI,"re monitored, and any new risks are identified and responded to. The Council provides regular reporting into senior leader AI oversight meetings, the Executive Risk Management Committee and Board committees as required."
020,Experian plc,2025,020_experian_plc_annual_report_2025.txt,AI and related technologies,AI,AI,65,AI,"four of our managers works with team members in different locations. opportunities for our people over the years. Development programmes for leaders at various levels are designed to We recently introduced a new AI-enabled career framework to help us help them get a better understanding of our business, gain experiences identify skills gaps and offer our people personalised career paths and from other functions and build th"
020,Experian plc,2025,020_experian_plc_annual_report_2025.txt,AI and related technologies,AI,AI,65,AI,"e personalised career paths and from other functions and build the skills needed to deliver our business learning based on their skills, interests and aspirations. It already covers strategy. We have introduced an AI coach that offers leaders personalised more than 28% of our people. and confidential guidance to help them grow and deal with leadership challenges. Driven by AI, it creates the opportunity to give leaders realistic,"
020,Experian plc,2025,020_experian_plc_annual_report_2025.txt,AI and related technologies,AI,AI,65,AI,"ons. It already covers strategy. We have introduced an AI coach that offers leaders personalised more than 28% of our people. and confidential guidance to help them grow and deal with leadership challenges. Driven by AI, it creates the opportunity to give leaders realistic, personalised development with real-time feedback, while enabling us to scale up solutions and democratise development further. The coaching covers topics such as se"
020,Experian plc,2025,020_experian_plc_annual_report_2025.txt,AI and related technologies,AI,AI,86,AI,"in certain areas. on regulations which have the potential to impact our business, Additional states have under consideration similar or more including regulations over Artificial Intelligence (AI) and cyber security, comprehensive privacy laws. The California Delete Act, which is rulings which could impact credit scores, and General Data Protection scheduled to go into effect in August 2026, wil"
020,Experian plc,2025,020_experian_plc_annual_report_2025.txt,AI and related technologies,AI,AI,88,AI,"88 ExperianStrategic reportplc Risk management and principal risks continued Changes this year • We operate a GenAI programme focused on utilising advanced AI We continue to analyse opportunities and threats to our business technologies to drive productivity, customer engagement and product model and work to address such opportunities and threats through"
020,Experian plc,2025,020_experian_plc_annual_report_2025.txt,AI and related technologies,AI,AI,88,AI,"albeit the broader landscape continues to evolve. We operate in dynamic market spaces such as consumer and business New and rapidly evolving technologies, such as AI, could also create credit information, decisioning software, fraud, marketing, and new paradigms in the application and management of commercial consumer services. Our competitive landscape is still evolving, w"
020,Experian plc,2025,020_experian_plc_annual_report_2025.txt,AI and related technologies,AI,AI,88,AI,"keting, and new paradigms in the application and management of commercial consumer services. Our competitive landscape is still evolving, with data assets, with a number of competitors now incorporating AI into traditional players reinventing themselves, emerging players investing product and efficiency roadmaps. Experian continues to explore these heavily and new entrants making commitments in new technologies"
020,Experian plc,2025,020_experian_plc_annual_report_2025.txt,AI and related technologies,AI,AI,89,AI,"ise public trust and consumer in-demand job categories. and investor protection, promoting prudent conduct risk management. Regulatory scrutiny on the use of AI has increased throughout the globe Our employer brand continues to gain momentum, underpinned by our due to the large amount of data used in processing. An ethical concern compelling purpose and a culture of inc"
020,Experian plc,2025,020_experian_plc_annual_report_2025.txt,AI and related technologies,AI,AI,89,AI,"nging, which is is the risk of potential consumer impact related to biases which could well recognised and attracts accolades in many of our markets. increase inequalities. The types and quantities of data used in AI may Further information on our people agenda is available in our increase the risk of amplifying biases. There are also privacy concerns"
020,Experian plc,2025,020_experian_plc_annual_report_2025.txt,AI and related technologies,AI,AI,100,AI,"Management activities During the financial year regarding Privacy and Artificial Intelligence (AI), Consumer Credit and • The Chief Executive Officer (CEO) updates the Board at every scheduled regulatory trends and updates on the rulemaking and supervisory meeting on operational, financial, business, and a"
020,Experian plc,2025,020_experian_plc_annual_report_2025.txt,AI and related technologies,AI,AI,100,AI,"perian Software appropriate oversight and monitoring, and the Board also conducts Solutions (including the Identity and Fraud business and AI), Experian post-investment reviews on an agreed timeline (for example in relation Consumer Services and Experian Marketing Services, and the Financial"
020,Experian plc,2025,020_experian_plc_annual_report_2025.txt,AI and related technologies,AI,AI,107,AI,"ary, Charles Brown, update provides details of the focus of external communication activities, oversees communication with private shareholders, and ensures direct which has included innovation, technology (including AI), financial health, responses as appropriate for any matters raised by shareholders. data security and integrity, and people. The Chief Communications Officer The Company issues a Shareholder Questions card each ye"
020,Experian plc,2025,020_experian_plc_annual_report_2025.txt,AI and related technologies,AI,AI,109,AI,"pliers Board • Annual update to the Board on • FY26 will see an increase in the pace of automation and usage of suppliers, which includes details Generative AI within our administrative processes. of digitalisation, engagement, the • Our SRM programme focused on 20 key suppliers with regular, Group’s Supp"
020,Experian plc,2025,020_experian_plc_annual_report_2025.txt,AI and related technologies,AI,AI,244,AI,"plc Glossary The following abbreviations are used in this Annual Report, and are taken to have the following meanings: Abbreviation Meaning AGM Annual General Meeting AI Artificial Intelligence A/NZ Australia and New Zealand APAC Asia Pacific API Application Progra"
020,Experian plc,2025,020_experian_plc_annual_report_2025.txt,AI and related technologies,machine learning,machine learning,60,machine learning,"are Experian Lift Premium enables lenders to score over two thirds of credit open about the data we collect, how we use it and who we invisibles in the USA by applying machine learning and other advanced share it with. And we use data to increase financial inclusionanalytics to additional datasets, regulated by the US Fair Credit Reporting Act ("
020,Experian plc,2025,020_experian_plc_annual_report_2025.txt,AI and related technologies,machine learning,machine learning,63,machine learning,"Intelligence (AI) At Experian, we champion the responsible use of AI, including machine learning and Generative AI (GenAI) to enhance productivity, drive innovation, and improve solutions for evolving customer and"
020,Experian plc,2025,020_experian_plc_annual_report_2025.txt,AI and related technologies,automation,automation,20,automation,"AI to improve user experiences, enhance marketing and our data assets, develop our product range, enhance risk management, and streamline operations through the way we deliver our products to clients and extend automation. These technologies are becoming essential the relationships we have with consumers. tools for improving performance and efficiency. Our response: Dig"
020,Experian plc,2025,020_experian_plc_annual_report_2025.txt,AI and related technologies,automation,automation,33,automation,"Annual Report 2025 33 Productivity • Scaling strategic initiatives • Operating leverage • End of dual-run costs • GenAI, automation and offshoring 30-50 basis points annual margin progression Trending to 7% capital expenditure (Capex) as a % of revenue Capital deployment • Organic, inorgan"
020,Experian plc,2025,020_experian_plc_annual_report_2025.txt,AI and related technologies,automation,automation,37,automation,"expand our offerings to help technology infrastructure, and productivity initiatives such as consumers navigate their financial lives. greater use of GenAI, automation and offshoring. We are on • We continue to focus on savings-intent consumers in track to materially complete our cloud technology transition North America, with our capabilities"
020,Experian plc,2025,020_experian_plc_annual_report_2025.txt,AI and related technologies,automation,automation,42,automation,"s, or even fabricate entirely new identities. By cleverly mixing real details such as names, addresses and phone numbers, they make their fake profiles look like authentic identities. Fraudsters are also using advanced automation tools to launch large-scale attacks. Bots and device emulators help them target businesses across multiple channels, at every stage of the customer journey. This makes fraud detection even more difficult, as traditional"
020,Experian plc,2025,020_experian_plc_annual_report_2025.txt,AI and related technologies,automation,automation,57,automation,"can help to to receive the payments they are owed by verifying simplify this experience.” insurance information upfront, using automation and AI to Tom Cox reduce data errors, speed up the submission of insurance"
020,Experian plc,2025,020_experian_plc_annual_report_2025.txt,AI and related technologies,automation,automation,85,automation,"as Code' to sustain delivery at scale. The benefits of this are to create increasingly sophisticated automation and monitoring, leading to aPotential impact reduction in the time taken to detect and resolve issues.Failure to manage service availability and en"
020,Experian plc,2025,020_experian_plc_annual_report_2025.txt,AI and related technologies,automation,automation,109,automation,"Responsibility Relevant activities during FY25 Summary of stakeholder views/actions Our suppliers Board • Annual update to the Board on • FY26 will see an increase in the pace of automation and usage of suppliers, which includes details Generative AI within our administrative processes. of digitalisation, engagement, the •"
020,Experian plc,2025,020_experian_plc_annual_report_2025.txt,AI and related technologies,generative AI,generative AI,20,Generative AI,"ng the sectors’ ongoing transformation. for instant access to financial services via smartphones. Our members are able to access credit offers instantly and our Insurance Marketplace in the USA has grown rapidly in Generative AI and other emerging scale. We have also introduced our Generative AI (GenAI) technologies financial assistant EVA, which helps our members to better The world of GenAI is rapidly evolving, offering both under"
020,Experian plc,2025,020_experian_plc_annual_report_2025.txt,AI and related technologies,generative AI,generative AI,20,Generative AI,"ial services via smartphones. Our members are able to access credit offers instantly and our Insurance Marketplace in the USA has grown rapidly in Generative AI and other emerging scale. We have also introduced our Generative AI (GenAI) technologies financial assistant EVA, which helps our members to better The world of GenAI is rapidly evolving, offering both understand their credit data and work towards improving technolo"
020,Experian plc,2025,020_experian_plc_annual_report_2025.txt,AI and related technologies,generative AI,generative AI,24,Generative AI,"rated markets where we are ever-more tailored recommendations, which use AI, most relevant. open banking, and consumer-permissioned data. 5. Leverage advanced technologies, Generative AI and AI more 5. Reach new audiences: attract new customers and broadly to improve our product innovation and re-engineer re-engage existing members. our processes and costs to better position our businesses"
020,Experian plc,2025,020_experian_plc_annual_report_2025.txt,AI and related technologies,generative AI,generative AI,31,Generative AI,"ulture that encourages transparency and proactive risk reporting. We drive cost effectiveness across our operations, improve service A recent example is our approach to Generative AI (GenAI). reliability, security and performance, and enable the organisation to Recognising both its potential and risks, we have put in place a clear a"
020,Experian plc,2025,020_experian_plc_annual_report_2025.txt,AI and related technologies,generative AI,generative AI,63,Generative AI,"Intelligence (AI) At Experian, we champion the responsible use of AI, including machine learning and Generative AI (GenAI) to enhance productivity, drive innovation, and improve solutions for evolving customer and"
020,Experian plc,2025,020_experian_plc_annual_report_2025.txt,AI and related technologies,generative AI,generative AI,109,Generative AI,"ns Our suppliers Board • Annual update to the Board on • FY26 will see an increase in the pace of automation and usage of suppliers, which includes details Generative AI within our administrative processes. of digitalisation, engagement, the • Our SRM programme focused on 20 key suppliers with regular, Group’s Supp"
020,Experian plc,2025,020_experian_plc_annual_report_2025.txt,"Fairness, bias and ethics",bias,bias,65,bias,"year, including Pride celebrations across our regions, talks leaders within Experian through our extensive leadership developmentto consider racial bias in Latin America, and awards in EMEA and Asia programmes.Pacific to recognise colleagues’ contributions to our culture of inclusion and belonging."
020,Experian plc,2025,020_experian_plc_annual_report_2025.txt,"Fairness, bias and ethics",bias,bias,161,bias,"made in making accounting estimates of fraud. The discussions also involved our forensic specialists to assist us are indicative of a potential bias. in identifying fraud risks based on discussions of the circumstances of the Group and Company, including consideration of fraudulent schemes that Work on the fraud risks was performed by a combination of compon"
020,Experian plc,2025,020_experian_plc_annual_report_2025.txt,"Fairness, bias and ethics",fairness,fairness,46,fairness,"dd value • Employee assistance helpline Closer relationships with our suppliers, enabled through partnerships • Whistleblowing hotline and fairness, help us to uncover and realise new value, increase savings and reduce costs and risk of failure, as well as ensuring we comply How we add value"
020,Experian plc,2025,020_experian_plc_annual_report_2025.txt,"Fairness, bias and ethics",fairness,fairness,58,Fairness,1.4 8.10 9.3 ENABLED BY Treating data with respect Security Accuracy Fairness Transparency Inclusion SUPPORTED BY Our responsible business foundations Inspiring and supporting Working with Protec
020,Experian plc,2025,020_experian_plc_annual_report_2025.txt,"Fairness, bias and ethics",fairness,fairness,60,Fairness,"e use it, always in which small landowners represent 37%. compliance with legal requirements. We offer a range of solutions to help clients prevent fraud. On average, Fairness: We collect and use data fairly and for legitimate over 350,000 transactions a month are processed through CrossCore, our purposes, balancing privacy expectations with the social and integrated platform for fr"
020,Experian plc,2025,020_experian_plc_annual_report_2025.txt,"Fairness, bias and ethics",fairness,fairness,62,Fairness,"62 ExperianStrategic reportplc Sustainability continued Accuracy Fairness Accurate credit reports, built on accurate data, are essential to enable We are committed to collecting and using data fairly and for legitimate lenders to give people fair access to credit. We strive to continually"
020,Experian plc,2025,020_experian_plc_annual_report_2025.txt,"Fairness, bias and ethics",fairness,fairness,114,fairness,"e many ongoing initiatives to support a work Inclusion and belonging environment where everyone is treated We believe inclusion and belonging are with fairness and respect, has equal access essential to our purpose of creating a better to opportunities and resources, and can tomorrow, together, by making positive change contribute fully to our success. in the world,"
