company_id,company_name,report_year,source_file,category,keyword,search_variant,page_number,matched_text,context
001,Barclays plc,2025,001_barclays_plc_annual_report_2025.txt,"Fairness, bias and ethics",fairness,fairness,2,fairness,"d opportunity in courage, transparency and humility, putting the what we do, championing leaving things better than our business, trust those we and fairness in all we do people and businesses innovation and using we found them work with, and value we serve at the centre of"
001,Barclays plc,2025,001_barclays_plc_annual_report_2025.txt,AI and related technologies,AI,AI,6,AI,"rough 2025 with rapid We are guided by our Values, with an abiding Facts and figures this landscape. We continued to help customers advances in AI, technology continues to be a commitment to be a fair and inclusive manage their money and supported businesses major force of change in the global economy, organisa"
001,Barclays plc,2025,001_barclays_plc_annual_report_2025.txt,AI and related technologies,AI,AI,6,AI,"bringing both opportunity and risk. Barclays is change to focus on ‘Inclusion and Opportunity’ small businesses in the UK and supported adopting AI responsibly, harnessing it as a lever in our ongoing effort to promote and embed a 146,000 mortgage completions, including to enhance efficiency in routine ban"
001,Barclays plc,2025,001_barclays_plc_annual_report_2025.txt,AI and related technologies,AI,AI,7,AI,"to deepen our grasp of the opportunities and challenges as we work towards capital markets and digital assets. As part of this sponsorships continue to have a positive and culture of change driving the AI revolution. Such our new targets, continue to adapt to the we must push for alignment and interoperability lasting impact on society. Over 90% of schools engagement continues to prove invaluable to our cha"
001,Barclays plc,2025,001_barclays_plc_annual_report_2025.txt,AI and related technologies,automation,automation,22,automation,"control resilience, including by increasing our automation levels. and service this year, supporting clients across"
001,Barclays plc,2025,001_barclays_plc_annual_report_2025.txt,AI and related technologies,generative AI,generative AI,22,generative AI,"folios, and maintained their strong underlying productivity and generative AI (GenAI) capabilities long-term investment performance."
001,Barclays plc,2025,001_barclays_plc_annual_report_2025.txt,AI and related technologies,artificial intelligence,artificial intelligence,42,artificial intelligence,"class customer experience; and delivering best You can find out more about how the Directors have had regard to the matters set out in Section embracing artificial intelligence (AI) and other new in classservicecustomer 172(1) when discharging their duties, and the technologies in"
001,Barclays plc,2025,001_barclays_plc_annual_report_2025.txt,AI and related technologies,automation,automation,43,automation,"ith colleagues working on The Board has continued to critically assess and individual tolerance thresholds for somesimpler and safer, and building and maintaining automation (including the use of AI responsibly) the risks associated with technology and of the Group's important business services fortrust and confidence has also been an area of"
001,Barclays plc,2025,001_barclays_plc_annual_report_2025.txt,AI and related technologies,artificial intelligence,artificial intelligence,62,artificial intelligence,"ds (including business or operations; the use of newor current facts. Forward-looking statements emissions accounting methodologies); changes technology, including artificial intelligence; thesometimes use words such as ‘may’, ‘will’, ‘seek’, in tax laws and practice; the outcome of current Group’s ability to access funding; and the success‘"
001,Barclays plc,2025,001_barclays_plc_annual_report_2025.txt,AI and related technologies,artificial intelligence,artificial intelligence,109,artificial intelligence,"ustainability reporting standards (including business or operations; the use of new ‘continue’, ‘aim’, ‘anticipate’, ‘target’, ‘projected’, emissions accounting methodologies); changes technology, including artificial intelligence; the ‘expect’, ‘estimate’, ‘intend’, ‘plan’, ‘goal’, ‘believe’, in tax laws and practice; the outcome of current Group’s ability to access funding; and the success ‘achieve’ or other words of similar meaning."
001,Barclays plc,2025,001_barclays_plc_annual_report_2025.txt,"Fairness, bias and ethics",fairness,fairness,111,fairness,"le what we do, and are passionate inclusion in our transparency and businesses championing about leaving business, trust those and fairness we serve at innovation and using things better than we work with, and in all we do the centre our energy, expertise we found them value"
001,Barclays plc,2025,001_barclays_plc_annual_report_2025.txt,AI and related technologies,automation,automation,123,automation,"mme and discussed its the operating environment and continued including how they are enabling process continued importance to delivering the colleague support. simplification and automation (including Group's strategy. using AI responsibly), and digitalising Furthermore, to provide ongoing focus"
001,Barclays plc,2025,001_barclays_plc_annual_report_2025.txt,"Fairness, bias and ethics",fairness,fairness,165,fairness,", simple and transparent for all our as possible stakeholders. All employees and stakeholders should understand how we reward our employees, and fairness should be a lens through which we make remuneration decisions. Role of the Remuneration Committee in wider workforce remuneration The Committee considers the overarching obj"
001,Barclays plc,2025,001_barclays_plc_annual_report_2025.txt,"Fairness, bias and ethics",bias,bias,170,bias,"an employee, which includes any issues relating to pay We will continue to conduct our assurance activities to ensure that performance ratings and pay outcomes remain fair and free from bias"
001,Barclays plc,2025,001_barclays_plc_annual_report_2025.txt,AI and related technologies,machine learning,machine learning,183,Machine Learning,"ion of cost reporting effectiveness and efficiency activities, with further potential to simplify and automate in the future. • Launched nine Artificial Intelligence and Machine Learning initiatives in the Group Finance function, delivering measurable benefits, with many more use cases in the pipeline. Oversee the effective • Group Finance continued to enha"
001,Barclays plc,2025,001_barclays_plc_annual_report_2025.txt,AI and related technologies,machine learning,machine learning,211,machine learning,"ry Digital services and workplace tools must Office and LINK through our new Joint month, our fraud detection systems and be designed and developed to be easy to Venture Cash Access UK Ltd, extending machine learning models help detect in less see, hear, understand and use for all our network of Banking Hubs and shared than a second if it is likely to be a fraudster customers and colleagues, including cash deposit solutions"
001,Barclays plc,2025,001_barclays_plc_annual_report_2025.txt,AI and related technologies,machine learning,machine learning,232,machine learning,"on situation, public business. generative and agentic artificial intelligence) (AI) and machine learning financial support will only be available to a In connection with disposals, the Group technologies relevant entity as a last resort after the may be required to continue to provide The use of rapidly e"
001,Barclays plc,2025,001_barclays_plc_annual_report_2025.txt,"Fairness, bias and ethics",bias,bias,238,bias,"an be highly cybersecurity regulation applicable to the technology integration and process issues sophisticated (e.g. leveraging deepfake and Group, refer to the Supervision and and programme bias in decision-making automation capabilities), and be regulation section. algorithms. Any of these risks could impair orchestrated by organised crime groups or"
001,Barclays plc,2025,001_barclays_plc_annual_report_2025.txt,"Fairness, bias and ethics",bias,bias,239,bias,"significant, as AI technologies give rise to internal (whether intentional or accidental) information, or that include AI bias, AI risk of bias, errors and hallucinations which security risks. Concerns regarding the hallucinations,"
001,Barclays plc,2025,001_barclays_plc_annual_report_2025.txt,Human oversight,human oversight,human oversight,241,human oversight,"tomers, particularly those that are The Group must ensure that personal data outcomes and the absence or insufficiency vulnerable, are able to make well-informed is handled in a way that meets data privacy of human oversight (particularly relating to decisions on how best to use our financial laws, rules and regulations and the rights agentic AI). This could result in a significant services and understand the protections and ex"
001,Barclays plc,2025,001_barclays_plc_annual_report_2025.txt,Governance and accountability,ethical AI,ethical AI,253,Ethical AI,"with regulations and relevant technical regulation risks. Barclays has no appetite • Define Ethical AI Principles to enable standards, following a risk-based approach for material breaches of LRR, or ethical, lawful, and appropriate use of AI. focusing on material modelling issues, Compliance Risk is"
001,Barclays plc,2025,001_barclays_plc_annual_report_2025.txt,AI and related technologies,generative AI,generative AI,342,Generative AI,"customers is at the heart of these plans. further developed of approach to AI threat landscape and regulatory validation, including Generative AI, and Throughout 2025, Compliance Risks, expectations. During 2025, the financial design of associated governance including outcomes for our customers, crime principal risk was embedded, with"
001,Barclays plc,2025,001_barclays_plc_annual_report_2025.txt,Governance and accountability,responsible AI,responsible AI,355,Responsible AI,"ion laws. These reforms conduct automated scans or manual Consumer Protections In Interactions with included the expansion of the powers held reviews of information systems for AI Systems and the Texas Responsible AI by the Competition and Markets Authority vulnerability management, to implement Governance Act), while other states are (CMA), in relation to digital markets, policies governing access privileges and to f"
002,HSBC Holdings plc,2025,002_hsbc_holdings_plc_annual_report_2025.txt,AI and related technologies,AI,AI,7,AI,"offset by the significant momentum generated by AI capital expenditure and trade growth, and by the support provided by the ever-"
002,HSBC Holdings plc,2025,002_hsbc_holdings_plc_annual_report_2025.txt,AI and related technologies,AI,AI,8,AI,"Board at our 2026 AGM. I want to thank Ann growth, reaping the benefits of sizeable for her considerable contributions to the HSBC investments in AI, tax cuts and incentives, as Board. well as substantial deregulation. Against this backdrop, we believe that the"
002,HSBC Holdings plc,2025,002_hsbc_holdings_plc_annual_report_2025.txt,AI and related technologies,AI,AI,8,AI,"global trade is also set to grow, supported by the expansion of new trade corridors and the In November 2025, we published our updated boom in AI hardware demand. Inflation should Brendan Nelson Net Zero Transition Plan, setting out our continue drifting downward, although with"
002,HSBC Holdings plc,2025,002_hsbc_holdings_plc_annual_report_2025.txt,AI and related technologies,automation,automation,10,automation,"announced in 2024. We are modernising the bank through AI and a simple, more agile, automation to enhance customer experience, Taken together, the completed and announced focused bank built for increase productivity"
002,HSBC Holdings plc,2025,002_hsbc_holdings_plc_annual_report_2025.txt,AI and related technologies,artificial intelligence,artificial intelligence,13,artificial intelligence,"source of funding for us, and forms the Hongkong and Shanghai Banking Corporation foundation of our financial stability. Limited, HSBC UK and HSBC Bank plc. Improving operational excellence through artificial intelligence In 2025, we accelerated the adoption of tool, HSBC Productivity Suite, which helps colleagues, and drive performance. Through Generative AI (‘GenAI’) across HSBC, moving them to analyse and translate"
002,HSBC Holdings plc,2025,002_hsbc_holdings_plc_annual_report_2025.txt,AI and related technologies,generative AI,generative AI,13,Generative AI,"Bank plc. Improving operational excellence through artificial intelligence In 2025, we accelerated the adoption of tool, HSBC Productivity Suite, which helps colleagues, and drive performance. Through Generative AI (‘GenAI’) across HSBC, moving them to analyse and translate documents, 2026, we intend to expand enterprise-wide from experimentation to scaled delivery. summarise information and generate insights. adopt"
002,HSBC Holdings plc,2025,002_hsbc_holdings_plc_annual_report_2025.txt,AI and related technologies,large language model,large language model,13,large language model,"inue to prioritisestaff in their roles. Around the globe, around areas that matter most to our customers and GenAI solutions in use85% of our colleagues have access to our large language model-based productivity Our ambitions Revenue growth rising to 5% YoY Capital generation Our targets for 2026-2028 We are focused on growth opportunities Our business model is designed t"
002,HSBC Holdings plc,2025,002_hsbc_holdings_plc_annual_report_2025.txt,"Fairness, bias and ethics",fairness,fairness,35,fairness,"57 Building customer inclusion and resilience 57 Engaging with our communities Governance 58 Setting high standards of governance 59 Human rights 60 Customer experience 62 Integrity, conduct and fairness 64 Safeguarding data HSBC Holdings plc Annual Report and Accounts 2025 33 2"
002,HSBC Holdings plc,2025,002_hsbc_holdings_plc_annual_report_2025.txt,"Fairness, bias and ethics",bias,bias,55,bias,"ce in average pay ethnicity pay gap was 9.8% (2024: 7.7%). have processes to review that remuneration is between these groups of people and the free from bias. We review our pay practices These gaps are primarily driven by workforce wider workforce, regardless of their role or r"
002,HSBC Holdings plc,2025,002_hsbc_holdings_plc_annual_report_2025.txt,Governance and accountability,AI ethics,AI ethics,58,AI ethics,"et future challenges. and their level of AI involvement. It provides comprehensive training on AI literacy, Establishing our leadership framework responsible AI, and AI ethics, with To support our refreshed strategy and participants earning badges to recognise their ambition, a cross-section of business leaders achievements. In 2025, we piloted the AI developed and launched a"
002,HSBC Holdings plc,2025,002_hsbc_holdings_plc_annual_report_2025.txt,Governance and accountability,responsible AI,responsible AI,58,responsible AI,"preparing them to meet future challenges. and their level of AI involvement. It provides comprehensive training on AI literacy, Establishing our leadership framework responsible AI, and AI ethics, with To support our refreshed strategy and participants earning badges to recognise their ambition, a cross-section of business leaders achievements. In 2025, we piloted the AI developed"
002,HSBC Holdings plc,2025,002_hsbc_holdings_plc_annual_report_2025.txt,AI and related technologies,artificial intelligence,artificial intelligence,61,Artificial Intelligence,"e human rights audits of suppliers HSBC’s Principles for the Ethical Use of Data 4,100 (a more than 15% increase since last and closed out findings from the 2024 audits. and Artificial Intelligence include how we seek year) survivors of modern slavery and human to respect the right to privacy while making trafficking in the UK.We use independent negative"
002,HSBC Holdings plc,2025,002_hsbc_holdings_plc_annual_report_2025.txt,"Fairness, bias and ethics",fairness,fairness,64,fairness,"Additional Governance Report statements information Governance Integrity, conduct and fairness Safeguarding the financial system We have continued our efforts to combat Our anti-bribery and corruption policy financial crime and reduce its impact on our We are required to comply with all applicable organis"
002,HSBC Holdings plc,2025,002_hsbc_holdings_plc_annual_report_2025.txt,AI and related technologies,generative AI,generative AI,104,Generative AI,"the importance of nature-related risks, as well as the fraud and protecting customers. The accessibility and increasing complex interactions and compounding effects of climate and nature- sophistication of Generative AI (‘GenAI’) can create additional financial related risk drivers. Nature-related risks may emerge when crime risks. While there is potential for the technology to support dependencies on natural capital – su"
002,HSBC Holdings plc,2025,002_hsbc_holdings_plc_annual_report_2025.txt,AI and related technologies,machine learning,machine learning,105,machine learning,"and analytics infrastructure Mitigating actions through investments in cloud technology, data visualisation, machine learning and AI. – We continue to monitor this emerging risk and advances in – We provide regular mandatory training globally to educate our technology, as well"
002,HSBC Holdings plc,2025,002_hsbc_holdings_plc_annual_report_2025.txt,AI and related technologies,machine learning,machine learning,106,machine learning,"k for transformative initiatives. Additionally, the HSBC Holdings Board provides enhanced oversight over the simplification Focus remains on AI and machine learning models given the rapid pace programme, directly supervising its mobilisation and delivery. of technological advances, including the development of GenAI and"
002,HSBC Holdings plc,2025,002_hsbc_holdings_plc_annual_report_2025.txt,AI and related technologies,machine learning,machine learning,183,machine learning,"nued enhancements to our framework for the independent We use a variety of modelling approaches, including regression, validation of models, including new GenAI techniques that are simulation, sampling, machine learning and judgemental scorecards for a becoming more widely used; and range of business applications. These activities include customer"
002,HSBC Holdings plc,2025,002_hsbc_holdings_plc_annual_report_2025.txt,AI and related technologies,artificial intelligence,artificial intelligence,191,artificial intelligence,businesses on digital transformation. developers and independent software – Independent non-executive vendors and artificial intelligence Director of Forrit Holdings Limited solutions. – Member of Advisory Board of
002,HSBC Holdings plc,2025,002_hsbc_holdings_plc_annual_report_2025.txt,"Fairness, bias and ethics",fairness,fairness,211,fairness,"election and and exit management process. This work has ensured that the policies, – overseeing the Group’s approach to conduct, fairness and the controls and procedures relating to anti-money laundering, sanctions, prevention of financial crime."
002,HSBC Holdings plc,2025,002_hsbc_holdings_plc_annual_report_2025.txt,AI and related technologies,automation,automation,216,automation,"– The GTO reviewed plans to further embed the operational resilience framework, implementation of strategic tooling, automation of manual controls and meeting regulatory requirements. – The GTO discussed challenges being encountered by the principal subsidiaries to meet market-"
002,HSBC Holdings plc,2025,002_hsbc_holdings_plc_annual_report_2025.txt,AI and related technologies,automation,automation,217,automation,"operational resilience across the organisation,– priority innovation initiatives, including AI and digital assets, given including further automation of manual controls. the rapidly evolving market; – execution of the holistic data strategy with a focus on future opportunities, including those enabled by AI; HSBC Holding"
002,HSBC Holdings plc,2025,002_hsbc_holdings_plc_annual_report_2025.txt,AI and related technologies,generative AI,generative AI,217,Generative AI,"Group Technology & Operations Committee Principal activities and significant issues considered during 2025 (continued) Area of focus Key issues Conclusions and actions Generative AI While GenAI will provide operational – The GTO reviewed and challenged strategies to leverage the opportunities presented by innovation and strategy efficiency, none of the use cases in new technolo"
002,HSBC Holdings plc,2025,002_hsbc_holdings_plc_annual_report_2025.txt,"Fairness, bias and ethics",bias,bias,258,bias,"these methodologies when forecasting the extent and timing of future significant assumptions would give rise to indicators of possible customer defaults or when responding to emerging risks, such as management bias. climate risk. The focus of our assessment of the impact of climate risk In respect of the Hong Kong commercial real estate portfolio, we had on ECL was to evaluate management’s risk assessment process for ove"
002,HSBC Holdings plc,2025,002_hsbc_holdings_plc_annual_report_2025.txt,"Fairness, bias and ethics",bias,bias,259,bias,"significant assumptions would give rise to indicators of possible – the discount rate; management bias; – short-to-medium term assumptions for operating income growth – attending certain meetings alongside management and BoCom rate, loans and advances"
003,Lloyds Banking Group plc,2025,003_lloyds_banking_group_plc_annual_report_2025.txt,AI and related technologies,AI,AI,2,AI,"people, technology and data ...reinforcing competitive advantage... Market leader Cost and capital leader Digital and AI leader #1 in key markets, Efficient scale model, Largest UK digital enhancing growth building operating bank, leading across as an integrated leverage. De-risked emerging technologi"
003,Lloyds Banking Group plc,2025,003_lloyds_banking_group_plc_annual_report_2025.txt,AI and related technologies,AI,AI,4,AI,"for 2025 for growth. At the heart of our transformation is digital innovation, bringing together transformative technologies and skilled people to Directors meet customer needs effectively. We are a digital and AI leader We regularly review the Board’s composition and diversity to ensure with distinct competitive advantages and have taken action to we maintain the right balance of skills, experience and perspectives enhan"
003,Lloyds Banking Group plc,2025,003_lloyds_banking_group_plc_annual_report_2025.txt,AI and related technologies,AI,AI,6,AI,"bank, we continued to accelerate the shift Leveraging our enablers to drive long-term competitive strength to mobile-first. We now have c.21.5 million customers using our app, As highlighted in our recent Digital and AI seminar, our investment an increase of c.45% since 2021. Alongside, we recently announced in technology, data and people underpins our ambitions to grow the the acquisition of Curve (subject to regulatory approval)"
003,Lloyds Banking Group plc,2025,003_lloyds_banking_group_plc_annual_report_2025.txt,AI and related technologies,artificial intelligence,artificial intelligence,14,artificial intelligence,"verview Competition remains intense with high street banks and Rapidly evolving technology landscape, accelerated building societies maintaining their focus on share growth, by developments in artificial intelligence and digital and building scale by consolidating smaller players. Alongside, transformation. These shifts are enabling new engagement neobanks and fintechs continue to gain momentum by models, in"
003,Lloyds Banking Group plc,2025,003_lloyds_banking_group_plc_annual_report_2025.txt,AI and related technologies,artificial intelligence,artificial intelligence,26,artificial intelligence,"• The RMF provides tools for colleagues to make the capabilities and ensure the safe, responsible use of models and tools right decisions, balancing stakeholder needs, risks and such as artificial intelligence. trade-offs and encouraging a culture of intellectual curiosity, innovatio"
003,Lloyds Banking Group plc,2025,003_lloyds_banking_group_plc_annual_report_2025.txt,AI and related technologies,machine learning,machine learning,29,machine learning,more transparent and informative reporting of model riskmeeting both internal and regulatory requirements to support the safe and strategic development of AI and machine learning applications within the Group. Investment in model risk management remains a priority for the Trend Group to further improve r
003,Lloyds Banking Group plc,2025,003_lloyds_banking_group_plc_annual_report_2025.txt,Governance and accountability,ethical AI,ethical AI,31,Ethical AI,• Emerging technologies AI’ programme to over 200 senior leaders • Evolution and scaling of AI • Implemented a data ethics framework and Ethical AI • Evolution of cybercrime framework within our Group data and model risk policies
003,Lloyds Banking Group plc,2025,003_lloyds_banking_group_plc_annual_report_2025.txt,AI and related technologies,generative AI,generative AI,31,generative AI,"• Blockchain and tokenisation • Regular updates on data and technology strategy, and deep • Cloud vulnerabilities dives completed on generative AI, cyber risk, technology risk technology, AI • Digital currencies and payments and economic crime prevention at relevant committees and cybercrime • Digital sovereignty •"
003,Lloyds Banking Group plc,2025,003_lloyds_banking_group_plc_annual_report_2025.txt,AI and related technologies,artificial intelligence,artificial intelligence,40,Artificial intelligence,help them fulfil their ambitions delivering Our assessment has identified the following material topics: products in a responsible manner. Our operations are built around this management of capital for our • Artificial intelligence • Financial crime stakeholders requiring safeguarding of our customers’ money and • Biodiversity and nature • Financial inclusion data. We know our colleagues are the key ingredient
003,Lloyds Banking Group plc,2025,003_lloyds_banking_group_plc_annual_report_2025.txt,AI and related technologies,automation,automation,65,automation,"l investments to £81.3 billion, with the original target met at the end of 20241 • Industry leading Trustpilot scores of 4.5 stars for Scottish Widows and 4.7 for Lloyds Insurance, driven by increased investment in automation, AI adoption and training, following the completion of the migration of 4 million policies to modern infrastructure • More than 1.75 million digitally registered Scottish Widows customers, with the core app for workpla"
003,Lloyds Banking Group plc,2025,003_lloyds_banking_group_plc_annual_report_2025.txt,AI and related technologies,generative AI,generative AI,77,generative AI,y updates for assessing customer experience outcomes • An update on workforce engagement activities during • An update on generative AI initiatives the year • A briefing on the proposed acquisition of Curve Key decisions/outcomes includ
003,Lloyds Banking Group plc,2025,003_lloyds_banking_group_plc_annual_report_2025.txt,AI and related technologies,generative AI,generative AI,80,generative AI,"since the offsite discussion in June, with a particular focus on the pace of development and impact of generative AI. June Topics discussed at the June offsite session included the complex external environment, its potential evolution beyond 2026 and key considerations for the Group. The Board also discussed the development of the Gro"
003,Lloyds Banking Group plc,2025,003_lloyds_banking_group_plc_annual_report_2025.txt,Governance and accountability,AI ethics,AI ethics,83,AI ethics,"agriculture • Wider sustainability topics included: the Group’s treatment of vulnerable customers, generative AI deep dive which outlined the Group’s AI ethics principles and how use cases are overseen via the Data and AI Ethics Committee, economic crime deep dive and key drivers of people risk and mitigating action Audit"
003,Lloyds Banking Group plc,2025,003_lloyds_banking_group_plc_annual_report_2025.txt,AI and related technologies,automation,automation,97,automation,"ear • supportingThe Committeestrategicrecognisedgrowththeplansprogress made on health, safety risks and premises risk, noting improved automation of controls and data insights. Further focus is required given increasing levels of verbal"
003,Lloyds Banking Group plc,2025,003_lloyds_banking_group_plc_annual_report_2025.txt,AI and related technologies,automation,automation,207,automation,"s to develop in line In a limited number of areas, we adopted a non-controls reliance with the business strategy, such as the increase in the use approach and we therefore performed additional substantive of automation across the Group and increasing reliance on procedures. third parties; and • Importance of the IT controls in maintaining an effective control environment. A key interdependency exists between the ability to"
003,Lloyds Banking Group plc,2025,003_lloyds_banking_group_plc_annual_report_2025.txt,"Fairness, bias and ethics",bias,bias,211,bias,"aud through management override of controls, testing the appropriateness of journal entries and other adjustments; • assessing whether the judgements made in making accounting estimates are indicative of a potential bias; and • evaluating the business rationale of any significant transactions that are unusual or outside the normal course of business. We also communicated relevant identified laws and regulations and potential fraud risk"
004,NatWest Group plc,2025,004_natwest_group_plc_annual_report_2025.txt,AI and related technologies,AI,AI,11,AI,"ivity. In addition, our newly established can be unlocked through an internationallyfirms to grow with access to our innovative AI Research Office is at the forefront of As we look ahead to 2026, further regulatory"
004,NatWest Group plc,2025,004_natwest_group_plc_annual_report_2025.txt,AI and related technologies,AI,AI,11,AI,"cutting-edge research, leading responsible review could unlock additional customer 50% of the completed IP-backed loans were innovation and building further AI capabilities Strong economies need strong banks. But our benefits and UK growth opportunities; for with customers new to NatWest Group, for the bank. Our investment in our FinTech role goe"
004,NatWest Group plc,2025,004_natwest_group_plc_annual_report_2025.txt,AI and related technologies,AI,AI,11,AI,"and communities across the UK. For example, greater capital capacity for the banking By providing all colleagues with AI tools to start-ups participating in our free Accelerator sector to support growth."
004,NatWest Group plc,2025,004_natwest_group_plc_annual_report_2025.txt,AI and related technologies,automation,automation,24,automation,"Scotland. We also monitoring, backed by investment in a culture of security awareness. continued to be a vital voice for business in automation. This enabled an increasingly Our response 2025, convening our inaugural Mid-Market rapid response to threats. In 2025, we continued to adapt our Growth Council me"
004,NatWest Group plc,2025,004_natwest_group_plc_annual_report_2025.txt,AI and related technologies,machine learning,machine learning,24,machine learning,"sophisticated adversaries. threat of bad actors using AI and remained higher than inflation. The Bank 2025, we launched Shared Ownership Regulatory expectations are also rising, with machine learning for deep fakes of England cut the base rate four times Mortgages, which allow customers to key frameworks setting new standards, and and advanced phishing. from 4.75% at the start of 202"
004,NatWest Group plc,2025,004_natwest_group_plc_annual_report_2025.txt,AI and related technologies,generative AI,generative AI,25,generative AI,"perational transformation, driven by accelerated advancements needed to deliver the UK Government’s plans for value chain by 2050. This is aligned with the UK’s legal in generative AI, digital technology and data capabilities. economic growth. We remain involved in work to shape obligation to be net zero by 2050. We continue to focus These changes are reshaping business mode"
004,NatWest Group plc,2025,004_natwest_group_plc_annual_report_2025.txt,Governance and accountability,responsible AI,responsible AI,25,responsible AI,"able customer protection. funding and financing framework which underpinned our • We’ve set ourselves standards for responsible AI with previous £100 billion target, which was exceeded in Q1 2025. our AI and Data Ethics Code of Conduct. In 2025,"
004,NatWest Group plc,2025,004_natwest_group_plc_annual_report_2025.txt,AI and related technologies,generative AI,generative AI,34,generative AI,"s to focus their to provide £100 billion of climate and sustainable support where customers most value it. We also funding and financing between 1 July 2021 and Group partners with Prommt deployed new generative AI technology, for the end of 2025. Commercial & Institutional the benefit of our customers and colleagues. delivered £95 billion against this target. Looking For example, all complaint calls are now"
004,NatWest Group plc,2025,004_natwest_group_plc_annual_report_2025.txt,Governance and accountability,responsible AI,responsible AI,45,responsible AI,"ion. Our collaboration with in spring 2025, to harness academiccontext of our strategy and decided to no Google supports responsible AI adoption, expertise and regional strengths aslonger separately measure, track, and boosting digital capabil"
004,NatWest Group plc,2025,004_natwest_group_plc_annual_report_2025.txt,Governance and accountability,AI ethics,AI ethics,49,AI Ethics,"ed on appropriate guardrails to ensure thebest practice with an expectation that suppliers (now 21, as at 31 December 2025). As a result, the University’s Data and AI Ethics masters safe and secure deployment of AI.(1)conform to the most recent version of the we have seen around a 20-percentage-point course, with more cohorts planned for 2026."
004,NatWest Group plc,2025,004_natwest_group_plc_annual_report_2025.txt,AI and related technologies,generative AI,generative AI,49,Generative AI,"gnificant investment in bringing of Edinburgh, we are upskilling team and properly governed. NatWest Group’sscaling and target touch size and will use the Generative AI (GenAI) into the customer members in responsible AI. A second Enterprise-Wide Risk Managementfindings to inform our design system. We also experience"
004,NatWest Group plc,2025,004_natwest_group_plc_annual_report_2025.txt,Governance and accountability,responsible AI,responsible AI,49,responsible AI,e upskilling team and properly governed. NatWest Group’sscaling and target touch size and will use the Generative AI (GenAI) into the customer members in responsible AI. A second Enterprise-Wide Risk Managementfindings to inform our design system. We also experience. This enabled us to introduce cohort of 32 colle
004,NatWest Group plc,2025,004_natwest_group_plc_annual_report_2025.txt,AI and related technologies,artificial intelligence,artificial intelligence,59,artificial intelligence,"for example, privacy training to our data customers and suppliers. and artificial intelligence colleagues. Regular risk assessments: Risk assessments During 2025, there were a small number are condu"
004,NatWest Group plc,2025,004_natwest_group_plc_annual_report_2025.txt,AI and related technologies,automation,automation,61,automation,"almost 400 colleagues. We also introduced needed to support meaningful, trusted automation of future dated worker relationships with customers. The programme transactions, specifically al"
004,NatWest Group plc,2025,004_natwest_group_plc_annual_report_2025.txt,AI and related technologies,artificial intelligence,artificial intelligence,80,Artificial intelligence,"merging risks scenarios that follow are shown in alphabetical order. Top risk scenarios in focus in 2025 Description Risk management actions Artificial intelligence Innovations in artificial intelligence (AI), including generative AI, may rapidly • NatWest Group closely monitors developments in disruptive technologies, including AI."
004,NatWest Group plc,2025,004_natwest_group_plc_annual_report_2025.txt,AI and related technologies,artificial intelligence,artificial intelligence,80,artificial intelligence,"betical order. Top risk scenarios in focus in 2025 Description Risk management actions Artificial intelligence Innovations in artificial intelligence (AI), including generative AI, may rapidly • NatWest Group closely monitors developments in disruptive technologies, including AI. transform and disrupt customer i"
004,NatWest Group plc,2025,004_natwest_group_plc_annual_report_2025.txt,AI and related technologies,automation,automation,98,automation,"ado Institutional business, bringing together the teams supporting organisations through complex strategic ESG and general management. As a former Chair of Group plc, which provides technology and automation that support NatWest’s business customers, and regulatory change. As Group Chief Financial the NatWest Group Colleague Advisory Panel, Lena solutions for grocery retailers; Embedded Finance,"
004,NatWest Group plc,2025,004_natwest_group_plc_annual_report_2025.txt,"Fairness, bias and ethics",bias,bias,125,bias,"(in relation to Provision 23 of the Code) the gender balance of senior management and their direct reports. criteria without bias, prejudice, or discrimination, and that searches for Board candidates are conducted with due regard to the benefits of diversity and inclusion."
004,NatWest Group plc,2025,004_natwest_group_plc_annual_report_2025.txt,"Fairness, bias and ethics",fairness,fairness,125,fairness,"nd that the nomination process is based on the principles of • the recommendation of the Parker Review to have at least one member of the Board being from an ethnic fairness, respect, and inclusion; that all nominations and minority background with two such directors meeting this criterion. appointments are made based on individual competence,"
004,NatWest Group plc,2025,004_natwest_group_plc_annual_report_2025.txt,Human oversight,automated decision-making,automated decision-making,190,automated decision-making,expected under stress. Credit customers. The assessment process depends and challenge of frontline credit risk by automated decision-making. To maintain risk is further controlled through operational on the complexity of the transaction. management activi
004,NatWest Group plc,2025,004_natwest_group_plc_annual_report_2025.txt,"Fairness, bias and ethics",bias,bias,285,bias,risks. market. Additionally derivative instruments whose valuation is dependent on discount rates associated with complex collateral We assessed whether there were any indicators of aggregate bias in financial instrument marking and methodology arrangements; and assumptions. • FairFair valuevalue adjustmentsadjustments -- the appropriateness of fair value
004,NatWest Group plc,2025,004_natwest_group_plc_annual_report_2025.txt,"Fairness, bias and ethics",bias,bias,338,bias,"cing information considering consistency between different sources, variation over time, perceived tradability or otherwise of available quotes; consensus service dispersion ranges; volume of trading activity and market bias (e.g. one-way inventory); day 1 profit or loss arising on new trades; number and nature of market participants; market conditions; modelling consistency in the market; size and nature of risk; length of holding of posit"
004,NatWest Group plc,2025,004_natwest_group_plc_annual_report_2025.txt,AI and related technologies,machine learning,machine learning,417,machine learning,"h IT third-party generative or other artificial that data could result in a failure to manage detection systems and controls, risk systems exceed capacity or if NatWest Group intelligence or machine learning platforms, and report important risks and opportunities management, credit analysis and reporting, or a third-party system fails or experiences and could potentially be accessed by others, or satisf"
004,NatWest Group plc,2025,004_natwest_group_plc_annual_report_2025.txt,"Fairness, bias and ethics",fairness,fairness,433,fairness,"lied, or takes no releases and other written materials, and in activities. Accordingly, disclosures relating to responsibility or liability as to the fairness, Therefore, readers should exercise caution accuracy, reliability, reasonableness,oral statements (including during m"
005,Standard Chartered plc,2025,005_standard_chartered_plc_annual_report_2025.txt,AI and related technologies,AI,AI,7,AI,"report • Third, and related to the first two factors, is the contest for Such an approach is deeply valued by our clients, and it is often strategic resources that underpin the adoption of AI and cited as their reason for both choosing and remaining with us. data-intensive technologies. This is driving unprecedented And, over the last year in particular, this has been highlighted demand f"
005,Standard Chartered plc,2025,005_standard_chartered_plc_annual_report_2025.txt,AI and related technologies,AI,AI,10,AI,"– through continuous transformation of our explain more about our plans at our capital markets eventtechnology, adoption of advanced data skills (including AI), in May of this year, where we will describe our next phasesimplification of our processes, and disciplined expense"
005,Standard Chartered plc,2025,005_standard_chartered_plc_annual_report_2025.txt,AI and related technologies,AI,AI,11,AI,"g client demand and drive client • Deliver personalised and trusted advisory and satisfaction with investments in digitisation, product differentiated solutions to clients, leveraging AI and digital innovation and AI capabilities. tools to grow client engagement and wealth penetration. • Enhance our ability to serve sophisticated financial • Build"
005,Standard Chartered plc,2025,005_standard_chartered_plc_annual_report_2025.txt,AI and related technologies,generative AI,generative AI,16,generative AI,"ts, the back of strong business investment and spending, countries in Asia are best placed to take advantage supported by corporate tax cuts and the race for AI of digitalisation, including generative AI (GenAI). adoption. We expect euro area growth to be more muted • Relatively younger populations, and the adoption at 1.1 per cent given trade pressures – from US tariffs, of digital technology,"
005,Standard Chartered plc,2025,005_standard_chartered_plc_annual_report_2025.txt,"Fairness, bias and ethics",bias,bias,34,bias,"re in others, taking time Live with integrity, even when so we lead rather than react to listen to diverse viewpoints no one is watching. to change. and overcome bias. Think client, always considering the Simplify to make things easier, Ask how can I help? when people outcomes in whatever we are"
005,Standard Chartered plc,2025,005_standard_chartered_plc_annual_report_2025.txt,AI and related technologies,artificial intelligence,artificial intelligence,148,artificial intelligence,"ty, sustainability challenges and Group’s strategy, the activities of the Board leadership succession. committees and a keynote presentation on artificial intelligence and cyber governance. AGM The AGM, held on 8 May in 2025, was the Board’s Provided an opportunity for retail shareholders key opportunity for engagement with retail to engag"
005,Standard Chartered plc,2025,005_standard_chartered_plc_annual_report_2025.txt,AI and related technologies,automation,automation,166,automation,"statements. the year ended 31 December 2025. Updates from management were • Received assurance as to how EY intends also provided. to leverage automation in its audit work. • Reviewed EY’s digital plan, which will drive audit quality through automation, use of data analytics, increased population coverage and focused effort of higher audit risk. This included a pra"
005,Standard Chartered plc,2025,005_standard_chartered_plc_annual_report_2025.txt,AI and related technologies,automation,automation,166,automation,"ance as to how EY intends also provided. to leverage automation in its audit work. • Reviewed EY’s digital plan, which will drive audit quality through automation, use of data analytics, increased population coverage and focused effort of higher audit risk. This included a practical demonstration of several tools currently being deployed in the Group’s audit and an overvi"
005,Standard Chartered plc,2025,005_standard_chartered_plc_annual_report_2025.txt,"Fairness, bias and ethics",fairness,fairness,187,fairness,"irement, the deferral required will decrease to 15 per cent. Ensuring executive director remuneration is appropriate Executive director remuneration is reviewed annually against internal and external measures to ensure fairness and alignment with company performance and stakeholder interests. Internal External • We maintain a consistent remuneration approach • We review executive directo"
005,Standard Chartered plc,2025,005_standard_chartered_plc_annual_report_2025.txt,AI and related technologies,artificial intelligence,artificial intelligence,195,artificial intelligence,"the traditional bank by addressing the Ventures and the rest digital banking and lifestyle needs of clients. of the Bank • Bill championed our Group approach to artificial intelligence (AI) with 15 themes identified for execution, including ‘MyWealth Advisor’ in Singapore and Hong Kong. • Continue to develop and • Bill continues to p"
005,Standard Chartered plc,2025,005_standard_chartered_plc_annual_report_2025.txt,AI and related technologies,automation,automation,195,automation,"tainability Awards 2025. • Continue to advance • The transformation agenda continues to progress under Bill’s leadership, internal transformation, with improved processes and automation through the accelerated investment ensuring the Bank of Fit for Growth. progresses and delivers • The Bank has delivered against the major platform changes within timelines,"
005,Standard Chartered plc,2025,005_standard_chartered_plc_annual_report_2025.txt,"Fairness, bias and ethics",fairness,fairness,199,fairness,"y measure calculated as revenue/average controllable FTE Weighting – 10% Inclusion: Measured using the My Voice Inclusion Index, considering concepts of empathy, Weighting – 5% respect, fairness, growth, career development opportunities, and work-life balance 2026 scorecard – personal performance measures Bill • Continue to personally drive the execution of the growth strategy t"
005,Standard Chartered plc,2025,005_standard_chartered_plc_annual_report_2025.txt,"Fairness, bias and ethics",fairness,fairness,218,Fairness,"r approach total spend. aligns with leading industry standards, specifically the Monetary Authority of Singapore Fairness, Ethics,Our purchases of goods and services are governed through Accountability, and Transparency (MAS FEAT) and Honga third-party risk management framew"
005,Standard Chartered plc,2025,005_standard_chartered_plc_annual_report_2025.txt,Governance and accountability,responsible AI,responsible AI,218,Responsible AI,"d initial support of customers, employees and regulators in the communities in technology systems. which the Group operates. Directors and employees are asked to recommit to the Code annually, and 99.7 per cent Responsible AI have completed the 2025 recommitment. All Board members The Group has been actively embracing AI and digital have recommitted to the Code. innovation to stay competitive in the banking,"
005,Standard Chartered plc,2025,005_standard_chartered_plc_annual_report_2025.txt,Governance and accountability,responsible AI,responsible AI,218,Responsible AI,"ustomer onboarding, employee with 21.6 per cent in Europe and the Americas, and 6.1 per engagement, management reporting and talent acquisition. cent in Africa and the Middle East. Furthermore, 80 per cent Our Responsible AI governance has been established for of total spend in 2025 was with 342 suppliers. In 2025, our five several years and is led by a dedicated team within the largest suppliers together accounted for 16.2 per cent of"
005,Standard Chartered plc,2025,005_standard_chartered_plc_annual_report_2025.txt,Governance and accountability,responsible AI,responsible AI,218,responsible AI,"Our Audit Committee receives twice-yearly reports on sc.com/suppliers and sc.com/supplier-diversity Data Risk, which includes responsible AI. Read more on how we create value for our suppliers and other stakeholder groups on page 11 By order of the Board Political donations The Group has a policy in place which prohibits donations"
005,Standard Chartered plc,2025,005_standard_chartered_plc_annual_report_2025.txt,AI and related technologies,artificial intelligence,artificial intelligence,288,Artificial Intelligence,"oducts and as geopolitical factors, Nth Party Risk and the risk arising business practices 1.5% 22.9% from adoption and use of Artificial Intelligence. This enables Damage to physical assets 0.0% 0.0% the Group to keep pace with new business developments,"
005,Standard Chartered plc,2025,005_standard_chartered_plc_annual_report_2025.txt,"Fairness, bias and ethics",bias,bias,320,bias,"the current macroeconomic environment. In addition, we assessed whether there were any indicators of aggregate bias in financial instrument marking and methodology assumptions. We also assessed management’s disclosures regarding fa"
006,Aviva plc,2025,006_aviva_plc_annual_report_2025.txt,AI and related technologies,AI,AI,5,AI,"Driving operating leverage with Benefitting from our diversified capital-light and respect.Retirement solutions, technology and artificial intelligence (AI) portfolio, which drives resilient performance"
006,Aviva plc,2025,006_aviva_plc_annual_report_2025.txt,AI and related technologies,artificial intelligence,artificial intelligence,5,artificial intelligence,"Insurance, Wealth and Driving operating leverage with Benefitting from our diversified capital-light and respect.Retirement solutions, technology and artificial intelligence (AI) portfolio, which drives resilient performance"
006,Aviva plc,2025,006_aviva_plc_annual_report_2025.txt,AI and related technologies,AI,AI,14,AI,"ur 2026 levels of profitability. In Wealth, we why we are uniquely positioned to lead in financial targets one year early. extended our number one position, with wealth, and how we will use AI to shape the over £230 billion of assets, and achieved future Aviva. One constant element runs"
006,Aviva plc,2025,006_aviva_plc_annual_report_2025.txt,AI and related technologies,AI,AI,14,AI,t origination in Aviva outstanding set of results Reportcustomer and AI. Investors. in 2025.”
006,Aviva plc,2025,006_aviva_plc_annual_report_2025.txt,AI and related technologies,automation,automation,15,automation,"hrough to the opportunity AI brings. We’re ahead on EVs, telematics, platform, which is ranked by Defaqto as the retirement. We are also maximising the We’ve achieved a lot over the last few automation, and AI – and we’ll stay ahead best in the market, and we have distinctive benefits of technology and innovation to years. We have real momentum and are in awith a portfolio built to deliver performance"
006,Aviva plc,2025,006_aviva_plc_annual_report_2025.txt,AI and related technologies,automation,automation,23,automation,"Financial enabling enhanced digital trading and more automation. saving for retirement, continued focus is critical. which is increasing competition for transactions. In Canada, distribution through insurer-owned brokers The advice gap remains a"
006,Aviva plc,2025,006_aviva_plc_annual_report_2025.txt,AI and related technologies,artificial intelligence,artificial intelligence,28,artificial intelligence,and Driving operating leverage and transforming with data and artificial intelligence.
006,Aviva plc,2025,006_aviva_plc_annual_report_2025.txt,AI and related technologies,automation,automation,28,automation,"Strategic foundations to drive benefits from AI. transformation agenda. Offshoring and outsourcing For example, we've used automation in UK"
006,Aviva plc,2025,006_aviva_plc_annual_report_2025.txt,AI and related technologies,generative AI,generative AI,34,Generative AI,"d a strong single In 2025, we made significant progress in our cyber exposure management community charity initiatives through the leadership team, optimised pricing with deploying 12 Generative AI solutions to help"
006,Aviva plc,2025,006_aviva_plc_annual_report_2025.txt,AI and related technologies,artificial intelligence,artificial intelligence,35,artificial intelligence,ingcorporates. Aviva access to underwrite risks in the and exploring new and innovative the use of artificial intelligence
006,Aviva plc,2025,006_aviva_plc_annual_report_2025.txt,AI and related technologies,generative AI,generative AI,40,generative AI,"accelerate. This year, we launched a new and progress in the simplification of our in volumes. generative AI tool that enables our We remain the largest combined provideroperations whilst realising additional"
006,Aviva plc,2025,006_aviva_plc_annual_report_2025.txt,"Fairness, bias and ethics",fairness,fairness,72,Fairness,sustainability find solutions. Our Fairness and Our Financ
007,Legal & General Group plc,2025,007_legal_and_general_group_plc_annual_report_2025.txt,AI and related technologies,AI,AI,5,AI,"ust also respond to emerging trends, including developments in ArtificialIn February 2025, we announced a Intelligence (AI). In 2026, we plan to£1.8 billion transaction with Japanese introduce AI-powered features to someinsurer Meiji Yasuda Life, which saw them"
007,Legal & General Group plc,2025,007_legal_and_general_group_plc_annual_report_2025.txt,AI and related technologies,AI,AI,5,AI,"ficialIn February 2025, we announced a Intelligence (AI). In 2026, we plan to£1.8 billion transaction with Japanese introduce AI-powered features to someinsurer Meiji Yasuda Life, which saw them of our customer facing platforms withacquire our US protection business and, at"
007,Legal & General Group plc,2025,007_legal_and_general_group_plc_annual_report_2025.txt,AI and related technologies,AI,AI,5,AI,"ish a long-term strategic through personalisation, faster service,partnership with L&G to strengthen our and more intuitive digital journeys. AI is Sir John Kingmanposition in US PRT. Following completion an opportunity for the Group to improve Chairof the transaction in 2026, Meiji Yasuda"
007,Legal & General Group plc,2025,007_legal_and_general_group_plc_annual_report_2025.txt,"Fairness, bias and ethics",bias,bias,36,bias,"FCA LIsting Rules interdependent. Inclusive cultures support 17% senior ethnic minority Parker Review UK 18.3 % 19.5 % wellbeing by reducing exclusion, bias and representation stress while positive wellbeing directly influences engagement, productivity, One ethnic minority Parker Review Global 23.0 % 25.0 % absentee"
007,Legal & General Group plc,2025,007_legal_and_general_group_plc_annual_report_2025.txt,AI and related technologies,automation,automation,48,automation,"FCA’s recent 'Mills Review'. scale to offer low-cost products, we recognise that markets remain attractive to new entrants. Outlook We continue to invest in automation and AI to enhance operational efficiency and deliverWe are also mindful of competitors who may have lower better customer outcomes. The use of AI could br"
007,Legal & General Group plc,2025,007_legal_and_general_group_plc_annual_report_2025.txt,AI and related technologies,generative AI,generative AI,48,generative AI,"d of the AI landscape across all our jurisdictions. There is already strong competition in our markets and We have been actively engaged in numerous consultations in relation to AI and generative AI, although we have had considerable past success at building including the FCA’s recent 'Mills Review'. scale to offer low-cost products, we recognise that"
007,Legal & General Group plc,2025,007_legal_and_general_group_plc_annual_report_2025.txt,"Fairness, bias and ethics",fairness,fairness,73,fairness,"ditor in private the external auditor and the efficiency of change; data, cyber and security resilience; throughout the year. In accordance with the the audit process. Throughout the year, the delivering fairness and value to customers; Chartered Institute of Internal Auditors’ Code Committee received updates on the quality ESG and financial crime; processes and of Practice, the Committee conducted its of"
007,Legal & General Group plc,2025,007_legal_and_general_group_plc_annual_report_2025.txt,"Fairness, bias and ethics",bias,bias,80,bias,"seek to reduceThe Committee undertakes a rigorous thinking enables us to build an inclusive barriers and bias to performance, particularlyannual review of the Board’s composition to culture, strengthen our teams, and enrich"
007,Legal & General Group plc,2025,007_legal_and_general_group_plc_annual_report_2025.txt,"Fairness, bias and ethics",bias,bias,110,bias,"HMRC-approved plans which offer all employees the opportunity to share in the success of the business. Annual equal pay review The Group seeks to ensure that our pay policies and practices are free from unfair bias. Part of the pay review process is an annual equal pay review that reviews pay and bonus decisions by gender, ethnicity, age and full-time versus part-time working. In addition, it considers the application of the pay p"
008,M&G plc,2025,008_m_and_g_plc_annual_report_2025.txt,AI and related technologies,AI,AI,8,AI,"with model, international the use of advanced technology. AI will be an enabler for growth and we remain focused on footprint and depth of our increasing adoption across the business to strengthen investment expertise w"
008,M&G plc,2025,008_m_and_g_plc_annual_report_2025.txt,AI and related technologies,AI,AI,15,AI,"5-2027. – Simplify and automate our processes, using technology – Leverage the strength of our business model to develop – Maintain a progressive and sustainable dividend policy. and AI, to improve efficiency, service and customer innovative products and investment solutions to meet experience."
008,M&G plc,2025,008_m_and_g_plc_annual_report_2025.txt,AI and related technologies,AI,AI,19,AI,"l Our efforts have delivered significant improvements – Advice: At the end of the year, we launched Adviser Hub, processes. This means evolving to a digital-first self-service over 2025: which provides AI-powered support and technical resources model for routine tasks and expert human assistance when – Customer satisfa"
008,M&G plc,2025,008_m_and_g_plc_annual_report_2025.txt,AI and related technologies,automation,automation,19,automation,"itioned our business for growth by improving with our customers and advisers by increasing our ability to our operational platform and revitalising the range of products interact digitally and through intelligent automation, which we offer to our retail customers, third-party distributors and has contributed to improvements in customer satisfaction corporate clients. With a stronger foundation, we are now well and adviser satisfa"
008,M&G plc,2025,008_m_and_g_plc_annual_report_2025.txt,AI and related technologies,automation,automation,19,automation,"oposition and the innovative options – We continue to embrace technology and intelligent a 16% increase in satisfaction with call wait times. available to our corporate clients. automation to improve customer service and operational Our efforts have delivered significant improvements – Advice: At the end of the year, we launched Adviser Hub, processes. This means evolving to a digital-first se"
008,M&G plc,2025,008_m_and_g_plc_annual_report_2025.txt,"Fairness, bias and ethics",fairness,fairness,39,fairness,"ent over 2025. standards and ethical expectations to mitigate risk and promote fairness, including the new duty under the Equality Highlights from our three OneVoice engagement surveys last"
008,M&G plc,2025,008_m_and_g_plc_annual_report_2025.txt,AI and related technologies,artificial intelligence,artificial intelligence,43,artificial intelligence,"controls, as well as implementing an enhanced target artificial intelligence and post-quantum computing, suchchallenge. The third line Internal Audit function, empowered operating model. This work would anticipate taking any"
008,M&G plc,2025,008_m_and_g_plc_annual_report_2025.txt,AI and related technologies,artificial intelligence,artificial intelligence,48,artificial intelligence,"third-party suppliers. We recognise the potential risks associated with artificial intelligence (AI) and adopt AI solutions in a considered manner, supported by an AI framework, governance structures, oversight"
008,M&G plc,2025,008_m_and_g_plc_annual_report_2025.txt,AI and related technologies,artificial intelligence,artificial intelligence,49,artificial intelligence,"Champions embedded investor confidence; technological change, particularly adversely impact trust and reputation in our group or across the business support the identification and the responsible use of artificial intelligence; our brands. monitoring of key reputational risks. sustainability and the climate transition, with growing"
008,M&G plc,2025,008_m_and_g_plc_annual_report_2025.txt,AI and related technologies,automation,automation,71,automation,"present £4.0bn of AUMA. AUMA. A change in the third-party platform used during the Scope 1 & 2 2025 2024year has introduced greater automation and a more structured estimation hierarchy, which will improve accuracy FCE (kt Ce) 599 466 over time. This change results in some smaller Scope 3 Carbon Footprint (t C O 2 £m"
008,M&G plc,2025,008_m_and_g_plc_annual_report_2025.txt,"Fairness, bias and ethics",fairness,fairness,109,fairness,"Committee takes great care to consider the pay and certain former members of senior management including aconditions of the wider workforce with a focus on fairness of former Executive Director, the details of which are provided onremuneration outcomes. Workforce remuneration is also a key"
008,M&G plc,2025,008_m_and_g_plc_annual_report_2025.txt,"Fairness, bias and ethics",bias,bias,145,bias,"and considering future events that are inherently uncertain. As in all of our audits, we also addressed the risk of management override of internal controls, including consideration of whether there was evidence of bias that represented a risk of material misstatement due to fraud. – We conducted audit testing over twenty one components. These were selected based on our assessment of inherent risk and their financial significance t"
008,M&G plc,2025,008_m_and_g_plc_annual_report_2025.txt,"Fairness, bias and ethics",bias,bias,158,bias,"valuated management’s incentives and opportunities for fraudulent manipulation of the financial statements (including the risk of override of controls), and determined that the principal risks were related to management bias in accounting estimates and judgmental areas of the financial statements as shown in our ‘Key audit matters’, and the override of controls including the posting of inappropriate journal entries. The Group engagement tea"
009,Admiral Group plc,2025,009_admiral_group_plc_annual_report_2025.txt,AI and related technologies,AI,AI,10,AI,"riting excellence, agility, and innovation. Generative and agentic UK direct insurance market artificial intelligence Generative and agentic artificial intelligence (‘AI’) is Over the past ten years, the UK direct insurance market fundamentally reshaping consumer behaviours across has demonstrated consistent growth, with medium-term industries, with potential implicat"
009,Admiral Group plc,2025,009_admiral_group_plc_annual_report_2025.txt,AI and related technologies,AI,AI,10,AI,"this channel. In addition, customer expectations for seamless digital Although the distribution landscape may be impacted experiences are rising, especially among younger by AI in the future, we expect price comparison generations. Admiral continues to invest in product websites to continue to play a dominant role in the UK innovation and process optimisation, leveraging modern"
009,Admiral Group plc,2025,009_admiral_group_plc_annual_report_2025.txt,AI and related technologies,artificial intelligence,artificial intelligence,10,artificial intelligence,"ese shifts by leveraging our strengths across customer centricity, underwriting excellence, agility, and innovation. Generative and agentic UK direct insurance market artificial intelligence Generative and agentic artificial intelligence (‘AI’) is Over the past ten years, the UK direct insurance market fundamentally reshaping consumer behaviours across has demonstrated consistent growth,"
009,Admiral Group plc,2025,009_admiral_group_plc_annual_report_2025.txt,AI and related technologies,artificial intelligence,artificial intelligence,10,artificial intelligence,"stomer centricity, underwriting excellence, agility, and innovation. Generative and agentic UK direct insurance market artificial intelligence Generative and agentic artificial intelligence (‘AI’) is Over the past ten years, the UK direct insurance market fundamentally reshaping consumer behaviours across has demonstrated consistent growth, with medium-term industries, with potential imp"
009,Admiral Group plc,2025,009_admiral_group_plc_annual_report_2025.txt,AI and related technologies,AI,AI,17,AI,"to deliver long-term sustainable growth. and technology, mean we are well-placed to anticipate and respond to these changes. That willingness to adapt can be seen in our investment in technology and predictive AI, our Mike Rogers growing electric vehicle book, our progress in connected- Group Chair car and telematics technology, and our long-standing 4 March 2026 partnership"
009,Admiral Group plc,2025,009_admiral_group_plc_annual_report_2025.txt,AI and related technologies,artificial intelligence,artificial intelligence,19,artificial intelligence,"nce model. diversified products, and operational expertise to drive greater efficiency, economies of scale, and stronger We accelerated our investment in artificial intelligence and customer retention across single and multi-product policies. established a GenAI Centre of Excellence that is scaling We p"
009,Admiral Group plc,2025,009_admiral_group_plc_annual_report_2025.txt,AI and related technologies,machine learning,machine learning,19,machine learning,"I am confident Admiral is well-positioned for success strengths in data and telematics mean we are well-placed in 2026 and beyond. to respond to evolving mobility trends. We invested early and effectively in machine learning and predictive AI, strengthening our leadership in underwriting with over 120 models live, one of the drivers of our twelve points advantage in loss ratio versus the market. We have fully embedded scaled agile and r"
009,Admiral Group plc,2025,009_admiral_group_plc_annual_report_2025.txt,AI and related technologies,automation,automation,20,automation,"customer management far more diverse, with more than 50% of risks now coming and across all lines of business. By leveraging GenAI and from our other business lines and geographies, and we combining it with automation, digitalisation and our continued have evolved our motor proposition to reflect new mobility cost management, we expect material efficiency gains. and vehicle technology trends. Throughout this period, we have co"
009,Admiral Group plc,2025,009_admiral_group_plc_annual_report_2025.txt,Governance and accountability,responsible AI,responsible AI,21,Responsible AI,"Strategic Report Corporate Governance Financial Statements Additional Information Championing Responsible AI deployment for scalable success Across the Group, we are committed to working with a range of stakeholders to ensure that artificial intelligence (‘AI’) is implemented responsibly. In October, our Head of Group Res"
009,Admiral Group plc,2025,009_admiral_group_plc_annual_report_2025.txt,Governance and accountability,responsible AI,responsible AI,21,Responsible AI,"AI deployment for scalable success Across the Group, we are committed to working with a range of stakeholders to ensure that artificial intelligence (‘AI’) is implemented responsibly. In October, our Head of Group Responsible AI and Data, David Crelley, took part in a panel decision at Momentum AI London. Momentum AI is a two-day event designed to equip business executives with cutting-edge strategies to build scalable generative and agent"
009,Admiral Group plc,2025,009_admiral_group_plc_annual_report_2025.txt,Governance and accountability,responsible AI,responsible AI,21,responsible AI,"le importance of working with regulators, such as the Financial that our Data and AI Academy plays in helping colleagues Conduct Authority and Prudential Regulation Authority, across the Group to understand responsible AI and the as well as the Association of British Insurers, to develop importance of collaboration across all functions to ensure safe and practical governance standards for the financial colleagues are empow"
009,Admiral Group plc,2025,009_admiral_group_plc_annual_report_2025.txt,AI and related technologies,automation,automation,22,automation,"use of GenAI, Core competencies which enhances our ability to review customer calls, • Digital first increasing automation and improving operational • Scaled agile efficiency. This broader oversight helps maintain consisten"
009,Admiral Group plc,2025,009_admiral_group_plc_annual_report_2025.txt,AI and related technologies,machine learning,machine learning,22,machine learning,"• We have strengthened our UK car pricing capabilities fewer repeat contacts. Veybot has improved service by refreshing our key machine learning models for both speed and quality for customers risk and retail pricing, helping us to predict claims costs • The UK Insurance business has"
009,Admiral Group plc,2025,009_admiral_group_plc_annual_report_2025.txt,AI and related technologies,machine learning,machine learning,22,machine learning,"osts • The UK Insurance business has made progress with their and market prices more accurately. Together, these cloud platforms, with more than 90% of core systems enhancements build on our established machine learning- now cloud-based enabling faster, and improved data driven pricing approach, improving both accuracy, quality. Data requests are now allocated and completed and competitiveness more efficiently, w"
009,Admiral Group plc,2025,009_admiral_group_plc_annual_report_2025.txt,AI and related technologies,automation,automation,50,automation,"y first year as CEO, I am incredibly proud simultaneously enhancing efficiency through increased of the team and what we have delivered in 2025 and I’d like automation, delivering a cost income ratio of 39%. to thank our customers, partners and all my colleagues for The outcome of this balanced growth, high quality"
009,Admiral Group plc,2025,009_admiral_group_plc_annual_report_2025.txt,"Fairness, bias and ethics",fairness,fairness,66,fairness,"the same: to use innovation responsibly and inclusively. • Admiral colleagues achieved industry-leading By focusing on fairness, security, and accessibility, certifications like CISSP and CISM, with others we build trust with customers, empower colleagues, pursuing postgraduate degrees in cyber secu"
009,Admiral Group plc,2025,009_admiral_group_plc_annual_report_2025.txt,"Fairness, bias and ethics",fairness,fairness,67,fairness,"For climate risk specifically, we align with the IIGCC Net Zero Investment Framework. In 2025, we continued to • Value means fairness and relevance, offering competitive strengthen this approach by maintaining exclusions for prices and products designed to meet diverse needs"
009,Admiral Group plc,2025,009_admiral_group_plc_annual_report_2025.txt,AI and related technologies,generative AI,generative AI,93,generative AI,"The Board also monitored the rollout of new technology journey. Engagement is supported through multiple channels, strategies, including generative AI, which improved including digital platforms (customer portals, surveys, SMS customer journeys through greater personalisation and feedback, and the Admiral App), li"
009,Admiral Group plc,2025,009_admiral_group_plc_annual_report_2025.txt,AI and related technologies,generative AI,generative AI,99,generative AI,"conditions and the development and broader adoption of new and emerging technologies such as fully autonomous emerging risks facing the Group vehicles (‘AVs’), generative AI, and quantum computing. alongside engaging with the This volatility has foregrounded the role of operational resilience and cyber-secur"
009,Admiral Group plc,2025,009_admiral_group_plc_annual_report_2025.txt,"Fairness, bias and ethics",fairness,fairness,110,fairness,"roduction of a new reward framework to oversee a rapidly evolving business landscape. for our UK colleagues. This project, designed to ensure More information on these appointments and what they fairness, transparency, and alignment with Admiral’s bring to the business can be found on pages 119 and 134. purpose and values, involved discussion and challenge At the executive level, we welcomed a new CEO at Admiral"
009,Admiral Group plc,2025,009_admiral_group_plc_annual_report_2025.txt,AI and related technologies,generative AI,generative AI,130,generative AI,"ction and contextual clarity in others. AECS – Impact of AI and The IECG confirmed a positive trajectory, noting the launch of predictive AI models September Company ambition and the implementation of generative AI across claims, IT, pricing, risk selection, 2025 productivity, and internal operations. These advancements were viewed as the start of a"
009,Admiral Group plc,2025,009_admiral_group_plc_annual_report_2025.txt,"Fairness, bias and ethics",bias,bias,206,bias,"raud through management override of controls, testing the appropriateness of journal entries and other adjustments; assessing whether the judgements made in making accounting estimates are indicative of a potential bias; and evaluating the business rationale of any significant transactions that are unusual or outside the normal course of business. We also communicated relevant identified laws and regulations and potential fraud ris"
010,AJ Bell plc,2025,010_aj_bell_plc_annual_report_2025.txt,AI and related technologies,AI,AI,7,AI,"service, allowing our customers to invest when they choose. Increasingly, we leverage generative AI (GenAI) to streamline back-office processes, enabling us to"
010,AJ Bell plc,2025,010_aj_bell_plc_annual_report_2025.txt,AI and related technologies,generative AI,generative AI,7,generative AI,"service, allowing our customers to invest when they choose. Increasingly, we leverage generative AI (GenAI) to streamline back-office processes, enabling us to"
010,AJ Bell plc,2025,010_aj_bell_plc_annual_report_2025.txt,AI and related technologies,automation,automation,12,automation,"in proposition, in June 2025 and are enhancing cash further growth in FY26 and beyond. the pension tax system throughout this Parliament, management and investment automation on our full- focusing on tax-free cash and tax relief. service advised platform. Link to strategy:"
010,AJ Bell plc,2025,010_aj_bell_plc_annual_report_2025.txt,AI and related technologies,automation,automation,15,automation,"amework. propositions, with a focus on ease of use. This The unwelcome theme of unnecessary Michael Summersgill includes increasing automation in the adviser journey, allowing advisers to serve their clients Campaigning for better complexity and poorly constructed policy has Chief Executive Officer more efficiently, and launching a new"
010,AJ Bell plc,2025,010_aj_bell_plc_annual_report_2025.txt,AI and related technologies,automation,automation,17,automation,"According to a recent survey 1 Work is also underway to bring greater automation to the What this means for our customers investment and divestment processes for advisers, delivering 65% and advisers"
010,AJ Bell plc,2025,010_aj_bell_plc_annual_report_2025.txt,AI and related technologies,AI,AI,19,AI,"across various teams in the business. This year, we including the integration of generative AI (GenAI) across key Our philosophy has always been to share the processes and the deployment of robotics within back-office developed a ‘single customer view’ dashboard for our"
010,AJ Bell plc,2025,010_aj_bell_plc_annual_report_2025.txt,AI and related technologies,AI,AI,19,AI,"within back-office developed a ‘single customer view’ dashboard for our Customer Service Team using AI to monitor all customer benefits of operating at increasing scale with operations. We have streamlined workflows, reduced manual interactions and drive efficiencies and better customer"
010,AJ Bell plc,2025,010_aj_bell_plc_annual_report_2025.txt,AI and related technologies,generative AI,generative AI,19,generative AI,"across various teams in the business. This year, we including the integration of generative AI (GenAI) across key Our philosophy has always been to share the processes and the deployment of robotics within back-office developed a ‘single customer view’ dashboard for our"
010,AJ Bell plc,2025,010_aj_bell_plc_annual_report_2025.txt,"Fairness, bias and ethics",fairness,fairness,39,fairness,"to our success, and as Why it is important Place to Work® survey were fairness, inclusion a responsible employer, we are Our success is built on delivering a Principled and safety in the workplace, reflecting the"
010,AJ Bell plc,2025,010_aj_bell_plc_annual_report_2025.txt,AI and related technologies,artificial intelligence,artificial intelligence,41,artificial intelligence,y of leadership and open communication to AJ Bell’s People Strategy. Our framework artificial intelligence (GenAI) to enhance development journey.remain central to our culture. We deliver a range is a set of activities and processes designed
010,AJ Bell plc,2025,010_aj_bell_plc_annual_report_2025.txt,"Fairness, bias and ethics",bias,bias,43,bias,"ble representation. creating psychological safety, understanding AJ Bell’s dedication to diversity, equity and cognitive bias and leading inclusively. Feedback Total number of employees 20251 inclusion is embedded in our policies, ensu"
010,AJ Bell plc,2025,010_aj_bell_plc_annual_report_2025.txt,"Fairness, bias and ethics",fairness,fairness,104,fairness,"The targets are set by reference to strategic objectives. • participation in or responsibility for conduct resulting in significant loss to a Group company; • failure to meet appropriate standards of fairness and propriety including fraud, material Deferred awards are subject to specific conditions that are designed to protect shareholder value dishonesty or material wrongdoing;"
010,AJ Bell plc,2025,010_aj_bell_plc_annual_report_2025.txt,AI and related technologies,artificial intelligence,artificial intelligence,164,Artificial Intelligence,162 Glossary AGM Annual General Meeting ExCo Executive Committee NED Non-Executive Director AI Artificial Intelligence FCA Financial Conduct Authority NGFS Network for Greening the Financial System AJBI AJ Bell Investments FRC Financ
010,AJ Bell plc,2025,010_aj_bell_plc_annual_report_2025.txt,AI and related technologies,generative AI,generative AI,164,Generative AI,r Management FX Foreign Exchange PCAF Partnership for Carbon Accounting Financials BAYE Buy As You Earn GenAI Generative AI PLC Public Limited Company BPS Basis points GHG Greenhouse Gas PR&U Principal Risks and Uncertaintie
011,IG Group Holdings plc,2025,011_ig_group_holdings_plc_annual_report_2025.txt,AI and related technologies,automation,automation,11,automation,Taking ownership and increasing Increase digital servicing and accountability to enhance automation to lower fixed costs and outcomes enhance scalability. Make the right choices about where to invest and
011,IG Group Holdings plc,2025,011_ig_group_holdings_plc_annual_report_2025.txt,AI and related technologies,automation,automation,12,automation, Lowering fixed costs to enhance scalability  Exiting initiatives delivering unacceptable Delivering on self-help via digital servicing and automation returns02.  Increasing conversion of customer fee and measures to unlock our potential
011,IG Group Holdings plc,2025,011_ig_group_holdings_plc_annual_report_2025.txt,AI and related technologies,artificial intelligence,artificial intelligence,17,artificial intelligence,st in prioritise investment in larger and fast- and enabling cryptocurrency deposits automation and artificial intelligence across growing markets. and withdrawals for seven digital assets. the business to enhance scalability.
011,IG Group Holdings plc,2025,011_ig_group_holdings_plc_annual_report_2025.txt,AI and related technologies,automation,automation,17,automation,ontinue to invest in prioritise investment in larger and fast- and enabling cryptocurrency deposits automation and artificial intelligence across growing markets. and withdrawals for seven digital assets. the business to enhance scalabili
011,IG Group Holdings plc,2025,011_ig_group_holdings_plc_annual_report_2025.txt,AI and related technologies,AI,AI,20,AI,"FY23 Reported 358.5 FY23 Reported 72.6 FY23 35% In FY25 we invested in an agile, AI-powered employee The number of active customers is the most relevant metric for First trades refers to a new customer funding their account and Our gender diversity metric represents the percentage"
011,IG Group Holdings plc,2025,011_ig_group_holdings_plc_annual_report_2025.txt,"Fairness, bias and ethics",fairness,fairness,23,fairness,"ocess, with data trackedwith our business objectives, ensuring that culture where diverse talent of all throughout to ensure fairness, objectivityinclusion continues to be a lever for growth, backgrounds, identities and experiences and a meritocratic approach tohigh p"
011,IG Group Holdings plc,2025,011_ig_group_holdings_plc_annual_report_2025.txt,AI and related technologies,artificial intelligence,artificial intelligence,43,Artificial Intelligence,dditional oversight with membership of our RMF and sets the tone for conduct comprised of senior management Vendor Risk Management Committee Transaction Reporting Committee Artificial Intelligence Committee in all business activities and expected with subject matter expertise.
011,IG Group Holdings plc,2025,011_ig_group_holdings_plc_annual_report_2025.txt,AI and related technologies,AI,AI,47,AI,"igate the ever-present and changing processes, people, systems, cyber threats or external events.  AI controls ensure that any sensitive information is only used in private, paid for and licensed services so as not to be mad"
011,IG Group Holdings plc,2025,011_ig_group_holdings_plc_annual_report_2025.txt,AI and related technologies,AI,AI,47,AI,"ng and maturing their attack methods and Trading  A 24/7 approach with trading desks located in London, Frankfurt and Australia providing targets. The incorporation of AI to improve The risk related to any issues around 24-hour coverage. We apply Board-approved market risk limits and operate under a robust efficiency and productivity, as well as our internal hed"
011,IG Group Holdings plc,2025,011_ig_group_holdings_plc_annual_report_2025.txt,AI and related technologies,artificial intelligence,artificial intelligence,57,Artificial Intelligence,Vendor Risk Transaction Reporting Artificial Intelligence Pricing Committee Technology Committee Management
011,IG Group Holdings plc,2025,011_ig_group_holdings_plc_annual_report_2025.txt,"Fairness, bias and ethics",bias,bias,117,bias,"of the US (tastytrade) CGU involves a  Assessed whether judgements made in deriving the assumptions gave rise to indicators of possible management bias. significant degree of judgement and the estimation uncertainty is high. As part of our risk assessment procedures, we also assessed the Representations were obtained from management that assumptions used were their be"
012,CMC Markets plc,2025,012_cmc_markets_plc_annual_report_2025.txt,AI and related technologies,artificial intelligence,artificial intelligence,25,artificial intelligence,"os. Operational risks | Risks arising from our people, processes, systems and external service providers Emerging risks We monitor emerging regulatory developments and technological advancements, including the rise of artificial intelligence and broader digital disruption. These trends have the potential to reshape how financial services are delivered and consumed. As part of our strategy, we aim to adapt our platforms, processes and product offerings to re"
012,CMC Markets plc,2025,012_cmc_markets_plc_annual_report_2025.txt,AI and related technologies,AI,AI,32,ai,"lity principles ypilla Our ESG strategy rs aligns with several United Ourthree sust ai nabilit Nations Sustainable Development Goals The Board oversees the conduct of our business, shaping"
012,CMC Markets plc,2025,012_cmc_markets_plc_annual_report_2025.txt,AI and related technologies,automation,automation,74,automation,ve close to complete. aligning the value proposition. Lead the automation roll out of the robotics across 75% Project progresses to time with several business Expanding depth and breadth of product offering 75% Project has successfully delivered 3 of 4 defined agreed teams a
012,CMC Markets plc,2025,012_cmc_markets_plc_annual_report_2025.txt,"Fairness, bias and ethics",bias,bias,90,bias,ing whether the judgements made in making accounting estimates are procedures relating to: indicative of a potential bias; and evaluating the business rationale of any significant transactions that are unusual or outside the
013,IntegraFin Holdings plc,2025,013_integrafin_holdings_plc_annual_report_2025.txt,AI and related technologies,AI,AI,10,AI,heir the adviser platform market to grow at 12% propositions and our overall IHP integrations data and unique access to AI capabilities. per annum from £806 billion at the end of strategy are aligned to these trends.
013,IntegraFin Holdings plc,2025,013_integrafin_holdings_plc_annual_report_2025.txt,AI and related technologies,AI,AI,53,AI,"umer behaviour and confidence as well as increasing Time horizon: ongoing the risk of civil unrest and cyber attacks, particularly state sponsored or politically motivated cyber attacks. Artificial intelligence AI is a constantly evolving opportunity and risk for the Group. Key areas of activity have included business Time horizon: ongoing proposition and competitive advantage, day-to-day operations, workforce education, cyber"
013,IntegraFin Holdings plc,2025,013_integrafin_holdings_plc_annual_report_2025.txt,AI and related technologies,AI,AI,53,AI,"orce education, cyber security, workforce impact, data protection and IP risk as well as many ethical and social implications. In order to harness the benefits of AI whilst effectively managing the associated risks it presents to the Group and society: l our people must be AI informed; AI awareness training is a core part of AI adoption alongside active"
013,IntegraFin Holdings plc,2025,013_integrafin_holdings_plc_annual_report_2025.txt,AI and related technologies,artificial intelligence,artificial intelligence,53,Artificial intelligence,"economic environment and consumer behaviour and confidence as well as increasing Time horizon: ongoing the risk of civil unrest and cyber attacks, particularly state sponsored or politically motivated cyber attacks. Artificial intelligence AI is a constantly evolving opportunity and risk for the Group. Key areas of activity have included business Time horizon: ongoing proposition and competitive advantage, day-to-day operations, workforce educatio"
013,IntegraFin Holdings plc,2025,013_integrafin_holdings_plc_annual_report_2025.txt,AI and related technologies,automation,automation,72,automation,"t out in last year’s Directors’ is appropriate to retain and reward 30 September and continuing delivery against Remuneration Report and can be found in employees, and remains competitive our automation and integration strategy. the Investor Relations section of our website. and appropriate For the financial"
014,Wise plc,2025,014_wise_plc_annual_report_2025.txt,AI and related technologies,AI,AI,21,AI,"service, it should be as easy and frictionless as possible. We have invested in AI, as well as our servicing team, to reduce contact rates; last year bringing the contact rate per active user to around"
014,Wise plc,2025,014_wise_plc_annual_report_2025.txt,AI and related technologies,AI,AI,21,AI,hours. We will continue to invest in improving the service we offer our customers and we are focusing on leveraging AI and automation tools to deliver a better experience and to keep customer money moving around the world
014,Wise plc,2025,014_wise_plc_annual_report_2025.txt,AI and related technologies,automation,automation,21,automation,"o invest in improving the service we offer our customers and we are focusing on leveraging AI and automation tools to deliver a better experience and to keep customer money moving around the world. Last year, we"
014,Wise plc,2025,014_wise_plc_annual_report_2025.txt,AI and related technologies,automation,automation,22,automation,"split across 26 sites 3.5 million+ 6 30% transactions per day direct connections to domestic payment rails automation rate (2 more coming in FY2026) (proportion of manual workload automated) 1,000+ cloud-based services powerin"
014,Wise plc,2025,014_wise_plc_annual_report_2025.txt,AI and related technologies,machine learning,machine learning,22,machine learning,"contact rate Proprietary Mastercard 24/7 coverage machine learning and Visa approach to fight financial crime, predict card issuance partnerships treasury money movements and help our customer support teams be more efficient"
014,Wise plc,2025,014_wise_plc_annual_report_2025.txt,AI and related technologies,AI,AI,23,AI,"the biggest areas of progress in What differentiates Servicing at Wise from How are you using automation and Servicing this year? the competition? AI in Servicing? We are constantly striving towards our ‘instant’ goal, to Our customers are truly global and therefore so is our Today, we process over a million documents a month not make our customers"
014,Wise plc,2025,014_wise_plc_annual_report_2025.txt,AI and related technologies,automation,automation,23,automation,"Wise Annual Report and Accounts 2025 21 Q&A with Rohan Basu, Head of Global Operations What have been the biggest areas of progress in What differentiates Servicing at Wise from How are you using automation and Servicing this year? the competition? AI in Servicing? We are constantly striving towards our ‘instant’ goal, to Our customers are truly global"
014,Wise plc,2025,014_wise_plc_annual_report_2025.txt,AI and related technologies,large language model,large language model,23,Large Language Model,"ty sites, and strong reduce handling time and costs. During the year we launched To get there, we’ve been investing heavily in the latest continuity, which means we’re not reliant on one site or Large Language Model-driven co-pilots for teams in Financial technology, especially AI, alongside our 7,000+ strong country to operate. Crime and Customer Support, to help agents hone their Ser"
014,Wise plc,2025,014_wise_plc_annual_report_2025.txt,"Fairness, bias and ethics",bias,bias,39,Bias,• Inclusive Ways of Working • Uncovering Unconscious Bias
014,Wise plc,2025,014_wise_plc_annual_report_2025.txt,AI and related technologies,large language model,large language model,43,Large Language Model,"ence globally. 5 apprentices linewill continuewith our Enterpriseto build outRiskourManagementglobal peopleFramework,policies andand In FY2025, we developed a Large Language Model to procedures in FY2026. analyse employee queries in order to identify key pain points."
014,Wise plc,2025,014_wise_plc_annual_report_2025.txt,AI and related technologies,artificial intelligence,artificial intelligence,62,artificial intelligence,"We expect to focus on model risk and the governance of At Wise we recognise that good risk management enables management system. This has significantly improved feedback artificial intelligence, as well as further strengthening our the business to make better decisions, avoid pitfalls, loops between risk controls and risk assessments, and has defences in financial crime where we will uplift"
014,Wise plc,2025,014_wise_plc_annual_report_2025.txt,AI and related technologies,artificial intelligence,artificial intelligence,62,artificial intelligence,"to in GRC tooling, process mapping, risk analytics, report capabilities in both the first and second lines of defence. relevant controls. This will help us in several ways to measure automation, artificial intelligence and Large Language We have made significant new specialist hires within the control effectiveness and reflect improved risk assessments; Model integrations. Risk and Product Compliance teams at both a Gr"
014,Wise plc,2025,014_wise_plc_annual_report_2025.txt,AI and related technologies,artificial intelligence,artificial intelligence,67,artificial intelligence,"and feedback are critical inputs into our design and planning Technological – Emergence of new technology, Resilience; Cyber; Data • Oversight through AI Forum and AI governance action plan like generative artificial intelligence (AI), creates Privacy; Financial Crime; • Additional vendor technology usage controls introduced in due diligence and ongoing monitoring new risks through both industry and threat Operations"
015,CAB Payments Holdings plc,2025,015_cab_payments_holdings_plc_annual_report_2025.txt,AI and related technologies,AI,AI,11,AI,"ategic Report Governance Statements Appendix 9 Chair’s Statement Embarking upon sustainable growth following a year of reset including AI, and diversified our revenue making as we support the executive team in streams. We are now more efficient, resilient delivering our purpose and strategy."
015,CAB Payments Holdings plc,2025,015_cab_payments_holdings_plc_annual_report_2025.txt,AI and related technologies,AI,AI,16,AI,"Renminbi (CNY) to offer more non- as fraud detection, compliance, and ■Invested in AI and automation to USD flexibility to clients customer service, ultimately reducing opti"
015,CAB Payments Holdings plc,2025,015_cab_payments_holdings_plc_annual_report_2025.txt,AI and related technologies,AI,AI,16,AI,"ary 2026 partnerships, digital currency solutions, and AI-driven efficiency. Empowering cross-border growth through unrivalled payment flexibi"
015,CAB Payments Holdings plc,2025,015_cab_payments_holdings_plc_annual_report_2025.txt,AI and related technologies,artificial intelligence,artificial intelligence,16,artificial intelligence,"authorities to ensure a compliant this, artificial intelligence is transforming the currency crosses with Chinese solution"
015,CAB Payments Holdings plc,2025,015_cab_payments_holdings_plc_annual_report_2025.txt,AI and related technologies,automation,automation,16,automation,"Renminbi (CNY) to offer more non- as fraud detection, compliance, and ■Invested in AI and automation to USD flexibility to clients customer service, ultimately reducing optimise processing"
015,CAB Payments Holdings plc,2025,015_cab_payments_holdings_plc_annual_report_2025.txt,"Fairness, bias and ethics",fairness,fairness,25,fairness,"ty must At the same time, they demand robust Looking to 2026, our efforts will remain drive innovation, value creation, and trust. governance to ensure fairness, focused on embedding sustainability deeper The Responsible Business Board Sub- transparency, and protection of people’s into governance and strategic"
015,CAB Payments Holdings plc,2025,015_cab_payments_holdings_plc_annual_report_2025.txt,AI and related technologies,automation,automation,37,automation,"the first. That acceleration more profitable than the last. We're we're more diversified acrosswe create value and where we're investing. matters because it shows momentum. The investing in that now: automation, and AI- The best things about our culture haven't headline is that our growth is relationship enabled processing will reduce costs per products and geographies and changed. We are purpose and client led"
015,CAB Payments Holdings plc,2025,015_cab_payments_holdings_plc_annual_report_2025.txt,AI and related technologies,automation,automation,43,automation,over time. We expect additional investment in stood at £129.3m (2024: £116.0m) an increase of 12% retaining a £41.1m surplus above the client-facing teams and network to be partially offset by efficiency gains from automation Overall Capital Requirement. and process improvements. Liquidity metrics remain strong with both LCR and NSFR well above regulatory minimums at The Group expects Capi
015,CAB Payments Holdings plc,2025,015_cab_payments_holdings_plc_annual_report_2025.txt,AI and related technologies,machine learning,machine learning,50,machine learning,"g upgrades in 2024, Phase 2 enhancements were delivered in 2025, within CAB’s portfolio and Financial Institutions remain the largest segment introducing machine learning capabilities and improved alert handling. Additional of CAB’s Client portfolio. upgrades to sanctions screen"
015,CAB Payments Holdings plc,2025,015_cab_payments_holdings_plc_annual_report_2025.txt,AI and related technologies,artificial intelligence,artificial intelligence,74,artificial intelligence,"In considering the above, the Board considers the views of all – market view impacted stakeholders whilst acting in the best interests of the – artificial intelligence in industry Company and members as a whole, as set out in the – whistleblowing s172 Statement on pages 56 to 58. – digital currency market evol"
015,CAB Payments Holdings plc,2025,015_cab_payments_holdings_plc_annual_report_2025.txt,"Fairness, bias and ethics",fairness,fairness,94,fairness,"and post- key consideration of the Remuneration Directors; Remuneration Committee will engage employment shareholding requirements. Committee will be on fairness and the ■the importance of attracting, retaining, regularly with the Company’s largest ■Predictability – certain elements of the remuneration outcomes across the and motivating high-calibre Exe"
015,CAB Payments Holdings plc,2025,015_cab_payments_holdings_plc_annual_report_2025.txt,"Fairness, bias and ethics",fairness,fairness,112,fairness,"he unique contributions of its diverse workforce, fostering a culture of openness, mutual respect, and collaboration. The Group prioritises equal opportunities, ensuring fairness and inclusivity in all aspects of employment with policies prohibiting discrimination based on various factors, including race, gender, disability, and age. Equal oppo"
015,CAB Payments Holdings plc,2025,015_cab_payments_holdings_plc_annual_report_2025.txt,"Fairness, bias and ethics",bias,bias,124,bias,"he financial statements (including the risk of override of controls), and determined that the principal risks were related to posting inappropriate journal entries in relation to revenue and cost targets, and management bias in accounting estimates. Audit Other required reporting procedures performed by the engagement team included: Companies Act 2006 exception reporting ■"
015,CAB Payments Holdings plc,2025,015_cab_payments_holdings_plc_annual_report_2025.txt,"Fairness, bias and ethics",bias,bias,124,bias,xceptions to report arising from this responsibility. combinations; and ■Challenging significant assumptions and judgements made by management in its Appointment accounting estimates and assessing them for bias. We were first appointed by the Company for the financial year ended 31 December 2025. There are inherent limitations in the audit procedures described above. We are
016,Funding Circle Holdings plc,2025,016_funding_circle_holdings_plc_annual_report_2025.txt,AI and related technologies,AI,AI,4,AI,"Our product suite enables businesses to borrow, pay businesses with the funding they need by later and spend. Enabled by our proprietary data and leveraging our technology and data to deliver AI-powered technology, we provide SMEs with the a superior customer experience. With a large right product at the right time to support them through and underserved market, we are proud of every s"
016,Funding Circle Holdings plc,2025,016_funding_circle_holdings_plc_annual_report_2025.txt,AI and related technologies,AI,AI,8,AI,"like to extend my sincere gratitude to my Group’s most significant competitive predecessor, Andrew Learoyd. Having advantage. By leveraging AI-powered risk served on the Board since the Company models trained on 15 years of unique data was founded, Andrew’s leadership was sets, w"
016,Funding Circle Holdings plc,2025,016_funding_circle_holdings_plc_annual_report_2025.txt,AI and related technologies,AI,AI,8,AI,"erm profitability. In 2025, the Board’s oversight focused multi-product platform on ensuring that the Group successfully Our ongoing investment in Generative AI (“Gen AI”) applications is enhancing our secures Funding Circle’s transitioned from its 2024 reset into a ability to sca"
016,Funding Circle Holdings plc,2025,016_funding_circle_holdings_plc_annual_report_2025.txt,AI and related technologies,generative AI,generative AI,8,Generative AI,"ives long-term profitability. In 2025, the Board’s oversight focused multi-product platform on ensuring that the Group successfully Our ongoing investment in Generative AI (“Gen AI”) applications is enhancing our secures Funding Circle’s transitioned from its 2024 reset into a ability to sca"
016,Funding Circle Holdings plc,2025,016_funding_circle_holdings_plc_annual_report_2025.txt,AI and related technologies,automation,automation,24,automation,"Our flexible modular architecture enables the We use Gen AI to work more efficiently, drive rapid launch of new products. This modular operational leverage through automation, and design was key to the successful rollout deepen our SME relationships by analysing and iteration of our FlexiPay and Cashback customer sentime"
016,Funding Circle Holdings plc,2025,016_funding_circle_holdings_plc_annual_report_2025.txt,AI and related technologies,machine learning,machine learning,24,machine learning,"perior customer experience Frictionless digital experience Automated decision engine Our highly flexible interface provides At the heart of our platform, machine learning an intuitive experience across desktop models automate complex underwriting and mobile. As we have expanded our tasks. This enables SMEs to a"
016,Funding Circle Holdings plc,2025,016_funding_circle_holdings_plc_annual_report_2025.txt,"Fairness, bias and ethics",bias,bias,30,bias,"ed groups to hire and promote top talent, based on Our Circler-led groups are at the forefront of performance and potential, while mitigating our culture, driving the initiatives that make bias and ensuring we attract diverse Funding Circle unique. 2025 highlights applicants. This is also supported by our included Circle of Pride, spotlighting Female Empowerment Programme, now queer-owned small busi"
016,Funding Circle Holdings plc,2025,016_funding_circle_holdings_plc_annual_report_2025.txt,"Fairness, bias and ethics",fairness,fairness,31,fairness,"34% 2021 21% 2021 32% 2021 31% Diversity, Equity and Inclusion (“DEI”) Statement our customers, we back our people by ensuring fairness ‘On A Mission, together’ iscompensationwoven into everythingto career development.we do, from recruitmentThis includesand ensuring all application"
016,Funding Circle Holdings plc,2025,016_funding_circle_holdings_plc_annual_report_2025.txt,AI and related technologies,artificial intelligence,artificial intelligence,59,Artificial intelligence,"ats: the dual nature of AI environment. By maintaining a disciplined and cybersecurity approach to risk while responsibly risk landscape of 2026.” Artificial intelligence is reshaping financial embracing innovation, we will support services. For us, AI is a powerful lever UK SMEs through the cycle and create"
016,Funding Circle Holdings plc,2025,016_funding_circle_holdings_plc_annual_report_2025.txt,AI and related technologies,artificial intelligence,artificial intelligence,63,artificial intelligence,"ness. Risk appetite We will make efficient use of our available resources to build a sustainable, diversified and profitable business that can successfully adapt to environment and technological changes (in particular artificial intelligence (‘‘AI’’)), and respond adequately to competition pressures. Risk(s) and potential impact Key risk considerations and mitigation actions Strategy execution Risk that we are unable to effectively"
016,Funding Circle Holdings plc,2025,016_funding_circle_holdings_plc_annual_report_2025.txt,AI and related technologies,automation,automation,66,automation,"ternal processes, people, and systems or from external events. This definition includes operational failures resulting from the use of AI systems, such as flawed model outputs leading to poor business decisions, process automation failures, inadequate ‘human-in-the-loop’ oversight, or fraud losses resulting from AI enabled attacks. Risk appetite Funding Circle will operate well managed processes with reliable performance and effective controls p"
016,Funding Circle Holdings plc,2025,016_funding_circle_holdings_plc_annual_report_2025.txt,Human oversight,human-in-the-loop,human-in-the-loop,66,human-in-the-loop,"tems or from external events. This definition includes operational failures resulting from the use of AI systems, such as flawed model outputs leading to poor business decisions, process automation failures, inadequate ‘human-in-the-loop’ oversight, or fraud losses resulting from AI enabled attacks. Risk appetite Funding Circle will operate well managed processes with reliable performance and effective controls preventing significant and non-anticipate"
016,Funding Circle Holdings plc,2025,016_funding_circle_holdings_plc_annual_report_2025.txt,AI and related technologies,machine learning,machine learning,68,machine learning,"tfolio level in line with Funding Circle management’s expectations, in terms of net loss rate, risk-adjusted rate of return and volatility through economic cycles. This includes management of potential risks from AI and machine learning (‘‘ML’’) models integrated in the credit risk assessment. Risk appetite Whether or not Funding Circle owns any credit risk, credit risk resulting from our lending activities will be managed with the utmost care and att"
016,Funding Circle Holdings plc,2025,016_funding_circle_holdings_plc_annual_report_2025.txt,AI and related technologies,automation,automation,91,automation,"ght of the implementation of the Provision 29 material controls attestation requirements. l As the Group continues to embrace new products and increase automation, particularly with new technology Committee composition, skills and experience initiatives (including Gen AI), the Committee will monitor The membership of the Audit Committee complies with the associate"
016,Funding Circle Holdings plc,2025,016_funding_circle_holdings_plc_annual_report_2025.txt,"Fairness, bias and ethics",bias,bias,125,bias,"ements (including the risk of override of controls), Under the Companies Act 2006 we are required to report to and determined that the principal risks were related to bias you if, in our opinion: in accounting estimates and posting of journal entries to manipulate financial performance. Audit procedures l we have not obtained a"
016,Funding Circle Holdings plc,2025,016_funding_circle_holdings_plc_annual_report_2025.txt,"Fairness, bias and ethics",bias,bias,125,bias,"mptions and judgements made interest entity for eight of those financial years. by management in its accounting estimates and assessing them for bias, including those relating to the allowance for Other matter expected credit losses for FlexiPay lines of credit and The C"
017,Boku Inc.,2025,017_boku_inc_annual_report_2025.txt,AI and related technologies,AI,AI,4,AI,"utomation and scalability through +30% vs 2024 (+29% CER) operational infrastructure enhancements Growing EBITDA $41.3m +36% vs 2024 Invested in key capabilities including data, AI, product and transformation to drive scalability Operating proﬁt $18.9M +205% vs 2024 Launched Singapore Innovation Hub B"
017,Boku Inc.,2025,017_boku_inc_annual_report_2025.txt,AI and related technologies,automation,automation,4,automation,"cies ISO 27001 certiﬁed Profitable growth driven by scale, diversification and financial strength Excellent ﬁnancial results Platform innovation Broad based revenue growth $128.8M Improved automation and scalability through +30% vs 2024 (+29% CER) operational infrastructure enhancements Growing EBITDA $41.3m +36% vs 2024 Invested in key capabilities including data, AI,"
017,Boku Inc.,2025,017_boku_inc_annual_report_2025.txt,AI and related technologies,AI,AI,10,AI,"clear priority. • Innovate: Innovation remains central to our culture and a core differentiator for Boku. During the year, we advanced our platform beyond core payment processing, investing in automation, AI and data-driven capabilities to enhance transaction conversion rates, settlement speed and scalability for our merchants, while reducing friction across the payment journey. In November 2025, we"
017,Boku Inc.,2025,017_boku_inc_annual_report_2025.txt,AI and related technologies,AI,AI,10,AI,"our business and a part of the world that is seeing rapid developments in payments innovation. The Hub brings together a dedicated team working on FX solutions, payouts and emerging technologies, including AI and digital assets (stablecoin), enabling the development of payment infrastructure that reduces complexity for our merchants while expanding their global reach. Boku, Inc. Annual Report and Accounts for the"
017,Boku Inc.,2025,017_boku_inc_annual_report_2025.txt,AI and related technologies,automation,automation,10,automation,"ins a clear priority. • Innovate: Innovation remains central to our culture and a core differentiator for Boku. During the year, we advanced our platform beyond core payment processing, investing in automation, AI and data-driven capabilities to enhance transaction conversion rates, settlement speed and scalability for our merchants, while reducing friction across the payment journey. In November 2025,"
017,Boku Inc.,2025,017_boku_inc_annual_report_2025.txt,AI and related technologies,automation,automation,12,automation,"lobally. • Drive scalability: As volumes and complexity increase, scalable operations are critical. Building on our programme to modernise payment operations and settlement systems, we will continue to invest in automation, straight-through processing, treasury and finance infrastructure together with global compliance capabilities. These initiatives will support automated reconciliation and near real-time fund flows across our int"
017,Boku Inc.,2025,017_boku_inc_annual_report_2025.txt,"Fairness, bias and ethics",fairness,fairness,48,fairness,"Committee applies this approach to the Executive Directors and Global Leadership Team, ensuring they are incentivised to deliver value for shareholders while maintaining a strong focus on risk management, affordability, fairness in relation to the wider workforce, and alignment with AIM Rules and principles. Executive Directors Executive Director remuneration consists of 5 elements: • Salary • Annual Bonus • Long Term Incent"
017,Boku Inc.,2025,017_boku_inc_annual_report_2025.txt,"Fairness, bias and ethics",fairness,fairness,56,fairness,"ving senior leaders. Progress was also made in strengthening reward and pay governance through the development of a clear Reward Philosophy and job-levelling framework, designed to promote consistency, transparency and fairness in pay and career progression. The Group is committed to providing equal opportunities and promoting inclusive behaviours, which are viewed as important enablers of innovation, effective decision-making and long-term p"
018,PayPoint plc,2025,018_paypoint_plc_annual_report_2025.txt,AI and related technologies,automation,automation,5,automation,"organisational a reduction of at least in the range of 5% to framework which 20% of our issued share 8% per annum across will deliver greater capital, with scope for the Group automation of processes leverage in the range and greater agility to of 1.2x to 1.5x support the delivery of our plan Our strategy over the past five ye"
018,PayPoint plc,2025,018_paypoint_plc_annual_report_2025.txt,AI and related technologies,automation,automation,5,automation,in the range of 1.2x to 1.5x. growth rate in the range of 5-8% per annum. operational structure and business processes today and develop a plan to deliver greater automation and business agility in the future to support the delivery of our plan.
018,PayPoint plc,2025,018_paypoint_plc_annual_report_2025.txt,AI and related technologies,automation,automation,9,automation,to Love2shop vouchers/rewards and prepaid solutions. 8% per annum across the Group; • Establishing an organisational framework which will deliver greater automation of processes and greater agility to support the delivery of our plan; and • Delivering a reduction of at least 20% of our issued share capital through an enhanced share buyback programme. Unpara
018,PayPoint plc,2025,018_paypoint_plc_annual_report_2025.txt,AI and related technologies,AI,AI,14,AI,"with the launch of a new consumers and our carrier partners. We have also demonstrable performance optimisation and AI-driven statement reader to further speed expanded our Zebra printer technology to over services adoption. In addition, we continue to drive"
018,PayPoint plc,2025,018_paypoint_plc_annual_report_2025.txt,AI and related technologies,AI,AI,49,AI,"cial distress. Retailer Rewards scheme, launched in September our core proposition, with the launch of a new services in the year. We continue to have a 2024, giving retailers additional commission for AI-driven statement reader to further speed strong community impact through our work with Our Community Cash Access and Banking Network scanning goods in store. Our next generation up and enhance the mer"
018,PayPoint plc,2025,018_paypoint_plc_annual_report_2025.txt,AI and related technologies,AI,AI,56,AI,xperience enhanced in the year: new We provide card use a range of channels and methods to communicate Executive Board. AI-driven statement reader launched to payments services with and seek feedback from new and existing enhance th
018,PayPoint plc,2025,018_paypoint_plc_annual_report_2025.txt,"Fairness, bias and ethics",bias,bias,119,bias,ement is materially consistent with the financial inappropriate journal entries to increase revenue and management bias in accounting estimates. The statements and our knowledge obtained during the audit: group engagement team shared this risk asse
019,London Stock Exchange Group plc,2025,019_london_stock_exchange_group_plc_annual_report_2025.txt,AI and related technologies,AI,AI,3,AI,"em. risk management. We enable customers to create sustainable – We offer integrated solutions including growth by providing the tools and data that AI functionality. FTSE Russell enable financial markets to manage risk and – We operate an AI-enabled data machine Global benchmarks, indices and data make informed investment deci"
019,London Stock Exchange Group plc,2025,019_london_stock_exchange_group_plc_annual_report_2025.txt,AI and related technologies,AI,AI,3,AI,"g growth by providing the tools and data that AI functionality. FTSE Russell enable financial markets to manage risk and – We operate an AI-enabled data machine Global benchmarks, indices and data make informed investment decisions. and distribution. solutions covering a range of asset classes, supporting portfolio construction, asset"
019,London Stock Exchange Group plc,2025,019_london_stock_exchange_group_plc_annual_report_2025.txt,AI and related technologies,AI,AI,5,AI,"ion of share buybacks executed our partnership approach, we operate and grow critical since 20223. platforms that are developed in partnership with the industry. – Our LSEG Everywhere AI strategy is a natural extension of our open model, delivering our data in an easy-to-access way to where our customers are working. Recurring revenue (as a % of EBITDA margin expansion Capex (as"
019,London Stock Exchange Group plc,2025,019_london_stock_exchange_group_plc_annual_report_2025.txt,AI and related technologies,artificial intelligence,artificial intelligence,8,Artificial intelligence,"n track record of delivering real value through long-term partnership. David Schwimmer Chief Executive Officer AI strategy 25 February, 2026 Artificial intelligence is transforming financial markets. With our unmatched data, infrastructure and partnerships, LSEG is at London Stock Exchange Group plc | An"
019,London Stock Exchange Group plc,2025,019_london_stock_exchange_group_plc_annual_report_2025.txt,AI and related technologies,automation,automation,10,automation,significant operational efficiencies through process automation. LSEG response We continue to provide clients with We are executing our LSEG Everywhere a uniq
019,London Stock Exchange Group plc,2025,019_london_stock_exchange_group_plc_annual_report_2025.txt,AI and related technologies,LLM,LLM,13,LLM,"n business, so we Interoperability is in our DNA. When other in financial services through professionals work, with can innovate faster and exchange groups focused on vertical our open, LLM-agnostic AI-enabled products that serve our customers better. integration of trading and clearing, we partnership approach. bring speed, simplicity champio"
019,London Stock Exchange Group plc,2025,019_london_stock_exchange_group_plc_annual_report_2025.txt,AI and related technologies,artificial intelligence,artificial intelligence,13,Artificial intelligence,"creates the opportunity for strong partnership. From developing our clearing Artificial intelligence is transforming financial markets. With our unmatched data, infrastructure houses to now building new products and partnerships, we are"
019,London Stock Exchange Group plc,2025,019_london_stock_exchange_group_plc_annual_report_2025.txt,AI and related technologies,automation,automation,15,automation,"ncy improvements across implementation of a unified revenue the business through strengthened controls, process and billing platform automation and a focus on risk culture. We continue to integrate our leading content and Our goal is to deliver the best value possible products with Workspace, offe"
019,London Stock Exchange Group plc,2025,019_london_stock_exchange_group_plc_annual_report_2025.txt,AI and related technologies,automation,automation,15,automation,"f AI productivity tools Budgeting for large components of our cost base and to increase operational efficiency, driven operating efficiencies from automation of content particularly in Engineering, Operations, collection and ingestion. Sales and Marketing"
019,London Stock Exchange Group plc,2025,019_london_stock_exchange_group_plc_annual_report_2025.txt,"Fairness, bias and ethics",bias,bias,47,bias,"4; At year-end, colleagues receive equally average completion rate of 73% for modules 1.8% of the raw pay gap was non-identifiable by weighted ratings for what they achieve – covering topics such as bias, anti-racism, the factors considered in our model. The raw aligned to personal, divisional and Group accessibility, and LGBTQ+ inclusion. ethnicity pay gap in the UK and US increased objec"
019,London Stock Exchange Group plc,2025,019_london_stock_exchange_group_plc_annual_report_2025.txt,"Fairness, bias and ethics",bias,bias,47,bias,"ll colleagues that is held accountable for creating an differences arise from protected characteristics are required to complete mandatory annual inclusive culture or improper bias. Our ambition is to reduce all training on our Code of Conduct, and in 2025 – Create merit-based processes, enabling pay gaps, particularly keeping non-identifiable 98.5% of colleagues completed the training."
019,London Stock Exchange Group plc,2025,019_london_stock_exchange_group_plc_annual_report_2025.txt,AI and related technologies,generative AI,generative AI,53,generative AI,"and operational services and products to customers. The adoption of excellence. It helps to ensure that stakeholder interests advanced cloud-based generative AI capabilities will are considered in the development and deployment enable the Risk Intelligence division to provide faster of cloud-based solutions, particularly in areas suc"
019,London Stock Exchange Group plc,2025,019_london_stock_exchange_group_plc_annual_report_2025.txt,AI and related technologies,artificial intelligence,artificial intelligence,55,artificial intelligence,"d Change Frameworks, Rapid market and technological shifts, including the which provide standards and guidance for effective programme continued advancement of artificial intelligence (AI), assessment, execution and integration of acquisitions. Group Risk heighten the risk of disruption to our business model, monitor transformation activities and execution risk w"
019,London Stock Exchange Group plc,2025,019_london_stock_exchange_group_plc_annual_report_2025.txt,"Fairness, bias and ethics",bias,bias,84,bias,"– Continue to progress towards pay clarity Corporate Governance section of our website of 2025 Long-Term Incentive (LTI) awards and pay free from bias, ahead of the EU at https://www.lseg.com/en/about-us/– Remuneration approach for 2026, including Pay Transparency Directive implementation corporate-governance. t"
019,London Stock Exchange Group plc,2025,019_london_stock_exchange_group_plc_annual_report_2025.txt,AI and related technologies,machine learning,machine learning,108,machine learning,"iding such support is not existing locations language models, quantitative and data-driven considered to be a political donation or modelling, machine learning and natural expenditure under US law. In accordance with language processing. Research also includes the applicable law, contributions from the PAC"
019,London Stock Exchange Group plc,2025,019_london_stock_exchange_group_plc_annual_report_2025.txt,AI and related technologies,LLM,LLM,199,LLM,"insurance products. FTSE Russell FTSE International Limited and its subsidiaries, LLM the Group subsidiary that is a leading global Large language model. provider of index and analytics solutions."
019,London Stock Exchange Group plc,2025,019_london_stock_exchange_group_plc_annual_report_2025.txt,AI and related technologies,large language model,large language model,199,Large language model,"FTSE Russell FTSE International Limited and its subsidiaries, LLM the Group subsidiary that is a leading global Large language model. provider of index and analytics solutions. London Stock Exchange Group plc | Annual Rep"
020,Experian plc,2025,020_experian_plc_annual_report_2025.txt,AI and related technologies,artificial intelligence,artificial intelligence,6,Artificial Intelligence,"rating of 4.2/5, Our client Net Promotor Score (NPS) has up from 4.1 four years ago increased for seven years running since FY18 Our Generative Artificial Intelligence >200m (GenAI)-enabled tool, Experian Assistant, Our free consumer member won the 2025 BIG Innovation Award in the"
020,Experian plc,2025,020_experian_plc_annual_report_2025.txt,AI and related technologies,AI,AI,13,AI,"data – we combine it with powerful software, of Group revenue* analytics, and Artificial Intelligence (AI) to create solutions.What we do We help millions of people take control of their finances. We provide credit We integrate"
020,Experian plc,2025,020_experian_plc_annual_report_2025.txt,AI and related technologies,artificial intelligence,artificial intelligence,13,Artificial Intelligence,"data – we combine it with powerful software, of Group revenue* analytics, and Artificial Intelligence (AI) to create solutions.What we do We help millions of people take control of their finances. We provide credit We integ"
020,Experian plc,2025,020_experian_plc_annual_report_2025.txt,AI and related technologies,AI,AI,16,AI,"d confidently. Structural growth opportunities, examples, as we highlight in this report. Our Generative the breadth of our business and the trust we have built AI-powered Experian Assistant won a 2025 BIG Innovation shape our strategy and give us a strong platform to thrive. Award, and we delivered over 2,000 client solutions th"
020,Experian plc,2025,020_experian_plc_annual_report_2025.txt,AI and related technologies,AI,AI,17,AI,"enges for the Board over face of macroeconomic volatility? on fast-evolving trends like the next three to five years? Volatility has been a consistent feature of cyber security and AI? Talent is central. A major priority is to the global economy in recent years, and Cyber security is a standing priority. have the right leadership team in place. we expect tha"
020,Experian plc,2025,020_experian_plc_annual_report_2025.txt,AI and related technologies,automation,automation,20,automation,"AI to improve user experiences, enhance marketing and our data assets, develop our product range, enhance risk management, and streamline operations through the way we deliver our products to clients and extend automation. These technologies are becoming essential the relationships we have with consumers. tools for improving performance and efficiency. Our response: Dig"
020,Experian plc,2025,020_experian_plc_annual_report_2025.txt,AI and related technologies,generative AI,generative AI,20,Generative AI,"ng the sectors’ ongoing transformation. for instant access to financial services via smartphones. Our members are able to access credit offers instantly and our Insurance Marketplace in the USA has grown rapidly in Generative AI and other emerging scale. We have also introduced our Generative AI (GenAI) technologies financial assistant EVA, which helps our members to better The world of GenAI is rapidly evolving, offering both under"
020,Experian plc,2025,020_experian_plc_annual_report_2025.txt,AI and related technologies,generative AI,generative AI,20,Generative AI,"ial services via smartphones. Our members are able to access credit offers instantly and our Insurance Marketplace in the USA has grown rapidly in Generative AI and other emerging scale. We have also introduced our Generative AI (GenAI) technologies financial assistant EVA, which helps our members to better The world of GenAI is rapidly evolving, offering both understand their credit data and work towards improving technolo"
020,Experian plc,2025,020_experian_plc_annual_report_2025.txt,AI and related technologies,generative AI,generative AI,24,Generative AI,"rated markets where we are ever-more tailored recommendations, which use AI, most relevant. open banking, and consumer-permissioned data. 5. Leverage advanced technologies, Generative AI and AI more 5. Reach new audiences: attract new customers and broadly to improve our product innovation and re-engineer re-engage existing members. our processes and costs to better position our businesses"
020,Experian plc,2025,020_experian_plc_annual_report_2025.txt,AI and related technologies,automation,automation,33,automation,"Annual Report 2025 33 Productivity • Scaling strategic initiatives • Operating leverage • End of dual-run costs • GenAI, automation and offshoring 30-50 basis points annual margin progression Trending to 7% capital expenditure (Capex) as a % of revenue Capital deployment • Organic, inorgan"
020,Experian plc,2025,020_experian_plc_annual_report_2025.txt,AI and related technologies,automation,automation,37,automation,"expand our offerings to help technology infrastructure, and productivity initiatives such as consumers navigate their financial lives. greater use of GenAI, automation and offshoring. We are on • We continue to focus on savings-intent consumers in track to materially complete our cloud technology transition North America, with our capabilities"
020,Experian plc,2025,020_experian_plc_annual_report_2025.txt,"Fairness, bias and ethics",fairness,fairness,46,fairness,"dd value • Employee assistance helpline Closer relationships with our suppliers, enabled through partnerships • Whistleblowing hotline and fairness, help us to uncover and realise new value, increase savings and reduce costs and risk of failure, as well as ensuring we comply How we add value"
020,Experian plc,2025,020_experian_plc_annual_report_2025.txt,"Fairness, bias and ethics",fairness,fairness,58,Fairness,1.4 8.10 9.3 ENABLED BY Treating data with respect Security Accuracy Fairness Transparency Inclusion SUPPORTED BY Our responsible business foundations Inspiring and supporting Working with Protec
020,Experian plc,2025,020_experian_plc_annual_report_2025.txt,"Fairness, bias and ethics",fairness,fairness,60,Fairness,"e use it, always in which small landowners represent 37%. compliance with legal requirements. We offer a range of solutions to help clients prevent fraud. On average, Fairness: We collect and use data fairly and for legitimate over 350,000 transactions a month are processed through CrossCore, our purposes, balancing privacy expectations with the social and integrated platform for fr"
020,Experian plc,2025,020_experian_plc_annual_report_2025.txt,AI and related technologies,machine learning,machine learning,60,machine learning,"are Experian Lift Premium enables lenders to score over two thirds of credit open about the data we collect, how we use it and who we invisibles in the USA by applying machine learning and other advanced share it with. And we use data to increase financial inclusionanalytics to additional datasets, regulated by the US Fair Credit Reporting Act ("
020,Experian plc,2025,020_experian_plc_annual_report_2025.txt,AI and related technologies,machine learning,machine learning,63,machine learning,"Intelligence (AI) At Experian, we champion the responsible use of AI, including machine learning and Generative AI (GenAI) to enhance productivity, drive innovation, and improve solutions for evolving customer and"
020,Experian plc,2025,020_experian_plc_annual_report_2025.txt,"Fairness, bias and ethics",bias,bias,65,bias,"year, including Pride celebrations across our regions, talks leaders within Experian through our extensive leadership developmentto consider racial bias in Latin America, and awards in EMEA and Asia programmes.Pacific to recognise colleagues’ contributions to our culture of inclusion and belonging."
020,Experian plc,2025,020_experian_plc_annual_report_2025.txt,AI and related technologies,artificial intelligence,artificial intelligence,83,Artificial Intelligence,"to an increasing number of events Office (GSO) has constantly updated processes, including those relating that have the potential to impact operations in a single location, to emerging threats, such as Generative Artificial Intelligence (GenAI). including extreme weather events, breakdowns in core infrastructure The Audit Committee was also briefed on the investment in people and or the emergence of a significant health-related event, we"
020,Experian plc,2025,020_experian_plc_annual_report_2025.txt,"Fairness, bias and ethics",bias,bias,161,bias,"made in making accounting estimates of fraud. The discussions also involved our forensic specialists to assist us are indicative of a potential bias. in identifying fraud risks based on discussions of the circumstances of the Group and Company, including consideration of fraudulent schemes that Work on the fraud risks was performed by a combination of compon"
